Using device: cuda
Scanning directory: /home/Student/s4743593/hipmri-gan-47435933/keras_slices_data/keras_slices_train
Found 11460 NIfTI files, extracting 2D slices...
Found 11460 valid 2D slices in /home/Student/s4743593/hipmri-gan-47435933/keras_slices_data/keras_slices_train
Scanning directory: /home/Student/s4743593/hipmri-gan-47435933/keras_slices_data/keras_slices_validate
Found 660 NIfTI files, extracting 2D slices...
Found 660 valid 2D slices in /home/Student/s4743593/hipmri-gan-47435933/keras_slices_data/keras_slices_validate
Scanning directory: /home/Student/s4743593/hipmri-gan-47435933/keras_slices_data/keras_slices_test
Found 540 NIfTI files, extracting 2D slices...
Found 540 valid 2D slices in /home/Student/s4743593/hipmri-gan-47435933/keras_slices_data/keras_slices_test
Training batches: 716
Validation batches: 41
Test batches: 33

Generator parameters: 5,002,817
Critic parameters: 6,960,321

==================================================
STARTING TRAINING
==================================================


============================================================
Epoch 1/300
============================================================
/home/Student/s4743593/miniconda3/envs/torch/lib/python3.13/site-packages/torch/autograd/graph.py:824: UserWarning: Attempting to run cuBLAS, but there was no current CUDA context! Attempting to set the primary context... (Triggered internally at /pytorch/aten/src/ATen/cuda/CublasHandlePool.cpp:181.)
  return Variable._execution_engine.run_backward(  # Calls into the C++ engine to run the backward pass
  [   0/716] G:  1.8258 | C: 444.3106 | WD:  0.1053
  [  50/716] G: 80.5678 | C: -133.4164 | WD: 166.2336
  [ 100/716] G: 116.9246 | C: -121.0790 | WD: 192.0429
  [ 150/716] G: 91.3163 | C: -57.3652 | WD: 92.4884
  [ 200/716] G: 78.1014 | C: -30.2506 | WD: 34.5644
  [ 250/716] G: 85.8696 | C: -28.2757 | WD: 42.5889
  [ 300/716] G: 77.4304 | C: -20.8194 | WD: 30.9606
  [ 350/716] G: 72.8889 | C: -17.6665 | WD: 25.3793
  [ 400/716] G: 73.0546 | C: -22.2808 | WD: 34.0240
  [ 450/716] G: 62.1258 | C: -23.7021 | WD: 29.7544
  [ 500/716] G: 94.3267 | C: -20.1795 | WD: 20.9479
  Saved sample images at batch 500
  [ 550/716] G: 71.0181 | C: -24.1036 | WD: 30.4254
  [ 600/716] G: 55.4630 | C: -19.3290 | WD: 26.2420
  [ 650/716] G: 58.7695 | C: -19.7405 | WD: 23.2531
  [ 700/716] G: 50.9303 | C: -19.0592 | WD: 21.3800

============================================================
Epoch 1/300 Summary:
  Generator Loss    : 67.1625
  Critic Loss       : -32.9769
  Wasserstein Dist  : 45.9112
  Quick SSIM Check  : 0.1508
============================================================


============================================================
Epoch 2/300
============================================================
  [   0/716] G: 69.1087 | C: -24.9099 | WD: 33.7403
  [  50/716] G: 69.1703 | C: -21.2144 | WD: 24.5577
  [ 100/716] G: 70.7948 | C: -4.3975 | WD: 33.5226
  [ 150/716] G: 76.5936 | C: -24.1759 | WD: 29.4979
  [ 200/716] G: 68.1138 | C: -26.0830 | WD: 33.1069
  [ 250/716] G: 90.0050 | C: -25.0666 | WD: 32.1773
  Saved sample images at batch 1000
  [ 300/716] G: 76.5159 | C: -20.5084 | WD: 37.7305
  [ 350/716] G: 82.5042 | C: -21.3096 | WD: 22.6452
  [ 400/716] G: 80.1298 | C: -21.5086 | WD: 28.4789
  [ 450/716] G: 62.8277 | C: -23.3056 | WD: 28.9809
  [ 500/716] G: 92.9674 | C: -20.8973 | WD: 22.6681
  [ 550/716] G: 79.4426 | C: -18.6020 | WD: 23.0302
  [ 600/716] G: 73.3105 | C: -13.7515 | WD: 14.3868
  [ 650/716] G: 78.1606 | C: -22.4633 | WD: 26.1038
  [ 700/716] G: 67.3485 | C: -15.0629 | WD: 20.7935

============================================================
Epoch 2/300 Summary:
  Generator Loss    : 73.8311
  Critic Loss       : -19.7216
  Wasserstein Dist  : 27.0021
  Quick SSIM Check  : 0.1538
============================================================


============================================================
Epoch 3/300
============================================================
  [   0/716] G: 87.0636 | C: -12.8359 | WD: 13.0648
  [  50/716] G: 74.6167 | C: -17.2857 | WD: 21.4973
  Saved sample images at batch 1500
  [ 100/716] G: 68.9386 | C: -14.7729 | WD: 26.1328
  [ 150/716] G: 68.1975 | C: -23.3191 | WD: 24.7026
  [ 200/716] G: 78.3786 | C: -13.5008 | WD: 14.0592
  [ 250/716] G: 74.7917 | C: -24.9238 | WD: 32.7999
  [ 300/716] G: 75.8057 | C: -21.7051 | WD: 30.3560
  [ 350/716] G: 75.9744 | C: -20.2101 | WD: 32.5650
  [ 400/716] G: 57.4138 | C: -28.3748 | WD: 33.3907
  [ 450/716] G: 68.0557 | C: -24.3197 | WD: 34.6689
  [ 500/716] G: 55.7496 | C: -24.4736 | WD: 31.2107
  [ 550/716] G: 83.4233 | C: -18.9880 | WD: 20.5336
  Saved sample images at batch 2000
  [ 600/716] G: 73.7987 | C: -19.2127 | WD: 36.1869
  [ 650/716] G: 65.0109 | C: -20.8660 | WD: 26.1800
  [ 700/716] G: 62.4903 | C: -14.9649 | WD: 27.9033

============================================================
Epoch 3/300 Summary:
  Generator Loss    : 73.1512
  Critic Loss       : -17.5905
  Wasserstein Dist  : 23.6967
  Quick SSIM Check  : 0.1519
============================================================


============================================================
Epoch 4/300
============================================================
  [   0/716] G: 55.0841 | C: -12.7981 | WD: 21.2832
  [  50/716] G: 66.0419 | C: -12.9074 | WD: 13.3560
  [ 100/716] G: 92.7135 | C: -23.6772 | WD: 25.9851
  [ 150/716] G: 61.3820 | C: -19.4614 | WD: 21.8151
  [ 200/716] G: 75.7891 | C: -14.3258 | WD: 14.8797
  [ 250/716] G: 68.0103 | C: -16.6381 | WD: 22.2934
  [ 300/716] G: 66.7329 | C: -14.2323 | WD: 28.0515
  [ 350/716] G: 66.5579 | C: -11.7906 | WD: 30.8556
  Saved sample images at batch 2500
  [ 400/716] G: 70.0629 | C: -12.1875 | WD: 14.8194
  [ 450/716] G: 98.8338 | C: -20.7419 | WD: 22.5053
  [ 500/716] G: 80.5294 | C: -20.0125 | WD: 25.3100
  [ 550/716] G: 63.5409 | C: -18.2237 | WD: 22.1054
  [ 600/716] G: 77.0393 | C: -16.7884 | WD: 22.5135
  [ 650/716] G: 65.8010 | C: -27.0885 | WD: 29.4991
  [ 700/716] G: 55.7427 | C: -23.4906 | WD: 29.4768

============================================================
Epoch 4/300 Summary:
  Generator Loss    : 70.0966
  Critic Loss       : -16.6287
  Wasserstein Dist  : 22.3264
  Quick SSIM Check  : 0.1585
============================================================


============================================================
Epoch 5/300
============================================================
  [   0/716] G: 57.5783 | C: -18.1806 | WD: 26.1142
  [  50/716] G: 69.6304 | C: -16.1155 | WD: 28.7650
  [ 100/716] G: 74.7907 | C: -18.2791 | WD: 25.4840
  Saved sample images at batch 3000
  [ 150/716] G: 70.9089 | C: -15.9008 | WD: 23.5950
  [ 200/716] G: 62.9379 | C: -18.3614 | WD: 29.2760
  [ 250/716] G: 75.2177 | C: -14.7813 | WD: 19.9685
  [ 300/716] G: 75.8479 | C: -16.1466 | WD: 17.9406
  [ 350/716] G: 60.3743 | C: -13.6151 | WD: 18.8717
  [ 400/716] G: 72.1357 | C: -21.1044 | WD: 27.6202
  [ 450/716] G: 68.6713 | C: -13.5862 | WD: 18.8007
  [ 500/716] G: 68.6983 | C: -23.5150 | WD: 32.1971
  [ 550/716] G: 74.2934 | C: -17.6776 | WD: 19.5331
  [ 600/716] G: 62.3065 | C: -14.8682 | WD: 27.3970
  Saved sample images at batch 3500
  [ 650/716] G: 73.8402 | C: -19.4128 | WD: 29.0305
  [ 700/716] G: 63.1928 | C: -13.9151 | WD: 14.0968

============================================================
Epoch 5/300 Summary:
  Generator Loss    : 69.7928
  Critic Loss       : -16.3013
  Wasserstein Dist  : 22.0187
  Quick SSIM Check  : 0.1592

────────────────────────────────────────────────────────────
Running validation...
  Validation SSIM   : 0.1606
  Target SSIM       : 0.6000
  Status            : ✗ Below target
────────────────────────────────────────────────────────────
  ★ Best model saved with SSIM: 0.1606
============================================================


============================================================
Epoch 6/300
============================================================
  [   0/716] G: 67.1234 | C: -12.9976 | WD: 14.1287
  [  50/716] G: 68.3288 | C: -17.1996 | WD: 23.1792
  [ 100/716] G: 75.5663 | C: -14.0074 | WD: 17.0363
  [ 150/716] G: 71.2904 | C: -19.4755 | WD: 23.5741
  [ 200/716] G: 53.1825 | C: -22.0219 | WD: 23.8734
  [ 250/716] G: 57.0888 | C: -24.2249 | WD: 26.2301
  [ 300/716] G: 82.2941 | C: -12.0916 | WD: 12.3232
  [ 350/716] G: 75.6078 | C: -20.5582 | WD: 23.6231
  [ 400/716] G: 69.3515 | C: -16.3126 | WD: 20.2478
  Saved sample images at batch 4000
  [ 450/716] G: 58.4402 | C: -17.3926 | WD: 24.2958
  [ 500/716] G: 89.5292 | C: -22.2061 | WD: 24.2868
  [ 550/716] G: 62.5285 | C: -14.9794 | WD: 26.6758
  [ 600/716] G: 64.4381 | C: -15.2128 | WD: 19.6259
  [ 650/716] G: 61.7535 | C: -14.1831 | WD: 18.2159
  [ 700/716] G: 64.2214 | C: -17.7524 | WD: 19.0335

============================================================
Epoch 6/300 Summary:
  Generator Loss    : 68.1449
  Critic Loss       : -16.0067
  Wasserstein Dist  : 21.5471
  Quick SSIM Check  : 0.1492
  Last SSIM: 0.1606 (Best: 0.1606)
============================================================


============================================================
Epoch 7/300
============================================================
  [   0/716] G: 75.2919 | C: -8.7174 | WD: 17.7882
  [  50/716] G: 61.6659 | C: -14.3458 | WD: 35.0295
  [ 100/716] G: 68.0781 | C: -8.9321 | WD:  9.4246
  [ 150/716] G: 67.8346 | C: -13.0573 | WD: 18.3527
  [ 200/716] G: 67.1864 | C: -21.7749 | WD: 26.3898
  Saved sample images at batch 4500
  [ 250/716] G: 53.4234 | C: -25.5531 | WD: 34.0325
  [ 300/716] G: 58.3849 | C: -15.0972 | WD: 17.3123
  [ 350/716] G: 59.9345 | C: -11.8030 | WD: 31.4756
  [ 400/716] G: 70.6347 | C: -14.9000 | WD: 19.4279
  [ 450/716] G: 70.0228 | C: -17.7446 | WD: 25.7451
  [ 500/716] G: 66.5129 | C: -14.5965 | WD: 22.4464
  [ 550/716] G: 55.2680 | C: -19.9373 | WD: 27.8004
  [ 600/716] G: 59.4437 | C: -28.5707 | WD: 38.1248
  [ 650/716] G: 58.2769 | C: -19.5574 | WD: 23.7959
  [ 700/716] G: 69.5947 | C: -18.1448 | WD: 20.4785
  Saved sample images at batch 5000

============================================================
Epoch 7/300 Summary:
  Generator Loss    : 65.1270
  Critic Loss       : -15.8714
  Wasserstein Dist  : 21.5235
  Quick SSIM Check  : 0.1593
  Last SSIM: 0.1606 (Best: 0.1606)
============================================================


============================================================
Epoch 8/300
============================================================
  [   0/716] G: 61.8212 | C: -17.8737 | WD: 25.0243
  [  50/716] G: 55.7409 | C: -13.8209 | WD: 19.6846
  [ 100/716] G: 49.9583 | C: -16.0554 | WD: 18.3251
  [ 150/716] G: 60.0306 | C: -16.6204 | WD: 19.8883
  [ 200/716] G: 53.8091 | C: -24.6719 | WD: 28.1167
  [ 250/716] G: 59.6359 | C: -18.7229 | WD: 22.3137
  [ 300/716] G: 70.9459 | C: -19.3096 | WD: 22.3715
  [ 350/716] G: 60.9012 | C: -11.6683 | WD: 24.2397
  [ 400/716] G: 65.1526 | C: -15.1439 | WD: 27.7253
  [ 450/716] G: 54.7049 | C: -13.4557 | WD: 15.6697
  Saved sample images at batch 5500
  [ 500/716] G: 54.9635 | C: -17.0953 | WD: 22.8975
  [ 550/716] G: 54.0303 | C: -19.2570 | WD: 29.7262
  [ 600/716] G: 68.7298 | C: -15.3916 | WD: 21.5718
  [ 650/716] G: 66.9665 | C: -20.7312 | WD: 22.6134
  [ 700/716] G: 55.3759 | C: -20.8642 | WD: 26.1002

============================================================
Epoch 8/300 Summary:
  Generator Loss    : 60.5008
  Critic Loss       : -15.5650
  Wasserstein Dist  : 21.1020
  Quick SSIM Check  : 0.1626
  Last SSIM: 0.1606 (Best: 0.1606)
============================================================


============================================================
Epoch 9/300
============================================================
  [   0/716] G: 54.8381 | C: -11.9382 | WD: 13.1276
  [  50/716] G: 55.1857 | C: -13.5378 | WD: 20.1759
  [ 100/716] G: 62.8904 | C: -11.9694 | WD: 19.7336
  [ 150/716] G: 46.5139 | C: -19.6007 | WD: 24.1981
  [ 200/716] G: 62.7106 | C: -15.2942 | WD: 21.6068
  [ 250/716] G: 55.8937 | C: -17.0521 | WD: 21.0223
  Saved sample images at batch 6000
  [ 300/716] G: 55.3543 | C: -22.1119 | WD: 27.5346
  [ 350/716] G: 58.9930 | C: -14.3059 | WD: 17.6002
  [ 400/716] G: 54.8731 | C: -13.8224 | WD: 14.1806
  [ 450/716] G: 59.0186 | C: -9.9174 | WD: 15.2264
  [ 500/716] G: 54.9708 | C: -19.0225 | WD: 21.7875
  [ 550/716] G: 61.0151 | C: -9.9828 | WD: 19.2296
  [ 600/716] G: 57.3526 | C: -17.2087 | WD: 19.5161
  [ 650/716] G: 63.1082 | C: -17.2906 | WD: 22.1456
  [ 700/716] G: 50.6640 | C: -18.1764 | WD: 19.9883

============================================================
Epoch 9/300 Summary:
  Generator Loss    : 56.7450
  Critic Loss       : -15.4232
  Wasserstein Dist  : 20.8910
  Quick SSIM Check  : 0.1661
  Last SSIM: 0.1606 (Best: 0.1606)
============================================================


============================================================
Epoch 10/300
============================================================
  [   0/716] G: 53.0455 | C: -18.7166 | WD: 21.6066
  [  50/716] G: 57.6274 | C: -10.3244 | WD: 18.5481
  Saved sample images at batch 6500
  [ 100/716] G: 54.9431 | C: -14.4975 | WD: 15.9044
  [ 150/716] G: 47.9453 | C: -14.0175 | WD: 18.6596
  [ 200/716] G: 56.9050 | C: -20.6703 | WD: 22.8804
  [ 250/716] G: 56.7197 | C: -10.7905 | WD: 13.3529
  [ 300/716] G: 58.3270 | C: -13.2990 | WD: 16.1397
  [ 350/716] G: 51.5312 | C: -15.9751 | WD: 29.9451
  [ 400/716] G: 58.8905 | C: -9.6844 | WD: 12.7069
  [ 450/716] G: 51.0824 | C: -16.6925 | WD: 20.7020
  [ 500/716] G: 53.0439 | C: -19.8996 | WD: 26.3595
  [ 550/716] G: 45.3370 | C: -13.9112 | WD: 15.8620
  Saved sample images at batch 7000
  [ 600/716] G: 52.9311 | C: -18.3700 | WD: 25.2974
  [ 650/716] G: 53.3849 | C: -16.9719 | WD: 19.4913
  [ 700/716] G: 52.0946 | C: -15.6885 | WD: 22.1270

============================================================
Epoch 10/300 Summary:
  Generator Loss    : 53.8898
  Critic Loss       : -14.9509
  Wasserstein Dist  : 20.3053
  Quick SSIM Check  : 0.1616

────────────────────────────────────────────────────────────
Running validation...
  Validation SSIM   : 0.1554
  Target SSIM       : 0.6000
  Status            : ✗ Below target
────────────────────────────────────────────────────────────
============================================================


============================================================
Epoch 11/300
============================================================
  [   0/716] G: 50.5029 | C: -6.8475 | WD: 12.9308
  [  50/716] G: 46.5470 | C: -15.3891 | WD: 18.8748
  [ 100/716] G: 58.0661 | C: -20.8864 | WD: 28.9415
  [ 150/716] G: 47.6815 | C: -14.5552 | WD: 19.0399
  [ 200/716] G: 41.5881 | C: -20.2527 | WD: 30.8390
  [ 250/716] G: 57.0540 | C: -13.3634 | WD: 14.3011
  [ 300/716] G: 44.0250 | C: -9.4247 | WD: 15.4648
  Saved sample images at batch 7500
  [ 350/716] G: 44.7549 | C: -17.5084 | WD: 23.0994
  [ 400/716] G: 48.6868 | C: -14.2217 | WD: 19.3284
  [ 450/716] G: 54.2146 | C: -12.1197 | WD: 15.0823
  [ 500/716] G: 42.1086 | C: -25.1079 | WD: 32.7589
  [ 550/716] G: 53.9023 | C: -16.9270 | WD: 20.4465
  [ 600/716] G: 62.6394 | C: -17.1988 | WD: 19.9020
  [ 650/716] G: 49.6097 | C: -20.2896 | WD: 24.2370
  [ 700/716] G: 60.1297 | C: -14.1466 | WD: 16.8894

============================================================
Epoch 11/300 Summary:
  Generator Loss    : 49.5433
  Critic Loss       : -14.9214
  Wasserstein Dist  : 20.2224
  Quick SSIM Check  : 0.1588
  Last SSIM: 0.1554 (Best: 0.1606)
============================================================


============================================================
Epoch 12/300
============================================================
  [   0/716] G: 50.5568 | C: -21.0154 | WD: 25.9748
  [  50/716] G: 42.2755 | C: -16.8178 | WD: 27.1160
  [ 100/716] G: 40.6138 | C: -16.3184 | WD: 21.2281
  Saved sample images at batch 8000
  [ 150/716] G: 50.7033 | C: -11.2967 | WD: 18.8777
  [ 200/716] G: 46.7278 | C: -11.1434 | WD: 16.9843
  [ 250/716] G: 51.0188 | C: -14.0877 | WD: 15.4110
  [ 300/716] G: 51.4896 | C: -15.4768 | WD: 15.9771
  [ 350/716] G: 62.7022 | C: -16.9630 | WD: 19.7569
  [ 400/716] G: 44.7116 | C: -12.4853 | WD: 23.9503
  [ 450/716] G: 50.5113 | C: -13.7820 | WD: 14.9565
  [ 500/716] G: 47.7728 | C: -11.6297 | WD: 18.1203
  [ 550/716] G: 48.9474 | C: -20.6294 | WD: 24.2367
  [ 600/716] G: 44.4734 | C: -12.5070 | WD: 24.9789
  Saved sample images at batch 8500
  [ 650/716] G: 51.0668 | C: -11.7259 | WD: 12.0029
  [ 700/716] G: 45.3890 | C: -12.9741 | WD: 19.7598

============================================================
Epoch 12/300 Summary:
  Generator Loss    : 48.8128
  Critic Loss       : -14.4406
  Wasserstein Dist  : 19.4535
  Quick SSIM Check  : 0.1593
  Last SSIM: 0.1554 (Best: 0.1606)
============================================================


============================================================
Epoch 13/300
============================================================
  [   0/716] G: 55.3806 | C: -18.8749 | WD: 20.8722
  [  50/716] G: 51.2973 | C: -13.1201 | WD: 19.7404
  [ 100/716] G: 52.6879 | C: -14.7391 | WD: 19.0915
  [ 150/716] G: 47.5826 | C: -16.9701 | WD: 21.4707
  [ 200/716] G: 47.0489 | C: -16.9481 | WD: 26.7341
  [ 250/716] G: 47.0594 | C: -15.7864 | WD: 18.4207
  [ 300/716] G: 52.2239 | C: -16.7117 | WD: 21.9299
  [ 350/716] G: 48.1706 | C: -16.0652 | WD: 20.4401
  [ 400/716] G: 45.9616 | C: -15.4358 | WD: 19.9084
  Saved sample images at batch 9000
  [ 450/716] G: 48.1870 | C: -14.6410 | WD: 21.4136
  [ 500/716] G: 50.0516 | C: -14.7812 | WD: 17.8717
  [ 550/716] G: 56.9505 | C: -20.8968 | WD: 25.1826
  [ 600/716] G: 50.5774 | C: -16.3076 | WD: 16.8032
  [ 650/716] G: 49.8784 | C: -17.6094 | WD: 19.8225
  [ 700/716] G: 42.2041 | C: -8.8903 | WD: 26.4759

============================================================
Epoch 13/300 Summary:
  Generator Loss    : 48.7051
  Critic Loss       : -14.2175
  Wasserstein Dist  : 19.3302
  Quick SSIM Check  : 0.1630
  Last SSIM: 0.1554 (Best: 0.1606)
============================================================


============================================================
Epoch 14/300
============================================================
  [   0/716] G: 48.7522 | C: -14.5429 | WD: 15.2612
  [  50/716] G: 57.6435 | C: -13.9925 | WD: 29.0257
  [ 100/716] G: 46.2874 | C: -15.0956 | WD: 19.1451
  [ 150/716] G: 52.3200 | C: -11.4143 | WD: 15.8565
  Saved sample images at batch 9500
  [ 200/716] G: 43.4591 | C: -11.8158 | WD: 11.9806
  [ 250/716] G: 46.0213 | C: -16.2812 | WD: 24.8119
  [ 300/716] G: 41.2315 | C: -13.8068 | WD: 22.4588
  [ 350/716] G: 44.9404 | C: -14.7575 | WD: 17.4682
  [ 400/716] G: 46.0422 | C: -11.5564 | WD: 11.9232
  [ 450/716] G: 43.4872 | C: -12.4391 | WD: 19.0087
  [ 500/716] G: 50.8151 | C: -16.2283 | WD: 17.8539
  [ 550/716] G: 43.2864 | C: -15.6321 | WD: 16.3946
  [ 600/716] G: 43.6664 | C: -16.1218 | WD: 22.2359
  [ 650/716] G: 50.8453 | C: -14.9908 | WD: 20.4757
  Saved sample images at batch 10000
  [ 700/716] G: 52.5918 | C: -7.9199 | WD: 12.5040

============================================================
Epoch 14/300 Summary:
  Generator Loss    : 47.2681
  Critic Loss       : -13.7960
  Wasserstein Dist  : 18.6174
  Quick SSIM Check  : 0.1609
  Last SSIM: 0.1554 (Best: 0.1606)
============================================================


============================================================
Epoch 15/300
============================================================
  [   0/716] G: 44.5821 | C: -10.7175 | WD: 11.7109
  [  50/716] G: 48.5113 | C: -8.8382 | WD: 13.7748
  [ 100/716] G: 47.6747 | C: -12.9743 | WD: 14.7392
  [ 150/716] G: 50.8120 | C: -15.2936 | WD: 18.0022
  [ 200/716] G: 46.5257 | C: -13.8465 | WD: 15.7387
  [ 250/716] G: 57.0430 | C: -20.0290 | WD: 23.6440
  [ 300/716] G: 48.6638 | C: -14.7287 | WD: 19.1382
  [ 350/716] G: 48.7190 | C: -13.2233 | WD: 15.7162
  [ 400/716] G: 53.5284 | C: -13.7295 | WD: 19.4836
  [ 450/716] G: 46.6371 | C: -15.1693 | WD: 16.6276
  Saved sample images at batch 10500
  [ 500/716] G: 41.2526 | C: -25.3428 | WD: 33.4309
  [ 550/716] G: 45.0990 | C: -19.7658 | WD: 21.5432
  [ 600/716] G: 41.3643 | C: -14.4412 | WD: 25.4281
  [ 650/716] G: 49.2258 | C: -12.8543 | WD: 18.6810
  [ 700/716] G: 45.4100 | C: -9.5332 | WD:  9.9088

============================================================
Epoch 15/300 Summary:
  Generator Loss    : 46.3780
  Critic Loss       : -13.4785
  Wasserstein Dist  : 18.0584
  Quick SSIM Check  : 0.1516

────────────────────────────────────────────────────────────
Running validation...
  Validation SSIM   : 0.1577
  Target SSIM       : 0.6000
  Status            : ✗ Below target
────────────────────────────────────────────────────────────
============================================================


============================================================
Epoch 16/300
============================================================
  [   0/716] G: 43.8717 | C: -16.7839 | WD: 20.6198
  [  50/716] G: 48.7126 | C: -11.5587 | WD: 15.5232
  [ 100/716] G: 46.8255 | C: -11.1972 | WD: 15.5750
  [ 150/716] G: 46.5874 | C: -11.8218 | WD: 12.2181
  [ 200/716] G: 35.2873 | C: -16.0339 | WD: 19.2689
  [ 250/716] G: 41.8577 | C: -12.5910 | WD: 20.7538
  Saved sample images at batch 11000
  [ 300/716] G: 35.2836 | C: -10.1180 | WD: 25.8584
  [ 350/716] G: 41.4742 | C: -15.6356 | WD: 20.2639
  [ 400/716] G: 42.5041 | C: -16.9197 | WD: 25.6981
  [ 450/716] G: 44.3315 | C: -13.3607 | WD: 16.7343
  [ 500/716] G: 40.6065 | C: -18.5728 | WD: 22.1060
  [ 550/716] G: 48.5911 | C: -18.3430 | WD: 20.0397
  [ 600/716] G: 36.8785 | C: -15.9244 | WD: 19.0693
  [ 650/716] G: 38.6068 | C: -15.2787 | WD: 17.4463
  [ 700/716] G: 48.4607 | C: -20.2828 | WD: 22.8858

============================================================
Epoch 16/300 Summary:
  Generator Loss    : 43.5430
  Critic Loss       : -13.3757
  Wasserstein Dist  : 17.9796
  Quick SSIM Check  : 0.1651
  Last SSIM: 0.1577 (Best: 0.1606)
============================================================


============================================================
Epoch 17/300
============================================================
  [   0/716] G: 36.9260 | C: -7.1318 | WD: 27.1766
  Saved sample images at batch 11500
  [  50/716] G: 41.0908 | C: -9.5100 | WD: 21.4177
  [ 100/716] G: 50.9924 | C: -14.1833 | WD: 17.5204
  [ 150/716] G: 43.0536 | C: -11.6259 | WD: 16.1315
  [ 200/716] G: 49.1793 | C: -9.8549 | WD: 11.6971
  [ 250/716] G: 45.8485 | C: -20.6243 | WD: 24.6398
  [ 300/716] G: 43.8652 | C: -8.3645 | WD: 24.7523
  [ 350/716] G: 48.4654 | C: -16.8361 | WD: 19.5084
  [ 400/716] G: 44.9945 | C: -12.3369 | WD: 16.2663
  [ 450/716] G: 45.0720 | C: -13.8343 | WD: 18.8825
  [ 500/716] G: 41.1294 | C: -12.8450 | WD: 15.1175
  Saved sample images at batch 12000
  [ 550/716] G: 52.5742 | C: -13.6712 | WD: 16.4076
  [ 600/716] G: 46.4821 | C: -12.1805 | WD: 13.3634
  [ 650/716] G: 34.6511 | C: -15.9792 | WD: 23.2211
  [ 700/716] G: 46.8053 | C: -14.7004 | WD: 18.4203

============================================================
Epoch 17/300 Summary:
  Generator Loss    : 43.8660
  Critic Loss       : -13.0297
  Wasserstein Dist  : 17.6311
  Quick SSIM Check  : 0.1610
  Last SSIM: 0.1577 (Best: 0.1606)
============================================================


============================================================
Epoch 18/300
============================================================
  [   0/716] G: 43.2907 | C: -12.9683 | WD: 15.8966
  [  50/716] G: 39.4316 | C: -14.4223 | WD: 23.8922
  [ 100/716] G: 37.8088 | C: -17.7302 | WD: 23.6421
  [ 150/716] G: 44.7315 | C: -12.1474 | WD: 14.3439
  [ 200/716] G: 39.5467 | C: -4.4272 | WD: 21.4982
  [ 250/716] G: 54.7299 | C: -13.5237 | WD: 13.6912
  [ 300/716] G: 47.9271 | C: -12.9032 | WD: 17.9556
  Saved sample images at batch 12500
  [ 350/716] G: 42.3740 | C: -16.7791 | WD: 23.1484
  [ 400/716] G: 44.7760 | C: -13.1818 | WD: 20.8009
  [ 450/716] G: 41.4529 | C: -17.0001 | WD: 19.8585
  [ 500/716] G: 43.3493 | C: -11.5458 | WD: 11.9998
  [ 550/716] G: 44.5840 | C: -12.2016 | WD: 14.1660
  [ 600/716] G: 48.6941 | C: -8.8753 | WD: 12.5879
  [ 650/716] G: 47.0438 | C: -9.6712 | WD: 22.8689
  [ 700/716] G: 38.0172 | C: -13.4681 | WD: 21.3165

============================================================
Epoch 18/300 Summary:
  Generator Loss    : 44.0151
  Critic Loss       : -13.0400
  Wasserstein Dist  : 17.3867
  Quick SSIM Check  : 0.1584
  Last SSIM: 0.1577 (Best: 0.1606)
============================================================


============================================================
Epoch 19/300
============================================================
  [   0/716] G: 45.8795 | C: -11.1353 | WD: 14.0483
  [  50/716] G: 39.9440 | C: -7.9621 | WD: 18.5649
  [ 100/716] G: 55.6333 | C: -13.3378 | WD: 20.4489
  Saved sample images at batch 13000
  [ 150/716] G: 43.0132 | C: -16.2121 | WD: 17.5359
  [ 200/716] G: 43.2450 | C: -14.1585 | WD: 20.2470
  [ 250/716] G: 43.3015 | C: -11.0836 | WD: 11.3610
  [ 300/716] G: 42.1831 | C: -13.5697 | WD: 18.1184
  [ 350/716] G: 38.1768 | C: -14.5110 | WD: 21.2312
  [ 400/716] G: 46.9769 | C: -10.9013 | WD: 12.8998
  [ 450/716] G: 45.2412 | C: -11.6981 | WD: 14.9945
  [ 500/716] G: 43.5517 | C: -14.0047 | WD: 20.4229
  [ 550/716] G: 43.2831 | C: -14.7245 | WD: 18.7560
  [ 600/716] G: 32.3608 | C: -16.9916 | WD: 19.0187
  Saved sample images at batch 13500
  [ 650/716] G: 46.4466 | C: -13.3243 | WD: 14.1279
  [ 700/716] G: 34.4852 | C: -13.8827 | WD: 20.1998

============================================================
Epoch 19/300 Summary:
  Generator Loss    : 41.4622
  Critic Loss       : -12.8000
  Wasserstein Dist  : 17.1412
  Quick SSIM Check  : 0.1531
  Last SSIM: 0.1577 (Best: 0.1606)
============================================================


============================================================
Epoch 20/300
============================================================
  [   0/716] G: 34.1762 | C: -17.0332 | WD: 17.3727
  [  50/716] G: 35.1915 | C: -12.2929 | WD: 14.1786
  [ 100/716] G: 46.4545 | C: -14.0216 | WD: 14.6133
  [ 150/716] G: 44.7100 | C: -15.6142 | WD: 19.3528
  [ 200/716] G: 38.9833 | C: -15.5468 | WD: 18.5167
  [ 250/716] G: 38.7650 | C: -11.0128 | WD: 11.4748
  [ 300/716] G: 41.5346 | C: -13.1454 | WD: 18.4247
  [ 350/716] G: 52.7226 | C: -16.0248 | WD: 20.0101
  Saved sample images at batch 14000
  [ 400/716] G: 39.0893 | C: -12.6021 | WD: 17.6427
  [ 450/716] G: 42.6035 | C: -12.3225 | WD: 15.0764
  [ 500/716] G: 41.8074 | C: -14.1991 | WD: 15.7737
  [ 550/716] G: 38.9171 | C: -8.1879 | WD: 19.1190
  [ 600/716] G: 37.1655 | C: -10.2306 | WD: 14.2700
  [ 650/716] G: 35.7583 | C: -12.5302 | WD: 15.3044
  [ 700/716] G: 35.8812 | C: -14.7119 | WD: 15.3160

============================================================
Epoch 20/300 Summary:
  Generator Loss    : 40.2239
  Critic Loss       : -12.7288
  Wasserstein Dist  : 16.9748
  Quick SSIM Check  : 0.1655

────────────────────────────────────────────────────────────
Running validation...
  Validation SSIM   : 0.1608
  Target SSIM       : 0.6000
  Status            : ✗ Below target
────────────────────────────────────────────────────────────
  ★ Best model saved with SSIM: 0.1608
============================================================

Checkpoint saved at epoch 20


============================================================
Epoch 21/300
============================================================
  [   0/716] G: 39.8248 | C: -11.0697 | WD: 18.0604
  [  50/716] G: 40.1694 | C: -11.6909 | WD: 14.1962
  [ 100/716] G: 40.5411 | C: -10.7528 | WD: 15.0064
  [ 150/716] G: 39.3477 | C: -12.1348 | WD: 14.1440
  Saved sample images at batch 14500
  [ 200/716] G: 48.5945 | C: -20.3922 | WD: 26.4826
  [ 250/716] G: 35.7782 | C: -12.7584 | WD: 14.9854
  [ 300/716] G: 33.9864 | C: -14.8143 | WD: 16.8400
  [ 350/716] G: 35.0885 | C: -13.6480 | WD: 20.9204
  [ 400/716] G: 37.0588 | C: -13.8113 | WD: 14.5214
  [ 450/716] G: 37.0928 | C: -16.1492 | WD: 18.5372
  [ 500/716] G: 34.2826 | C: -8.0142 | WD: 17.9519
  [ 550/716] G: 32.0982 | C: -13.2878 | WD: 18.7505
  [ 600/716] G: 30.4612 | C: -16.1214 | WD: 18.2214
  [ 650/716] G: 36.8049 | C: -18.4136 | WD: 20.0654
  Saved sample images at batch 15000
  [ 700/716] G: 38.0806 | C: -11.4497 | WD: 13.3254

============================================================
Epoch 21/300 Summary:
  Generator Loss    : 37.5913
  Critic Loss       : -12.5490
  Wasserstein Dist  : 16.6420
  Quick SSIM Check  : 0.1574
  Last SSIM: 0.1608 (Best: 0.1608)
============================================================


============================================================
Epoch 22/300
============================================================
  [   0/716] G: 37.1801 | C: -13.0975 | WD: 15.8964
  [  50/716] G: 40.1764 | C: -17.9370 | WD: 20.4506
  [ 100/716] G: 37.9667 | C: -17.2639 | WD: 24.1340
  [ 150/716] G: 37.2489 | C: -13.1136 | WD: 15.0856
  [ 200/716] G: 36.4414 | C: -16.3781 | WD: 18.9037
  [ 250/716] G: 37.0447 | C: -14.1169 | WD: 27.5032
  [ 300/716] G: 31.4874 | C: -6.3302 | WD: 14.6946
  [ 350/716] G: 40.0723 | C: -13.2258 | WD: 14.6308
  [ 400/716] G: 33.9199 | C: -17.3652 | WD: 19.8125
  [ 450/716] G: 40.6853 | C: -10.0906 | WD: 18.5624
  Saved sample images at batch 15500
  [ 500/716] G: 37.3070 | C: -16.8582 | WD: 19.6320
  [ 550/716] G: 38.7999 | C: -14.0815 | WD: 21.2459
  [ 600/716] G: 33.4577 | C: -13.1387 | WD: 22.1602
  [ 650/716] G: 36.3251 | C: -8.1914 | WD: 15.5815
  [ 700/716] G: 35.8909 | C: -6.9099 | WD: 16.7781

============================================================
Epoch 22/300 Summary:
  Generator Loss    : 36.7964
  Critic Loss       : -12.4791
  Wasserstein Dist  : 16.6206
  Quick SSIM Check  : 0.1470
  Last SSIM: 0.1608 (Best: 0.1608)
============================================================


============================================================
Epoch 23/300
============================================================
  [   0/716] G: 43.8369 | C: -14.6867 | WD: 17.1110
  [  50/716] G: 35.0932 | C: -13.7235 | WD: 14.7664
  [ 100/716] G: 37.2634 | C: -13.4458 | WD: 15.6320
  [ 150/716] G: 38.9242 | C: -14.3221 | WD: 17.1609
  [ 200/716] G: 28.3892 | C: -14.9873 | WD: 15.9886
  Saved sample images at batch 16000
  [ 250/716] G: 33.8601 | C: -7.8882 | WD: 20.2389
  [ 300/716] G: 30.0941 | C: -18.8492 | WD: 21.5143
  [ 350/716] G: 31.9469 | C: -14.3596 | WD: 17.6946
  [ 400/716] G: 36.5975 | C: -15.6736 | WD: 21.7501
  [ 450/716] G: 35.1654 | C: -7.7191 | WD: 14.4417
  [ 500/716] G: 34.0020 | C: -15.3303 | WD: 18.9826
  [ 550/716] G: 34.7735 | C: -15.7842 | WD: 18.5591
  [ 600/716] G: 34.3715 | C: -12.5114 | WD: 13.8251
  [ 650/716] G: 36.7692 | C: -17.2472 | WD: 20.8764
  [ 700/716] G: 34.6034 | C: -12.4193 | WD: 27.8887

============================================================
Epoch 23/300 Summary:
  Generator Loss    : 36.5186
  Critic Loss       : -12.5417
  Wasserstein Dist  : 16.7039
  Quick SSIM Check  : 0.1544
  Last SSIM: 0.1608 (Best: 0.1608)
============================================================


============================================================
Epoch 24/300
============================================================
  [   0/716] G: 35.7745 | C: -4.9387 | WD: 13.3612
  Saved sample images at batch 16500
  [  50/716] G: 37.9733 | C: -7.4594 | WD: 14.8605
  [ 100/716] G: 34.2692 | C: -10.4421 | WD: 14.8028
  [ 150/716] G: 39.2181 | C: -16.3727 | WD: 24.8061
  [ 200/716] G: 38.1079 | C: -6.4581 | WD: 15.1777
  [ 250/716] G: 39.4580 | C: -8.4210 | WD: 14.2603
  [ 300/716] G: 32.5211 | C: -11.6890 | WD: 14.0459
  [ 350/716] G: 38.3513 | C: -11.5126 | WD: 13.9233
  [ 400/716] G: 32.3243 | C: -10.2712 | WD: 15.4702
  [ 450/716] G: 31.8712 | C: -15.1556 | WD: 20.9367
  [ 500/716] G: 43.2557 | C: -14.1032 | WD: 20.4409
  Saved sample images at batch 17000
  [ 550/716] G: 42.6562 | C: -18.9995 | WD: 21.8165
  [ 600/716] G: 32.3134 | C: -5.5028 | WD:  8.3671
  [ 650/716] G: 39.8296 | C: -15.5614 | WD: 18.7477
  [ 700/716] G: 33.7153 | C: -11.5658 | WD: 14.4866

============================================================
Epoch 24/300 Summary:
  Generator Loss    : 36.3365
  Critic Loss       : -12.5567
  Wasserstein Dist  : 16.7877
  Quick SSIM Check  : 0.1548
  Last SSIM: 0.1608 (Best: 0.1608)
============================================================


============================================================
Epoch 25/300
============================================================
  [   0/716] G: 36.3874 | C: -17.2402 | WD: 23.8342
  [  50/716] G: 38.5282 | C: -11.1752 | WD: 13.0351
  [ 100/716] G: 34.2029 | C: -14.6702 | WD: 21.0049
  [ 150/716] G: 32.4584 | C: -9.0446 | WD: 15.9058
  [ 200/716] G: 34.6598 | C: -12.4540 | WD: 17.9850
  [ 250/716] G: 34.2785 | C: -8.1498 | WD: 20.1530
  [ 300/716] G: 37.9531 | C: -14.7920 | WD: 18.0082
  Saved sample images at batch 17500
  [ 350/716] G: 38.6791 | C: -3.8078 | WD:  8.3785
  [ 400/716] G: 30.2390 | C: -18.5855 | WD: 20.8064
  [ 450/716] G: 26.4954 | C: -16.1300 | WD: 17.7092
  [ 500/716] G: 32.6282 | C: -8.5576 | WD: 15.0214
  [ 550/716] G: 32.2538 | C: -13.0848 | WD: 15.7139
  [ 600/716] G: 37.6131 | C: -10.1722 | WD: 11.6889
  [ 650/716] G: 31.4972 | C: -14.3055 | WD: 16.7909
  [ 700/716] G: 32.0586 | C: -12.5223 | WD: 13.7022

============================================================
Epoch 25/300 Summary:
  Generator Loss    : 35.2529
  Critic Loss       : -12.3014
  Wasserstein Dist  : 16.3976
  Quick SSIM Check  : 0.1625

────────────────────────────────────────────────────────────
Running validation...
  Validation SSIM   : 0.1643
  Target SSIM       : 0.6000
  Status            : ✗ Below target
────────────────────────────────────────────────────────────
  ★ Best model saved with SSIM: 0.1643
============================================================


============================================================
Epoch 26/300
============================================================
  [   0/716] G: 28.4780 | C: -16.4359 | WD: 19.7604
  [  50/716] G: 36.9573 | C: -8.8288 | WD: 10.3713
  [ 100/716] G: 31.3447 | C: -18.3140 | WD: 26.4080
  Saved sample images at batch 18000
  [ 150/716] G: 38.5966 | C: -11.3823 | WD: 13.6122
  [ 200/716] G: 30.0993 | C: -10.5265 | WD: 18.2446
  [ 250/716] G: 29.8304 | C: -13.4090 | WD: 17.3985
  [ 300/716] G: 33.4961 | C: -12.1842 | WD: 16.9394
  [ 350/716] G: 39.2040 | C: -13.4864 | WD: 15.0494
  [ 400/716] G: 43.4798 | C: -17.7152 | WD: 21.3853
  [ 450/716] G: 33.5860 | C: -11.8836 | WD: 17.4618
  [ 500/716] G: 38.3171 | C: -9.0144 | WD: 11.0384
  [ 550/716] G: 31.3854 | C: -14.3317 | WD: 20.5942
  [ 600/716] G: 32.7781 | C: -17.5291 | WD: 22.2811
  Saved sample images at batch 18500
  [ 650/716] G: 28.7893 | C: -14.2074 | WD: 21.3592
  [ 700/716] G: 27.8715 | C: -13.7774 | WD: 14.0496

============================================================
Epoch 26/300 Summary:
  Generator Loss    : 33.4965
  Critic Loss       : -12.2570
  Wasserstein Dist  : 16.3134
  Quick SSIM Check  : 0.1591
  Last SSIM: 0.1643 (Best: 0.1643)
============================================================


============================================================
Epoch 27/300
============================================================
  [   0/716] G: 31.6722 | C: -14.8127 | WD: 16.1167
  [  50/716] G: 32.5517 | C: -14.1327 | WD: 17.7064
  [ 100/716] G: 32.3957 | C: -14.9230 | WD: 19.2102
  [ 150/716] G: 39.0517 | C: -12.9550 | WD: 20.7959
  [ 200/716] G: 36.1786 | C: -14.6746 | WD: 21.2628
  [ 250/716] G: 33.6880 | C: -10.5357 | WD: 15.6179
  [ 300/716] G: 27.4506 | C: -16.6631 | WD: 17.4568
  [ 350/716] G: 33.8877 | C: -8.8742 | WD: 13.9152
  Saved sample images at batch 19000
  [ 400/716] G: 33.5532 | C: -17.5462 | WD: 21.3897
  [ 450/716] G: 36.7938 | C: -15.4804 | WD: 19.2464
  [ 500/716] G: 32.3836 | C: -14.6834 | WD: 23.9921
  [ 550/716] G: 34.0979 | C: -17.6970 | WD: 20.9501
  [ 600/716] G: 32.5005 | C: -10.2033 | WD: 14.0147
  [ 650/716] G: 32.8666 | C: -12.8179 | WD: 27.3850
  [ 700/716] G: 26.2544 | C: -19.9334 | WD: 23.1682

============================================================
Epoch 27/300 Summary:
  Generator Loss    : 32.9038
  Critic Loss       : -12.3450
  Wasserstein Dist  : 16.4955
  Quick SSIM Check  : 0.1632
  Last SSIM: 0.1643 (Best: 0.1643)
============================================================


============================================================
Epoch 28/300
============================================================
  [   0/716] G: 28.4395 | C: -11.3192 | WD: 11.6166
  [  50/716] G: 30.5675 | C: -14.0256 | WD: 21.1181
  [ 100/716] G: 29.7293 | C: -18.0118 | WD: 20.0218
  [ 150/716] G: 37.5465 | C: -15.3841 | WD: 17.6357
  Saved sample images at batch 19500
  [ 200/716] G: 28.5847 | C: -17.5305 | WD: 22.8544
  [ 250/716] G: 39.2804 | C: -12.3204 | WD: 12.9637
  [ 300/716] G: 36.7151 | C: -14.5492 | WD: 15.3162
  [ 350/716] G: 35.8992 | C: -13.1228 | WD: 18.2082
  [ 400/716] G: 34.3074 | C: -17.8817 | WD: 19.1407
  [ 450/716] G: 30.8849 | C: -13.5103 | WD: 21.2559
  [ 500/716] G: 35.3452 | C: -10.1467 | WD: 10.8534
  [ 550/716] G: 34.0335 | C: -9.6777 | WD: 13.3284
  [ 600/716] G: 32.0809 | C: -15.6460 | WD: 19.6006
  [ 650/716] G: 33.6770 | C: -12.7164 | WD: 15.3012
  Saved sample images at batch 20000
  [ 700/716] G: 30.4283 | C: -14.1942 | WD: 24.3186

============================================================
Epoch 28/300 Summary:
  Generator Loss    : 33.6536
  Critic Loss       : -12.3061
  Wasserstein Dist  : 16.4046
  Quick SSIM Check  : 0.1635
  Last SSIM: 0.1643 (Best: 0.1643)
============================================================


============================================================
Epoch 29/300
============================================================
  [   0/716] G: 29.8232 | C: -5.0374 | WD:  9.7179
  [  50/716] G: 39.2578 | C: -9.1824 | WD: 12.6956
  [ 100/716] G: 31.8282 | C: -14.9303 | WD: 16.5273
  [ 150/716] G: 29.0069 | C: -9.0822 | WD: 14.6261
  [ 200/716] G: 32.5666 | C: -17.5884 | WD: 22.2232
  [ 250/716] G: 32.6320 | C: -10.3309 | WD: 13.1646
  [ 300/716] G: 36.5532 | C: -10.1348 | WD: 12.7522
  [ 350/716] G: 35.6026 | C: -11.3781 | WD: 13.5538
  [ 400/716] G: 34.9825 | C: -16.2361 | WD: 17.2766
  [ 450/716] G: 30.9343 | C: -15.7382 | WD: 21.7447
  Saved sample images at batch 20500
  [ 500/716] G: 35.5126 | C: -14.6351 | WD: 15.1376
  [ 550/716] G: 41.4274 | C: -15.1698 | WD: 16.7910
  [ 600/716] G: 36.3672 | C: -13.9611 | WD: 16.1049
  [ 650/716] G: 34.5279 | C: -13.1046 | WD: 17.3439
  [ 700/716] G: 36.3965 | C: -11.9416 | WD: 13.9622

============================================================
Epoch 29/300 Summary:
  Generator Loss    : 33.5005
  Critic Loss       : -12.1258
  Wasserstein Dist  : 16.1537
  Quick SSIM Check  : 0.1509
  Last SSIM: 0.1643 (Best: 0.1643)
============================================================


============================================================
Epoch 30/300
============================================================
  [   0/716] G: 30.0065 | C: -11.7002 | WD: 13.3074
  [  50/716] G: 34.0564 | C: -7.4320 | WD: 12.9744
  [ 100/716] G: 33.0856 | C: -14.7057 | WD: 15.5227
  [ 150/716] G: 31.3952 | C: -12.9425 | WD: 14.2055
  [ 200/716] G: 23.8333 | C: -10.4396 | WD: 20.5057
  Saved sample images at batch 21000
  [ 250/716] G: 33.1589 | C: -8.0680 | WD:  8.8563
  [ 300/716] G: 32.5022 | C: -10.2730 | WD: 14.2711
  [ 350/716] G: 27.1722 | C: -14.2824 | WD: 22.2146
  [ 400/716] G: 36.5746 | C: -14.3535 | WD: 18.2743
  [ 450/716] G: 32.0043 | C: -10.5532 | WD: 13.0559
  [ 500/716] G: 30.4811 | C: -9.0924 | WD: 14.6146
  [ 550/716] G: 23.3746 | C: -14.7614 | WD: 21.1959
  [ 600/716] G: 25.2361 | C: -13.3598 | WD: 22.9464
  [ 650/716] G: 38.1807 | C: -14.0880 | WD: 17.4125
  [ 700/716] G: 28.4083 | C: -11.9952 | WD: 14.0518

============================================================
Epoch 30/300 Summary:
  Generator Loss    : 31.0260
  Critic Loss       : -12.0711
  Wasserstein Dist  : 16.1112
  Quick SSIM Check  : 0.1566

────────────────────────────────────────────────────────────
Running validation...
  Validation SSIM   : 0.1515
  Target SSIM       : 0.6000
  Status            : ✗ Below target
────────────────────────────────────────────────────────────
============================================================


============================================================
Epoch 31/300
============================================================
  [   0/716] G: 29.8019 | C: -12.3892 | WD: 19.8379
  Saved sample images at batch 21500
  [  50/716] G: 29.4550 | C: -7.2429 | WD:  9.5009
  [ 100/716] G: 33.9645 | C: -12.6165 | WD: 16.4375
  [ 150/716] G: 35.2979 | C: -13.8601 | WD: 14.6771
  [ 200/716] G: 33.8746 | C: -11.2243 | WD: 14.6815
  [ 250/716] G: 22.0949 | C: -15.9914 | WD: 20.8037
  [ 300/716] G: 27.3116 | C: -14.6730 | WD: 16.8318
  [ 350/716] G: 29.4236 | C: -14.7410 | WD: 19.3951
  [ 400/716] G: 29.6773 | C: -11.5637 | WD: 14.3444
  [ 450/716] G: 33.0362 | C: -12.1991 | WD: 17.3500
  [ 500/716] G: 25.0772 | C: -12.7535 | WD: 13.2003
  Saved sample images at batch 22000
  [ 550/716] G: 32.6231 | C: -9.9649 | WD: 13.3351
  [ 600/716] G: 26.9298 | C: -11.9810 | WD: 13.1297
  [ 650/716] G: 31.5941 | C: -13.9398 | WD: 15.8673
  [ 700/716] G: 28.5441 | C: -10.1850 | WD: 20.9660

============================================================
Epoch 31/300 Summary:
  Generator Loss    : 29.2231
  Critic Loss       : -12.0563
  Wasserstein Dist  : 16.1023
  Quick SSIM Check  : 0.1698
  Last SSIM: 0.1515 (Best: 0.1643)
============================================================


============================================================
Epoch 32/300
============================================================
  [   0/716] G: 28.3420 | C: -8.7129 | WD: 11.0767
  [  50/716] G: 26.1145 | C: -11.1313 | WD: 18.5867
  [ 100/716] G: 23.5243 | C: -12.7793 | WD: 13.4462
  [ 150/716] G: 23.3568 | C: -11.3463 | WD: 14.9091
  [ 200/716] G: 22.7989 | C: -15.0027 | WD: 19.9603
  [ 250/716] G: 25.8220 | C: -13.4593 | WD: 14.6069
  [ 300/716] G: 26.4591 | C: -15.4136 | WD: 17.9007
  Saved sample images at batch 22500
  [ 350/716] G: 25.2616 | C: -14.4162 | WD: 19.6573
  [ 400/716] G: 28.8259 | C: -12.9338 | WD: 15.4441
  [ 450/716] G: 26.6710 | C: -8.5886 | WD: 12.3780
  [ 500/716] G: 22.8152 | C: -7.1224 | WD: 28.1157
  [ 550/716] G: 27.8523 | C: -8.2678 | WD: 11.2003
  [ 600/716] G: 29.5037 | C: -9.6633 | WD: 11.8850
  [ 650/716] G: 25.0184 | C: -14.0992 | WD: 16.4065
  [ 700/716] G: 30.9416 | C: -7.0416 | WD: 13.0942

============================================================
Epoch 32/300 Summary:
  Generator Loss    : 28.1438
  Critic Loss       : -11.9415
  Wasserstein Dist  : 15.9516
  Quick SSIM Check  : 0.1645
  Last SSIM: 0.1515 (Best: 0.1643)
============================================================


============================================================
Epoch 33/300
============================================================
  [   0/716] G: 23.6894 | C: -9.6760 | WD: 17.5205
  [  50/716] G: 30.4571 | C: -11.8474 | WD: 13.4936
  Saved sample images at batch 23000
  [ 100/716] G: 17.5863 | C: -12.2922 | WD: 15.9139
  [ 150/716] G: 25.8847 | C: -13.6497 | WD: 16.2780
  [ 200/716] G: 24.7839 | C: -11.6653 | WD: 12.5769
  [ 250/716] G: 24.6803 | C: -13.1427 | WD: 13.8532
  [ 300/716] G: 38.0522 | C: -10.9136 | WD: 13.1563
  [ 350/716] G: 27.2059 | C: -14.5702 | WD: 16.6466
  [ 400/716] G: 20.6697 | C: -15.5597 | WD: 18.1819
  [ 450/716] G: 21.4902 | C: -10.9536 | WD: 16.2732
  [ 500/716] G: 22.4575 | C: -12.2569 | WD: 19.6356
  [ 550/716] G: 34.2409 | C: -10.1254 | WD: 11.0728
  Saved sample images at batch 23500
  [ 600/716] G: 28.0620 | C: -16.1944 | WD: 20.1426
  [ 650/716] G: 23.6085 | C: -14.5664 | WD: 19.8151
  [ 700/716] G: 21.6765 | C: -15.9892 | WD: 17.8162

============================================================
Epoch 33/300 Summary:
  Generator Loss    : 26.4577
  Critic Loss       : -11.8885
  Wasserstein Dist  : 15.8666
  Quick SSIM Check  : 0.1655
  Last SSIM: 0.1515 (Best: 0.1643)
============================================================


============================================================
Epoch 34/300
============================================================
  [   0/716] G: 23.7438 | C: -13.9699 | WD: 15.4771
  [  50/716] G: 28.5249 | C: -4.9969 | WD: 13.6722
  [ 100/716] G: 24.7192 | C: -14.2092 | WD: 17.3709
  [ 150/716] G: 27.6343 | C: -13.9351 | WD: 17.6619
  [ 200/716] G: 31.3385 | C: -11.8209 | WD: 17.4717
  [ 250/716] G: 19.8100 | C: -10.2240 | WD: 19.6843
  [ 300/716] G: 34.4040 | C: -14.7767 | WD: 22.3713
  [ 350/716] G: 25.2087 | C: -9.4730 | WD: 15.0873
  Saved sample images at batch 24000
  [ 400/716] G: 21.9226 | C: -6.6909 | WD:  9.8560
  [ 450/716] G: 22.7304 | C: -10.4405 | WD: 13.3409
  [ 500/716] G: 20.9769 | C: -14.9763 | WD: 15.5915
  [ 550/716] G: 26.6298 | C: -12.0800 | WD: 12.9572
  [ 600/716] G: 18.8969 | C: -12.9914 | WD: 16.2818
  [ 650/716] G: 23.5274 | C: -14.8360 | WD: 17.5926
  [ 700/716] G: 23.0590 | C: -11.9091 | WD: 17.9215

============================================================
Epoch 34/300 Summary:
  Generator Loss    : 24.5887
  Critic Loss       : -11.9044
  Wasserstein Dist  : 15.8193
  Quick SSIM Check  : 0.1613
  Last SSIM: 0.1515 (Best: 0.1643)
============================================================


============================================================
Epoch 35/300
============================================================
  [   0/716] G: 26.9246 | C: -13.2754 | WD: 15.1007
  [  50/716] G: 22.7775 | C: -13.2539 | WD: 17.0236
  [ 100/716] G: 22.7501 | C: -13.5736 | WD: 15.2572
  [ 150/716] G: 32.0634 | C: -9.3360 | WD: 11.4537
  Saved sample images at batch 24500
  [ 200/716] G: 24.4850 | C: -15.0889 | WD: 20.1587
  [ 250/716] G: 27.2108 | C: -13.3323 | WD: 15.3536
  [ 300/716] G: 22.9702 | C: -15.5656 | WD: 18.7067
  [ 350/716] G: 26.4203 | C: -6.2575 | WD: 26.3798
  [ 400/716] G: 32.9267 | C: -16.6237 | WD: 20.8814
  [ 450/716] G: 29.9422 | C: -9.4350 | WD:  9.9387
  [ 500/716] G: 21.6535 | C: -16.6066 | WD: 19.8740
  [ 550/716] G: 18.6750 | C: -12.6022 | WD: 16.6625
  [ 600/716] G: 22.5043 | C: -12.7672 | WD: 22.6520
  [ 650/716] G: 29.5745 | C: -10.8875 | WD: 11.8908
  Saved sample images at batch 25000
  [ 700/716] G: 23.2305 | C: -12.1495 | WD: 16.7574

============================================================
Epoch 35/300 Summary:
  Generator Loss    : 25.4515
  Critic Loss       : -11.9585
  Wasserstein Dist  : 15.9984
  Quick SSIM Check  : 0.1664

────────────────────────────────────────────────────────────
Running validation...
  Validation SSIM   : 0.1638
  Target SSIM       : 0.6000
  Status            : ✗ Below target
────────────────────────────────────────────────────────────
============================================================


============================================================
Epoch 36/300
============================================================
  [   0/716] G: 22.9000 | C: -12.7882 | WD: 17.0085
  [  50/716] G: 29.8168 | C: -1.4178 | WD: 19.9456
  [ 100/716] G: 24.7322 | C: -10.0834 | WD: 12.1169
  [ 150/716] G: 25.1895 | C: -12.7018 | WD: 17.3384
  [ 200/716] G: 33.3269 | C: -10.3724 | WD: 11.6394
  [ 250/716] G: 25.4566 | C: -8.7433 | WD: 20.1117
  [ 300/716] G: 29.2914 | C: -11.7276 | WD: 20.2589
  [ 350/716] G: 26.5051 | C: -17.2493 | WD: 18.6422
  [ 400/716] G: 24.8724 | C: -13.9353 | WD: 16.8559
  Saved sample images at batch 25500
  [ 450/716] G: 24.6178 | C: -9.1412 | WD: 10.8089
  [ 500/716] G: 25.0155 | C: -10.4514 | WD: 18.6453
  [ 550/716] G: 35.8920 | C: -12.6147 | WD: 15.1125
  [ 600/716] G: 26.6916 | C: -11.9967 | WD: 13.0718
  [ 650/716] G: 24.6973 | C: -15.9625 | WD: 19.3259
  [ 700/716] G: 22.2634 | C: -12.7021 | WD: 16.6175

============================================================
Epoch 36/300 Summary:
  Generator Loss    : 25.3720
  Critic Loss       : -12.0403
  Wasserstein Dist  : 16.1428
  Quick SSIM Check  : 0.1536
  Last SSIM: 0.1638 (Best: 0.1643)
============================================================


============================================================
Epoch 37/300
============================================================
  [   0/716] G: 26.7134 | C: -10.9349 | WD: 13.6101
  [  50/716] G: 26.7248 | C: -14.1476 | WD: 15.2610
  [ 100/716] G: 28.2328 | C: -15.0807 | WD: 18.2744
  [ 150/716] G: 27.5679 | C: -13.2719 | WD: 13.6489
  [ 200/716] G: 29.8906 | C: -16.1508 | WD: 19.6189
  Saved sample images at batch 26000
  [ 250/716] G: 25.3804 | C: -8.1397 | WD: 16.4734
  [ 300/716] G: 26.1069 | C: -16.3610 | WD: 18.1879
  [ 350/716] G: 28.4666 | C: -10.1013 | WD: 12.0612
  [ 400/716] G: 23.3540 | C: -6.4120 | WD: 12.4525
  [ 450/716] G: 19.6701 | C: -12.1476 | WD: 18.1143
  [ 500/716] G: 27.9809 | C: -8.6790 | WD:  9.6708
  [ 550/716] G: 26.4513 | C: -18.6480 | WD: 21.2378
  [ 600/716] G: 22.1606 | C: -6.2039 | WD: 14.9810
  [ 650/716] G: 23.2202 | C: -9.4707 | WD: 12.5122
  [ 700/716] G: 23.5527 | C: -13.0941 | WD: 16.5915

============================================================
Epoch 37/300 Summary:
  Generator Loss    : 24.5208
  Critic Loss       : -11.7972
  Wasserstein Dist  : 15.7393
  Quick SSIM Check  : 0.1696
  Last SSIM: 0.1638 (Best: 0.1643)
============================================================


============================================================
Epoch 38/300
============================================================
  [   0/716] G: 22.1233 | C: -8.1409 | WD: 10.6474
  Saved sample images at batch 26500
  [  50/716] G: 20.7547 | C: -13.6098 | WD: 17.9539
  [ 100/716] G: 34.9286 | C: -12.2672 | WD: 18.9360
  [ 150/716] G: 24.5822 | C: -12.8683 | WD: 17.6972
  [ 200/716] G: 25.4795 | C: -11.7793 | WD: 16.7836
  [ 250/716] G: 17.7763 | C: -12.1336 | WD: 13.6100
  [ 300/716] G: 33.4636 | C: -14.6816 | WD: 17.1746
  [ 350/716] G: 21.6279 | C: -10.9759 | WD: 20.7143
  [ 400/716] G: 25.5666 | C: -11.3766 | WD: 12.9311
  [ 450/716] G: 25.6818 | C: -13.9931 | WD: 18.1909
  [ 500/716] G: 28.7795 | C: -12.5265 | WD: 17.5462
  Saved sample images at batch 27000
  [ 550/716] G: 22.5088 | C: -10.7400 | WD: 12.2147
  [ 600/716] G: 26.6722 | C: -13.3973 | WD: 16.0612
  [ 650/716] G: 23.0251 | C: -16.1363 | WD: 20.2974
  [ 700/716] G: 28.6767 | C: -12.1648 | WD: 15.4951

============================================================
Epoch 38/300 Summary:
  Generator Loss    : 23.5500
  Critic Loss       : -11.9659
  Wasserstein Dist  : 15.9402
  Quick SSIM Check  : 0.1459
  Last SSIM: 0.1638 (Best: 0.1643)
============================================================


============================================================
Epoch 39/300
============================================================
  [   0/716] G: 23.0598 | C: -6.6230 | WD: 13.7358
  [  50/716] G: 23.8245 | C: -9.1167 | WD: 12.7658
  [ 100/716] G: 27.9250 | C: -13.8185 | WD: 17.7841
  [ 150/716] G: 17.2022 | C: -15.2716 | WD: 20.0563
  [ 200/716] G: 18.1274 | C: -17.0146 | WD: 19.8217
  [ 250/716] G: 21.9641 | C: -10.1312 | WD: 12.2643
  Saved sample images at batch 27500
  [ 300/716] G: 18.1409 | C: -14.5882 | WD: 29.8204
  [ 350/716] G: 24.4977 | C: -17.2848 | WD: 20.7992
  [ 400/716] G: 21.7205 | C: -8.2435 | WD: 17.3698
  [ 450/716] G: 30.0483 | C: -12.2670 | WD: 16.5431
  [ 500/716] G: 25.6412 | C: -13.5475 | WD: 17.6880
  [ 550/716] G: 20.8484 | C: -16.7136 | WD: 23.0884
  [ 600/716] G: 20.5681 | C: -18.5293 | WD: 19.7929
  [ 650/716] G: 24.9516 | C: -8.0702 | WD: 14.1761
  [ 700/716] G: 21.9792 | C: -13.4307 | WD: 18.1287

============================================================
Epoch 39/300 Summary:
  Generator Loss    : 23.0967
  Critic Loss       : -11.8132
  Wasserstein Dist  : 15.7541
  Quick SSIM Check  : 0.1532
  Last SSIM: 0.1638 (Best: 0.1643)
============================================================


============================================================
Epoch 40/300
============================================================
  [   0/716] G: 22.8070 | C: -7.4624 | WD: 19.3769
  [  50/716] G: 21.1633 | C: -14.7489 | WD: 21.2887
  Saved sample images at batch 28000
  [ 100/716] G: 23.0432 | C: -13.2040 | WD: 19.2444
  [ 150/716] G: 21.5512 | C: -14.8575 | WD: 19.8329
  [ 200/716] G: 25.6355 | C: -8.4887 | WD: 13.0881
  [ 250/716] G: 23.0833 | C: -19.6269 | WD: 21.6591
  [ 300/716] G: 27.7397 | C: -12.2708 | WD: 18.3462
  [ 350/716] G: 25.4314 | C: -9.9601 | WD: 12.2387
  [ 400/716] G: 21.2366 | C: -11.9873 | WD: 16.4517
  [ 450/716] G: 21.2388 | C: -14.7419 | WD: 19.4187
  [ 500/716] G: 22.5274 | C: -14.0555 | WD: 17.5243
  [ 550/716] G: 28.2284 | C: -15.0859 | WD: 15.7188
  Saved sample images at batch 28500
  [ 600/716] G: 20.9917 | C: -13.9602 | WD: 23.4609
  [ 650/716] G: 20.7130 | C: -13.5823 | WD: 17.0179
  [ 700/716] G: 27.7737 | C: -9.1771 | WD: 13.0061

============================================================
Epoch 40/300 Summary:
  Generator Loss    : 22.5203
  Critic Loss       : -11.8060
  Wasserstein Dist  : 15.7795
  Quick SSIM Check  : 0.1664

────────────────────────────────────────────────────────────
Running validation...
  Validation SSIM   : 0.1664
  Target SSIM       : 0.6000
  Status            : ✗ Below target
────────────────────────────────────────────────────────────
  ★ Best model saved with SSIM: 0.1664
============================================================

Checkpoint saved at epoch 40


============================================================
Epoch 41/300
============================================================
  [   0/716] G: 20.9056 | C: -11.8333 | WD: 13.4069
  [  50/716] G: 32.2591 | C: -14.5563 | WD: 15.4878
  [ 100/716] G: 21.3149 | C: -10.8663 | WD: 12.3123
  [ 150/716] G: 17.7527 | C: -12.7269 | WD: 16.4703
  [ 200/716] G: 18.8592 | C: -8.9224 | WD: 11.2954
  [ 250/716] G: 17.5532 | C: -17.7049 | WD: 25.8060
  [ 300/716] G: 20.4083 | C: -14.3764 | WD: 16.7631
  [ 350/716] G: 19.1515 | C: -15.4667 | WD: 21.1022
  Saved sample images at batch 29000
  [ 400/716] G: 21.8545 | C: -11.3330 | WD: 12.1287
  [ 450/716] G: 17.1582 | C: -11.6488 | WD: 16.3569
  [ 500/716] G: 22.3474 | C: -14.6647 | WD: 15.9263
  [ 550/716] G: 13.6237 | C: -20.2423 | WD: 21.9318
  [ 600/716] G: 19.5306 | C: -10.8869 | WD: 12.6713
  [ 650/716] G: 16.7595 | C: -4.9274 | WD: 21.0231
  [ 700/716] G: 24.6060 | C: -12.1032 | WD: 19.1292

============================================================
Epoch 41/300 Summary:
  Generator Loss    : 21.8475
  Critic Loss       : -11.8414
  Wasserstein Dist  : 15.8561
  Quick SSIM Check  : 0.1496
  Last SSIM: 0.1664 (Best: 0.1664)
============================================================


============================================================
Epoch 42/300
============================================================
  [   0/716] G: 17.3399 | C: -8.6667 | WD: 14.1964
  [  50/716] G: 16.3358 | C: -11.7867 | WD: 13.1336
  [ 100/716] G: 17.3358 | C: -7.8654 | WD: 16.0776
  Saved sample images at batch 29500
  [ 150/716] G: 18.5783 | C: -10.1731 | WD: 13.5327
  [ 200/716] G: 15.9124 | C: -17.6077 | WD: 19.6428
  [ 250/716] G: 18.0792 | C: -14.9571 | WD: 16.1127
  [ 300/716] G: 24.1950 | C: -14.3409 | WD: 17.2515
  [ 350/716] G: 14.3530 | C: -10.6641 | WD: 14.5816
  [ 400/716] G: 19.0363 | C: -9.8801 | WD: 17.8387
  [ 450/716] G: 19.3346 | C: -11.3488 | WD: 15.8749
  [ 500/716] G: 15.7563 | C: -11.8999 | WD: 13.1576
  [ 550/716] G: 16.4284 | C: -12.4696 | WD: 16.4094
  [ 600/716] G: 16.6843 | C: -13.3404 | WD: 16.7184
  Saved sample images at batch 30000
  [ 650/716] G: 16.0178 | C: -8.7019 | WD: 12.9090
  [ 700/716] G: 18.6593 | C: -13.0389 | WD: 15.4441

============================================================
Epoch 42/300 Summary:
  Generator Loss    : 19.0563
  Critic Loss       : -11.6625
  Wasserstein Dist  : 15.5530
  Quick SSIM Check  : 0.1575
  Last SSIM: 0.1664 (Best: 0.1664)
============================================================


============================================================
Epoch 43/300
============================================================
  [   0/716] G: 11.3057 | C: -14.7739 | WD: 17.3422
  [  50/716] G: 15.8952 | C: -8.6779 | WD: 11.7313
  [ 100/716] G: 12.9395 | C: -14.8427 | WD: 21.2199
  [ 150/716] G: 14.0600 | C: -5.3117 | WD: 15.3741
  [ 200/716] G: 21.3908 | C: -13.2052 | WD: 13.9145
  [ 250/716] G: 18.3418 | C: -8.8080 | WD: 14.3363
  [ 300/716] G: 13.9620 | C: -6.9858 | WD: 11.6652
  [ 350/716] G: 14.9725 | C: -8.5002 | WD: 11.6675
  [ 400/716] G: 14.9094 | C: -15.5356 | WD: 22.3283
  Saved sample images at batch 30500
  [ 450/716] G: 13.6979 | C: -13.0867 | WD: 14.0837
  [ 500/716] G: 14.6720 | C: -13.9407 | WD: 15.8804
  [ 550/716] G: 17.0597 | C: -14.1340 | WD: 15.5954
  [ 600/716] G: 10.6210 | C: -12.5818 | WD: 21.6991
  [ 650/716] G: 17.8752 | C: -10.3968 | WD: 11.7778
  [ 700/716] G: 19.3673 | C: -11.3602 | WD: 13.2851

============================================================
Epoch 43/300 Summary:
  Generator Loss    : 15.9915
  Critic Loss       : -11.5453
  Wasserstein Dist  : 15.4036
  Quick SSIM Check  : 0.1622
  Last SSIM: 0.1664 (Best: 0.1664)
============================================================


============================================================
Epoch 44/300
============================================================
  [   0/716] G: 15.2488 | C: -12.3421 | WD: 15.3635
  [  50/716] G: 10.2872 | C: -9.4397 | WD: 10.7628
  [ 100/716] G: 12.0818 | C: -11.3682 | WD: 12.8197
  [ 150/716] G: 21.6005 | C: -11.2511 | WD: 13.9774
  [ 200/716] G: 19.6437 | C: -10.1552 | WD: 14.9801
  Saved sample images at batch 31000
  [ 250/716] G: 14.6625 | C: -15.4193 | WD: 16.6401
  [ 300/716] G: 25.3029 | C: -12.8156 | WD: 17.4824
  [ 350/716] G: 24.1849 | C: -18.3555 | WD: 23.2011
  [ 400/716] G: 17.4434 | C: -12.3631 | WD: 12.7724
  [ 450/716] G: 15.3985 | C: -6.5610 | WD: 17.7644
  [ 500/716] G: 13.8972 | C: -10.0503 | WD: 10.4825
  [ 550/716] G: 11.0554 | C: -16.3362 | WD: 24.3522
  [ 600/716] G: 14.0514 | C: -9.5503 | WD: 13.7962
  [ 650/716] G: 22.7148 | C: -12.4833 | WD: 16.5517
  [ 700/716] G: 11.7816 | C: -14.3974 | WD: 15.1367
  Saved sample images at batch 31500

============================================================
Epoch 44/300 Summary:
  Generator Loss    : 16.5436
  Critic Loss       : -11.5654
  Wasserstein Dist  : 15.4800
  Quick SSIM Check  : 0.1658
  Last SSIM: 0.1664 (Best: 0.1664)
============================================================


============================================================
Epoch 45/300
============================================================
  [   0/716] G: 15.5639 | C: -9.8742 | WD: 14.7783
  [  50/716] G: 18.6077 | C: -13.5404 | WD: 15.0302
  [ 100/716] G: 11.0616 | C: -12.6488 | WD: 15.3225
  [ 150/716] G: 12.5657 | C: -8.7190 | WD: 15.2154
  [ 200/716] G: 10.6349 | C: -15.3299 | WD: 22.5347
  [ 250/716] G: 15.6459 | C: -11.4975 | WD: 13.8824
  [ 300/716] G: 11.8401 | C: -15.6360 | WD: 22.8895
  [ 350/716] G: 15.1714 | C: -10.1560 | WD: 11.4140
  [ 400/716] G: 10.8795 | C: -14.0782 | WD: 18.1083
  [ 450/716] G: 15.2092 | C: -14.8706 | WD: 17.1547
  Saved sample images at batch 32000
  [ 500/716] G: 22.6936 | C: -17.7772 | WD: 19.0561
  [ 550/716] G: 16.1400 | C: -9.5657 | WD: 12.7212
  [ 600/716] G: 10.9944 | C: -14.8142 | WD: 17.9479
  [ 650/716] G: 19.1133 | C: -10.1774 | WD: 12.1324
  [ 700/716] G: 16.6915 | C: -13.4380 | WD: 17.5097

============================================================
Epoch 45/300 Summary:
  Generator Loss    : 14.2719
  Critic Loss       : -11.5710
  Wasserstein Dist  : 15.4658
  Quick SSIM Check  : 0.1584

────────────────────────────────────────────────────────────
Running validation...
  Validation SSIM   : 0.1573
  Target SSIM       : 0.6000
  Status            : ✗ Below target
────────────────────────────────────────────────────────────
============================================================


============================================================
Epoch 46/300
============================================================
  [   0/716] G: 12.7004 | C: -16.0693 | WD: 18.2140
  [  50/716] G: 10.6359 | C: -17.9902 | WD: 21.5860
  [ 100/716] G: 15.4909 | C: -11.1971 | WD: 12.9502
  [ 150/716] G: 13.7297 | C: -15.6725 | WD: 20.8870
  [ 200/716] G: 10.2058 | C: -16.0114 | WD: 17.4501
  [ 250/716] G: 10.5786 | C: -16.5453 | WD: 20.0754
  Saved sample images at batch 32500
  [ 300/716] G: 11.2721 | C: -13.2286 | WD: 19.6329
  [ 350/716] G: 11.4965 | C: -16.7127 | WD: 20.1770
  [ 400/716] G: 17.1973 | C: -10.3664 | WD: 17.9070
  [ 450/716] G: 16.4677 | C: -9.0929 | WD: 12.0331
  [ 500/716] G: 14.9101 | C: -15.7561 | WD: 20.3185
  [ 550/716] G:  8.7333 | C: -20.1457 | WD: 23.7504
  [ 600/716] G: 12.6121 | C: -8.4322 | WD: 15.6592
  [ 650/716] G: 13.2877 | C: -11.3085 | WD: 19.1376
  [ 700/716] G: 11.4754 | C: -11.6608 | WD: 16.7272

============================================================
Epoch 46/300 Summary:
  Generator Loss    : 13.2075
  Critic Loss       : -11.5970
  Wasserstein Dist  : 15.5385
  Quick SSIM Check  : 0.1673
  Last SSIM: 0.1573 (Best: 0.1664)
============================================================


============================================================
Epoch 47/300
============================================================
  [   0/716] G: 12.5007 | C: -10.7807 | WD: 13.3864
  [  50/716] G: 24.3183 | C: -18.0280 | WD: 18.5475
  Saved sample images at batch 33000
  [ 100/716] G: 14.1575 | C: -12.7271 | WD: 15.0959
  [ 150/716] G: 13.1383 | C: -18.5375 | WD: 21.9905
  [ 200/716] G:  8.3581 | C: -17.1559 | WD: 22.2502
  [ 250/716] G: 17.0781 | C: -13.5378 | WD: 17.7357
  [ 300/716] G: 12.9713 | C: -3.6917 | WD: 16.1686
  [ 350/716] G: 15.6921 | C: -10.3106 | WD: 11.8259
  [ 400/716] G:  8.0074 | C: -14.0342 | WD: 23.9079
  [ 450/716] G: 14.0652 | C: -14.8328 | WD: 20.0241
  [ 500/716] G: 13.1828 | C: -14.0802 | WD: 19.6190
  [ 550/716] G: 10.4868 | C: -9.8076 | WD: 14.8658
  Saved sample images at batch 33500
  [ 600/716] G: 14.0812 | C: -10.2382 | WD: 15.7672
  [ 650/716] G: 10.1152 | C: -4.8967 | WD: 15.9860
  [ 700/716] G:  8.2603 | C: -8.9989 | WD: 16.3864

============================================================
Epoch 47/300 Summary:
  Generator Loss    : 12.2176
  Critic Loss       : -11.4854
  Wasserstein Dist  : 15.3303
  Quick SSIM Check  : 0.1634
  Last SSIM: 0.1573 (Best: 0.1664)
============================================================


============================================================
Epoch 48/300
============================================================
  [   0/716] G: 11.8604 | C: -11.9096 | WD: 12.7283
  [  50/716] G:  8.5448 | C: -13.7238 | WD: 13.9718
  [ 100/716] G:  9.6426 | C: -12.1841 | WD: 13.2447
  [ 150/716] G: 13.9565 | C: -15.3386 | WD: 18.0348
  [ 200/716] G: 12.7768 | C: -9.0488 | WD: 12.8428
  [ 250/716] G: 11.7247 | C: -8.8284 | WD:  9.1068
  [ 300/716] G: 18.2329 | C: -9.7033 | WD: 13.2752
  Saved sample images at batch 34000
  [ 350/716] G: 14.9178 | C: -10.1754 | WD: 11.7906
  [ 400/716] G:  9.8288 | C: -8.5600 | WD:  9.4411
  [ 450/716] G: 18.3475 | C: -14.1963 | WD: 16.0840
  [ 500/716] G: 15.3932 | C: -7.7100 | WD:  8.2291
  [ 550/716] G: 10.7991 | C: -11.8831 | WD: 13.0363
  [ 600/716] G:  9.7803 | C: -9.9169 | WD: 14.8540
  [ 650/716] G: 13.6033 | C: -10.3007 | WD: 16.1045
  [ 700/716] G:  7.5659 | C: -13.6237 | WD: 18.3296

============================================================
Epoch 48/300 Summary:
  Generator Loss    : 11.8016
  Critic Loss       : -11.5338
  Wasserstein Dist  : 15.3486
  Quick SSIM Check  : 0.1575
  Last SSIM: 0.1573 (Best: 0.1664)
============================================================


============================================================
Epoch 49/300
============================================================
  [   0/716] G:  9.8346 | C: -11.3743 | WD: 12.6382
  [  50/716] G: 12.8125 | C: -13.3329 | WD: 14.5125
  [ 100/716] G: 10.3081 | C: -9.0925 | WD: 10.3554
  Saved sample images at batch 34500
  [ 150/716] G: 11.4501 | C: -11.5676 | WD: 12.1078
  [ 200/716] G: 10.0837 | C: -11.5086 | WD: 13.8038
  [ 250/716] G: 13.2357 | C: -13.9816 | WD: 18.3349
  [ 300/716] G: 11.5989 | C: -11.8611 | WD: 15.2318
  [ 350/716] G: 10.1824 | C: -15.4562 | WD: 23.1264
  [ 400/716] G: 12.2980 | C: -15.3601 | WD: 20.3204
  [ 450/716] G:  4.5077 | C: -16.2382 | WD: 21.3834
  [ 500/716] G: 13.1655 | C: -10.1600 | WD: 13.6025
  [ 550/716] G:  9.6392 | C: -11.4735 | WD: 14.8749
  [ 600/716] G:  7.3573 | C: -11.5899 | WD: 16.5372
  Saved sample images at batch 35000
  [ 650/716] G:  7.2717 | C: -11.6036 | WD: 13.0871
  [ 700/716] G:  4.1021 | C: -16.7564 | WD: 18.0736

============================================================
Epoch 49/300 Summary:
  Generator Loss    : 11.1285
  Critic Loss       : -11.5493
  Wasserstein Dist  : 15.4592
  Quick SSIM Check  : 0.1668
  Last SSIM: 0.1573 (Best: 0.1664)
============================================================


============================================================
Epoch 50/300
============================================================
  [   0/716] G:  4.0231 | C: -9.2006 | WD: 15.7741
  [  50/716] G: 10.3772 | C: -4.1904 | WD:  7.4737
  [ 100/716] G:  7.1344 | C: -11.6112 | WD: 15.5320
  [ 150/716] G:  8.0373 | C: -10.9662 | WD: 15.8122
  [ 200/716] G:  6.6789 | C: -10.3243 | WD: 14.8641
  [ 250/716] G: 10.6024 | C: -15.4028 | WD: 20.1746
  [ 300/716] G:  8.1432 | C: -10.0154 | WD: 14.9460
  [ 350/716] G: 11.1701 | C: -13.8809 | WD: 16.6281
  [ 400/716] G: 10.6489 | C: -10.6967 | WD: 14.7303
  Saved sample images at batch 35500
  [ 450/716] G:  6.0461 | C: -9.0508 | WD: 13.5944
  [ 500/716] G:  9.3067 | C: -13.6974 | WD: 17.8564
  [ 550/716] G:  8.5320 | C: -7.0940 | WD: 15.0582
  [ 600/716] G: 11.0111 | C: -13.2021 | WD: 15.0023
  [ 650/716] G:  6.5519 | C: -10.4399 | WD: 19.4049
  [ 700/716] G:  2.9711 | C: -11.1089 | WD: 14.1202

============================================================
Epoch 50/300 Summary:
  Generator Loss    :  7.8417
  Critic Loss       : -11.4960
  Wasserstein Dist  : 15.3461
  Quick SSIM Check  : 0.1678

────────────────────────────────────────────────────────────
Running validation...
  Validation SSIM   : 0.1630
  Target SSIM       : 0.6000
  Status            : ✗ Below target
────────────────────────────────────────────────────────────
============================================================


============================================================
Epoch 51/300
============================================================
  [   0/716] G:  1.8404 | C: -5.4949 | WD: 14.9285
  [  50/716] G:  8.7772 | C: -10.1820 | WD: 14.3460
  [ 100/716] G:  3.8400 | C: -15.2403 | WD: 19.4223
  [ 150/716] G:  9.2935 | C: -12.6618 | WD: 17.6831
  [ 200/716] G:  3.6705 | C: -6.9564 | WD: 12.0602
  Saved sample images at batch 36000
  [ 250/716] G: 13.1998 | C: -15.5543 | WD: 18.9782
  [ 300/716] G:  7.2187 | C: -12.0093 | WD: 14.4016
  [ 350/716] G:  9.6794 | C: -14.0359 | WD: 17.1045
  [ 400/716] G:  0.8340 | C: -14.2800 | WD: 15.0174
  [ 450/716] G:  4.4606 | C: -15.1967 | WD: 18.6017
  [ 500/716] G:  8.9000 | C: -11.1429 | WD: 17.6806
  [ 550/716] G:  2.6830 | C: -15.4973 | WD: 17.9755
  [ 600/716] G:  9.2371 | C: -13.5536 | WD: 16.5403
  [ 650/716] G:  2.2513 | C: -12.5766 | WD: 15.1532
  [ 700/716] G:  4.9909 | C: -16.5174 | WD: 19.7248
  Saved sample images at batch 36500

============================================================
Epoch 51/300 Summary:
  Generator Loss    :  6.2060
  Critic Loss       : -11.5459
  Wasserstein Dist  : 15.4182
  Quick SSIM Check  : 0.1544
  Last SSIM: 0.1630 (Best: 0.1664)
============================================================


============================================================
Epoch 52/300
============================================================
  [   0/716] G:  3.5790 | C: -13.4497 | WD: 18.2159
  [  50/716] G:  3.9730 | C: -14.3194 | WD: 18.4702
  [ 100/716] G:  3.8180 | C: -11.6546 | WD: 13.7469
  [ 150/716] G:  0.1108 | C: -16.9001 | WD: 19.5415
  [ 200/716] G:  3.4006 | C: -12.5396 | WD: 16.9752
  [ 250/716] G:  3.9765 | C: -10.5094 | WD: 15.3681
  [ 300/716] G:  7.2775 | C: -17.9461 | WD: 23.1756
  [ 350/716] G:  2.2392 | C: -17.5641 | WD: 18.3731
  [ 400/716] G: 11.7153 | C: -19.0186 | WD: 21.0203
  [ 450/716] G:  5.4172 | C: -10.3573 | WD: 12.0722
  Saved sample images at batch 37000
  [ 500/716] G:  7.4753 | C: -10.6418 | WD: 15.1695
  [ 550/716] G:  4.7065 | C: -12.2608 | WD: 12.9022
  [ 600/716] G:  1.1196 | C: -10.8173 | WD: 16.1551
  [ 650/716] G:  0.4567 | C: -9.5824 | WD: 10.5935
  [ 700/716] G:  4.0584 | C: -11.0463 | WD: 24.1514

============================================================
Epoch 52/300 Summary:
  Generator Loss    :  4.2287
  Critic Loss       : -11.3793
  Wasserstein Dist  : 15.2154
  Quick SSIM Check  : 0.1601
  Last SSIM: 0.1630 (Best: 0.1664)
============================================================


============================================================
Epoch 53/300
============================================================
  [   0/716] G:  4.8661 | C: -11.1284 | WD: 13.2766
  [  50/716] G:  5.7343 | C: -10.7032 | WD: 17.7565
  [ 100/716] G:  4.6292 | C: -11.9354 | WD: 13.2633
  [ 150/716] G: 14.0090 | C: -8.1508 | WD:  9.9832
  [ 200/716] G:  1.3044 | C: -9.8480 | WD: 13.9430
  [ 250/716] G:  5.4150 | C: -4.6442 | WD: 14.9303
  Saved sample images at batch 37500
  [ 300/716] G: 11.5003 | C: -14.7576 | WD: 16.9489
  [ 350/716] G:  8.6229 | C: -16.9132 | WD: 19.8349
  [ 400/716] G:  2.4483 | C: -13.6988 | WD: 15.3109
  [ 450/716] G:  6.8393 | C: -12.0387 | WD: 14.3673
  [ 500/716] G:  5.8532 | C: -8.2263 | WD: 12.2359
  [ 550/716] G:  8.4533 | C: -10.9099 | WD: 17.0774
  [ 600/716] G:  7.5986 | C: -13.7501 | WD: 18.5527
  [ 650/716] G:  5.1336 | C: -11.5180 | WD: 13.5525
  [ 700/716] G:  0.0522 | C: -15.8627 | WD: 23.1375

============================================================
Epoch 53/300 Summary:
  Generator Loss    :  6.1057
  Critic Loss       : -11.2969
  Wasserstein Dist  : 15.0523
  Quick SSIM Check  : 0.1589
  Last SSIM: 0.1630 (Best: 0.1664)
============================================================


============================================================
Epoch 54/300
============================================================
  [   0/716] G:  3.6924 | C: -11.2284 | WD: 11.9094
  [  50/716] G:  9.7854 | C: -12.4352 | WD: 13.7190
  Saved sample images at batch 38000
  [ 100/716] G:  3.0591 | C: -10.9838 | WD: 17.6998
  [ 150/716] G:  4.1423 | C: -17.0994 | WD: 18.4653
  [ 200/716] G:  2.6693 | C: -12.5930 | WD: 16.4967
  [ 250/716] G:  5.4899 | C: -6.5106 | WD: 11.0597
  [ 300/716] G:  6.7187 | C: -9.9075 | WD: 11.5352
  [ 350/716] G:  6.7704 | C: -12.5231 | WD: 15.6283
  [ 400/716] G:  4.3178 | C: -13.9161 | WD: 15.8799
  [ 450/716] G: -0.3656 | C: -18.1575 | WD: 20.2096
  [ 500/716] G:  4.5039 | C: -9.3286 | WD: 25.1434
  [ 550/716] G:  7.0517 | C: -13.4215 | WD: 18.0118
  Saved sample images at batch 38500
  [ 600/716] G:  5.3160 | C: -12.4525 | WD: 12.8404
  [ 650/716] G:  5.4866 | C: -12.9054 | WD: 17.9616
  [ 700/716] G:  4.2483 | C: -7.2723 | WD: 12.4586

============================================================
Epoch 54/300 Summary:
  Generator Loss    :  6.2273
  Critic Loss       : -11.3905
  Wasserstein Dist  : 15.3014
  Quick SSIM Check  : 0.1584
  Last SSIM: 0.1630 (Best: 0.1664)
============================================================


============================================================
Epoch 55/300
============================================================
  [   0/716] G:  2.7686 | C: -2.3383 | WD: 17.5457
  [  50/716] G:  8.6360 | C: -15.5269 | WD: 20.5836
  [ 100/716] G:  1.8453 | C: -6.6052 | WD: 13.8496
  [ 150/716] G:  3.0445 | C: -7.5076 | WD: 13.6778
  [ 200/716] G:  4.3904 | C: -12.2877 | WD: 16.9675
  [ 250/716] G:  5.8273 | C: -9.9347 | WD: 13.1296
  [ 300/716] G:  1.6533 | C: -10.8784 | WD: 13.0861
  Saved sample images at batch 39000
  [ 350/716] G:  0.6775 | C: -12.6406 | WD: 17.7355
  [ 400/716] G:  0.5416 | C: -11.1187 | WD: 13.6456
  [ 450/716] G:  6.2596 | C: -13.7030 | WD: 16.3550
  [ 500/716] G:  5.3708 | C: -10.3848 | WD: 12.9260
  [ 550/716] G:  2.9817 | C: -7.6934 | WD:  8.8029
  [ 600/716] G:  9.6813 | C: -15.2222 | WD: 20.5286
  [ 650/716] G:  8.0274 | C: -14.4520 | WD: 16.9645
  [ 700/716] G:  6.2678 | C: -9.6929 | WD: 13.7659

============================================================
Epoch 55/300 Summary:
  Generator Loss    :  5.6917
  Critic Loss       : -11.2855
  Wasserstein Dist  : 15.0346
  Quick SSIM Check  : 0.1645

────────────────────────────────────────────────────────────
Running validation...
  Validation SSIM   : 0.1641
  Target SSIM       : 0.6000
  Status            : ✗ Below target
────────────────────────────────────────────────────────────
============================================================


============================================================
Epoch 56/300
============================================================
  [   0/716] G:  7.1746 | C: -7.4717 | WD: 14.3312
  [  50/716] G: 16.3060 | C: -12.1038 | WD: 13.9435
  [ 100/716] G:  9.4116 | C: -11.6035 | WD: 14.5748
  Saved sample images at batch 39500
  [ 150/716] G:  2.6553 | C: -13.5574 | WD: 16.9329
  [ 200/716] G:  4.7082 | C: -10.0918 | WD: 12.1337
  [ 250/716] G:  3.5568 | C: -8.9235 | WD:  9.4487
  [ 300/716] G:  7.3036 | C: -8.4661 | WD:  9.2009
  [ 350/716] G:  3.7726 | C: -4.8128 | WD: 12.9484
  [ 400/716] G: 10.6326 | C: -15.1566 | WD: 19.7432
  [ 450/716] G: -3.4593 | C: -12.6577 | WD: 17.3805
  [ 500/716] G:  4.5635 | C: -18.2059 | WD: 19.7347
  [ 550/716] G: -0.7397 | C: -9.9521 | WD: 11.5212
  [ 600/716] G:  4.7646 | C: -14.1906 | WD: 15.3421
  Saved sample images at batch 40000
  [ 650/716] G: -4.6453 | C: -20.4849 | WD: 23.0254
  [ 700/716] G:  4.9023 | C: -15.2963 | WD: 18.3572

============================================================
Epoch 56/300 Summary:
  Generator Loss    :  4.6758
  Critic Loss       : -11.1978
  Wasserstein Dist  : 14.9669
  Quick SSIM Check  : 0.1477
  Last SSIM: 0.1641 (Best: 0.1664)
============================================================


============================================================
Epoch 57/300
============================================================
  [   0/716] G:  4.1056 | C: -9.0208 | WD: 14.8371
  [  50/716] G:  7.3288 | C: -12.3141 | WD: 15.1557
  [ 100/716] G:  4.2216 | C: -22.5597 | WD: 24.7976
  [ 150/716] G:  5.6849 | C: -9.0319 | WD: 10.1408
  [ 200/716] G:  3.5193 | C: -15.4555 | WD: 16.5910
  [ 250/716] G:  2.9565 | C: -9.6490 | WD: 13.2924
  [ 300/716] G:  6.4254 | C: -13.9798 | WD: 18.4808
  [ 350/716] G:  0.0715 | C: -4.8604 | WD: 16.2070
  [ 400/716] G:  0.6609 | C: -15.6069 | WD: 18.7922
  Saved sample images at batch 40500
  [ 450/716] G:  3.5903 | C: -10.4829 | WD: 11.7794
  [ 500/716] G:  2.7167 | C: -6.3064 | WD: 13.6001
  [ 550/716] G:  7.5498 | C: -8.6891 | WD:  9.5260
  [ 600/716] G:  0.4999 | C: -15.4394 | WD: 21.6405
  [ 650/716] G:  4.5685 | C: -11.7504 | WD: 13.7316
  [ 700/716] G: 17.7774 | C: -16.6247 | WD: 18.5319

============================================================
Epoch 57/300 Summary:
  Generator Loss    :  4.7961
  Critic Loss       : -11.3898
  Wasserstein Dist  : 15.2648
  Quick SSIM Check  : 0.1589
  Last SSIM: 0.1641 (Best: 0.1664)
============================================================


============================================================
Epoch 58/300
============================================================
  [   0/716] G:  5.2232 | C: -10.0372 | WD: 12.4899
  [  50/716] G:  8.8997 | C: -16.8293 | WD: 18.7191
  [ 100/716] G:  9.4582 | C: -10.1913 | WD: 13.5933
  [ 150/716] G:  5.1183 | C: -9.4896 | WD: 11.8971
  Saved sample images at batch 41000
  [ 200/716] G:  6.9757 | C: -12.3029 | WD: 16.8803
  [ 250/716] G:  5.8209 | C: -14.9651 | WD: 20.9563
  [ 300/716] G:  7.5875 | C: -11.7808 | WD: 13.1473
  [ 350/716] G:  3.1377 | C: -9.3309 | WD: 15.6755
  [ 400/716] G:  2.3737 | C: -12.3832 | WD: 18.4619
  [ 450/716] G: -2.0750 | C: -8.8236 | WD: 10.1083
  [ 500/716] G:  2.3267 | C: -0.0587 | WD: 15.6894
  [ 550/716] G:  1.8492 | C: -15.1213 | WD: 18.0155
  [ 600/716] G:  2.8947 | C: -13.8531 | WD: 21.1291
  [ 650/716] G:  2.7008 | C: -14.0577 | WD: 15.9462
  Saved sample images at batch 41500
  [ 700/716] G:  1.0287 | C: -15.0978 | WD: 17.7710

============================================================
Epoch 58/300 Summary:
  Generator Loss    :  4.6049
  Critic Loss       : -11.0937
  Wasserstein Dist  : 14.8388
  Quick SSIM Check  : 0.1542
  Last SSIM: 0.1641 (Best: 0.1664)
============================================================


============================================================
Epoch 59/300
============================================================
  [   0/716] G:  5.2245 | C: -14.2009 | WD: 15.7621
  [  50/716] G:  6.0846 | C: -8.3162 | WD: 13.9189
  [ 100/716] G:  4.5176 | C: -12.0950 | WD: 13.0728
  [ 150/716] G:  5.8950 | C: -11.2118 | WD: 11.9102
  [ 200/716] G: -0.4951 | C: -22.1633 | WD: 25.1388
  [ 250/716] G:  5.4527 | C: -15.3020 | WD: 17.5436
  [ 300/716] G:  7.0547 | C: -10.0344 | WD: 13.3895
  [ 350/716] G:  0.3778 | C: -7.9326 | WD: 22.1923
  [ 400/716] G:  9.6555 | C: -14.9814 | WD: 17.7850
  [ 450/716] G:  3.7002 | C: -11.5867 | WD: 12.7395
  Saved sample images at batch 42000
  [ 500/716] G:  2.4845 | C: -13.6396 | WD: 14.7972
  [ 550/716] G:  1.1887 | C: -6.8199 | WD: 19.7052
  [ 600/716] G:  1.4992 | C: -13.8128 | WD: 15.3747
  [ 650/716] G:  8.7325 | C: -12.0934 | WD: 14.7256
  [ 700/716] G: 10.4671 | C: -12.4669 | WD: 13.4555

============================================================
Epoch 59/300 Summary:
  Generator Loss    :  4.7891
  Critic Loss       : -11.1273
  Wasserstein Dist  : 14.8676
  Quick SSIM Check  : 0.1591
  Last SSIM: 0.1641 (Best: 0.1664)
============================================================


============================================================
Epoch 60/300
============================================================
  [   0/716] G:  3.7827 | C: -11.1331 | WD: 12.5137
  [  50/716] G:  3.0281 | C: -13.8728 | WD: 19.7477
  [ 100/716] G: 10.0929 | C: -9.8383 | WD: 18.0910
  [ 150/716] G:  3.2668 | C: -11.9409 | WD: 17.6551
  [ 200/716] G:  6.3811 | C: -9.3318 | WD: 10.0396
  [ 250/716] G:  4.7381 | C: -12.9115 | WD: 20.6098
  Saved sample images at batch 42500
  [ 300/716] G:  3.6669 | C: -10.2621 | WD: 11.4957
  [ 350/716] G:  2.9162 | C: -12.6556 | WD: 14.1790
  [ 400/716] G:  5.7791 | C: -6.3574 | WD: 10.0717
  [ 450/716] G:  4.4956 | C: -13.7922 | WD: 20.2111
  [ 500/716] G:  4.7302 | C: -10.1643 | WD: 12.3541
  [ 550/716] G:  3.0230 | C: -13.8679 | WD: 17.1918
  [ 600/716] G:  6.8511 | C: -8.7288 | WD: 10.5075
  [ 650/716] G:  0.1937 | C: -17.3404 | WD: 19.1496
  [ 700/716] G:  3.2059 | C: -11.0558 | WD: 21.2718

============================================================
Epoch 60/300 Summary:
  Generator Loss    :  3.9985
  Critic Loss       : -11.1159
  Wasserstein Dist  : 14.8856
  Quick SSIM Check  : 0.1644

────────────────────────────────────────────────────────────
Running validation...
  Validation SSIM   : 0.1637
  Target SSIM       : 0.6000
  Status            : ✗ Below target
────────────────────────────────────────────────────────────
============================================================

Checkpoint saved at epoch 60


============================================================
Epoch 61/300
============================================================
  [   0/716] G:  2.4854 | C: -9.2213 | WD: 11.1002
  Saved sample images at batch 43000
  [  50/716] G:  2.0770 | C: -17.3893 | WD: 18.6591
  [ 100/716] G:  6.0345 | C: -14.0349 | WD: 17.3865
  [ 150/716] G:  5.2480 | C: -14.4844 | WD: 18.9740
  [ 200/716] G:  4.5676 | C: -12.3120 | WD: 15.1533
  [ 250/716] G:  1.1420 | C: -9.3059 | WD: 10.4428
  [ 300/716] G:  0.4714 | C: -11.8699 | WD: 13.1302
  [ 350/716] G: -1.7562 | C: -16.4950 | WD: 20.9842
  [ 400/716] G:  2.3276 | C: -12.4641 | WD: 14.1159
  [ 450/716] G:  0.1612 | C: -9.3692 | WD: 18.6511
  [ 500/716] G:  6.7983 | C: -9.4017 | WD: 13.2107
  Saved sample images at batch 43500
  [ 550/716] G:  4.7103 | C: -12.4706 | WD: 18.9536
  [ 600/716] G:  8.2312 | C: -9.7503 | WD: 12.2756
  [ 650/716] G: -0.0486 | C: -7.5152 | WD:  7.9925
  [ 700/716] G:  3.2501 | C: -13.9499 | WD: 14.9535

============================================================
Epoch 61/300 Summary:
  Generator Loss    :  2.5045
  Critic Loss       : -11.1008
  Wasserstein Dist  : 14.7946
  Quick SSIM Check  : 0.1582
  Last SSIM: 0.1637 (Best: 0.1664)
============================================================


============================================================
Epoch 62/300
============================================================
  [   0/716] G:  4.6490 | C: -9.8770 | WD: 15.6184
  [  50/716] G: -0.2974 | C: -7.3784 | WD: 12.9681
  [ 100/716] G:  0.2639 | C: -15.9300 | WD: 20.9384
  [ 150/716] G:  1.6309 | C: -9.4975 | WD: 13.5381
  [ 200/716] G: -1.1254 | C: -14.4779 | WD: 15.7374
  [ 250/716] G:  3.5818 | C: -14.3712 | WD: 18.5055
  [ 300/716] G: -2.7372 | C: -16.5834 | WD: 21.5953
  Saved sample images at batch 44000
  [ 350/716] G: -0.3699 | C: -14.1854 | WD: 15.4734
  [ 400/716] G: -0.6736 | C: -8.0382 | WD: 11.3049
  [ 450/716] G:  6.0228 | C: -12.3165 | WD: 12.9318
  [ 500/716] G: -2.9461 | C: -12.2367 | WD: 16.3841
  [ 550/716] G:  0.9277 | C: -15.1436 | WD: 21.6217
  [ 600/716] G:  1.1980 | C: -12.1482 | WD: 15.3855
  [ 650/716] G:  9.3999 | C: -19.5275 | WD: 21.9263
  [ 700/716] G: -0.1087 | C: -16.5694 | WD: 23.1051

============================================================
Epoch 62/300 Summary:
  Generator Loss    :  0.9499
  Critic Loss       : -11.1261
  Wasserstein Dist  : 14.8330
  Quick SSIM Check  : 0.1566
  Last SSIM: 0.1637 (Best: 0.1664)
============================================================


============================================================
Epoch 63/300
============================================================
  [   0/716] G:  1.4301 | C: -10.6217 | WD: 18.3191
  [  50/716] G:  1.0988 | C: -14.6103 | WD: 17.3472
  [ 100/716] G:  4.6361 | C: -9.5259 | WD: 11.9614
  Saved sample images at batch 44500
  [ 150/716] G:  6.3515 | C: -11.6957 | WD: 13.6611
  [ 200/716] G: -1.7113 | C: -9.3112 | WD: 14.2298
  [ 250/716] G:  0.3599 | C: -8.2166 | WD: 10.7762
  [ 300/716] G: 10.8426 | C: -11.1529 | WD: 13.6489
  [ 350/716] G:  0.7830 | C: -13.5342 | WD: 15.6207
  [ 400/716] G:  2.0127 | C: -8.8088 | WD:  9.4701
  [ 450/716] G:  1.9546 | C: -11.6963 | WD: 18.7081
  [ 500/716] G:  1.3657 | C: -21.7071 | WD: 23.1609
  [ 550/716] G:  2.0147 | C: -10.6366 | WD: 14.2137
  [ 600/716] G:  0.4173 | C: -9.1431 | WD: 11.4706
  Saved sample images at batch 45000
  [ 650/716] G: -2.0604 | C: -12.5837 | WD: 14.0927
  [ 700/716] G: -1.8696 | C: -9.3185 | WD: 18.1218

============================================================
Epoch 63/300 Summary:
  Generator Loss    :  1.2409
  Critic Loss       : -11.0021
  Wasserstein Dist  : 14.6734
  Quick SSIM Check  : 0.1528
  Last SSIM: 0.1637 (Best: 0.1664)
============================================================


============================================================
Epoch 64/300
============================================================
  [   0/716] G: -5.4643 | C: -11.8636 | WD: 14.0485
  [  50/716] G: -4.6218 | C: -12.7811 | WD: 23.5134
  [ 100/716] G:  1.5431 | C: -9.2219 | WD: 10.4972
  [ 150/716] G:  4.8889 | C: -11.7606 | WD: 13.1424
  [ 200/716] G:  0.9670 | C: -9.9867 | WD: 13.7049
  [ 250/716] G:  2.5496 | C: -5.0906 | WD:  8.0100
  [ 300/716] G: -0.5954 | C: -11.3995 | WD: 13.9039
  [ 350/716] G:  1.7399 | C: -6.6912 | WD: 11.8624
  Saved sample images at batch 45500
  [ 400/716] G:  3.1064 | C: -9.6527 | WD: 15.6091
  [ 450/716] G: -2.6011 | C: -11.5530 | WD: 15.5355
  [ 500/716] G: -2.8745 | C: -12.5725 | WD: 14.9716
  [ 550/716] G:  1.3833 | C: -9.8673 | WD: 14.1492
  [ 600/716] G: -1.0874 | C: -17.8778 | WD: 19.9141
  [ 650/716] G:  8.0637 | C: -8.6231 | WD:  9.9781
  [ 700/716] G: -2.2440 | C: -13.4146 | WD: 16.3801

============================================================
Epoch 64/300 Summary:
  Generator Loss    :  1.4251
  Critic Loss       : -10.9956
  Wasserstein Dist  : 14.7106
  Quick SSIM Check  : 0.1554
  Last SSIM: 0.1637 (Best: 0.1664)
============================================================


============================================================
Epoch 65/300
============================================================
  [   0/716] G:  3.1529 | C: -4.1022 | WD: 17.9216
  [  50/716] G: -0.3187 | C: -16.0966 | WD: 30.5011
  [ 100/716] G:  3.7120 | C: -12.3653 | WD: 15.7411
  [ 150/716] G:  0.1000 | C: -13.5141 | WD: 14.7671
  Saved sample images at batch 46000
  [ 200/716] G:  0.7558 | C: -9.5555 | WD: 18.1580
  [ 250/716] G:  1.6793 | C: -11.5801 | WD: 16.8854
  [ 300/716] G: -2.9565 | C: -10.6598 | WD: 14.4779
  [ 350/716] G:  0.3344 | C: -17.0870 | WD: 20.4320
  [ 400/716] G: -0.3134 | C: -11.0477 | WD: 15.7405
  [ 450/716] G: -2.3447 | C: -9.5217 | WD: 15.0130
  [ 500/716] G:  0.5909 | C: -10.2339 | WD: 12.1134
  [ 550/716] G: -2.1252 | C: -16.7016 | WD: 18.7539
  [ 600/716] G: -3.2727 | C: -10.7266 | WD: 13.5635
  [ 650/716] G: -1.3323 | C: -10.6740 | WD: 12.1050
  Saved sample images at batch 46500
  [ 700/716] G: -5.7208 | C: -8.7779 | WD: 17.5171

============================================================
Epoch 65/300 Summary:
  Generator Loss    :  0.5755
  Critic Loss       : -10.8873
  Wasserstein Dist  : 14.6139
  Quick SSIM Check  : 0.1580

────────────────────────────────────────────────────────────
Running validation...
  Validation SSIM   : 0.1623
  Target SSIM       : 0.6000
  Status            : ✗ Below target
────────────────────────────────────────────────────────────
============================================================


============================================================
Epoch 66/300
============================================================
  [   0/716] G:  0.2041 | C: -13.6441 | WD: 17.5601
  [  50/716] G:  0.3111 | C: -0.2662 | WD: 11.9415
  [ 100/716] G:  2.7576 | C: -13.1669 | WD: 17.0444
  [ 150/716] G:  1.1508 | C: -10.7398 | WD: 13.7394
  [ 200/716] G: -2.1731 | C: -9.9996 | WD: 12.3114
  [ 250/716] G:  1.4597 | C: -11.4052 | WD: 14.2316
  [ 300/716] G:  5.3881 | C: -11.3731 | WD: 11.8172
  [ 350/716] G:  4.7012 | C: -15.7724 | WD: 20.0306
  [ 400/716] G:  1.4766 | C: -8.5336 | WD: 13.0470
  [ 450/716] G:  1.1862 | C: -14.0422 | WD: 16.3479
  Saved sample images at batch 47000
  [ 500/716] G: -0.8672 | C: -9.1923 | WD: 11.4638
  [ 550/716] G:  0.8379 | C: -9.6678 | WD: 12.4018
  [ 600/716] G: -0.3375 | C: -11.2493 | WD: 17.6055
  [ 650/716] G:  3.0176 | C: -11.8936 | WD: 13.6518
  [ 700/716] G: -0.5501 | C: -9.2605 | WD: 14.3508

============================================================
Epoch 66/300 Summary:
  Generator Loss    :  1.0079
  Critic Loss       : -11.0003
  Wasserstein Dist  : 14.7363
  Quick SSIM Check  : 0.1591
  Last SSIM: 0.1623 (Best: 0.1664)
============================================================


============================================================
Epoch 67/300
============================================================
  [   0/716] G: -2.5705 | C: -4.0960 | WD: 17.2093
  [  50/716] G:  2.4713 | C: -11.1028 | WD: 12.6639
  [ 100/716] G:  1.4417 | C: -17.4275 | WD: 19.6648
  [ 150/716] G:  1.2731 | C: -17.1602 | WD: 17.9206
  [ 200/716] G: -3.1245 | C: -13.7168 | WD: 15.9191
  Saved sample images at batch 47500
  [ 250/716] G:  2.0931 | C: -18.4067 | WD: 21.6515
  [ 300/716] G:  3.5788 | C: -14.3756 | WD: 15.9322
  [ 350/716] G:  1.9539 | C: -8.6941 | WD:  9.2211
  [ 400/716] G:  0.3572 | C: -12.8087 | WD: 18.5196
  [ 450/716] G:  1.4010 | C: -13.6890 | WD: 18.0123
  [ 500/716] G:  2.2546 | C: -14.1088 | WD: 19.3778
  [ 550/716] G:  2.8099 | C: -9.7659 | WD: 12.5593
  [ 600/716] G:  2.7610 | C: -10.0296 | WD: 11.6020
  [ 650/716] G:  1.2911 | C: -9.2536 | WD: 14.1960
  [ 700/716] G: -1.3404 | C: -12.8857 | WD: 14.4544

============================================================
Epoch 67/300 Summary:
  Generator Loss    :  2.3113
  Critic Loss       : -11.0969
  Wasserstein Dist  : 14.8193
  Quick SSIM Check  : 0.1599
  Last SSIM: 0.1623 (Best: 0.1664)
============================================================


============================================================
Epoch 68/300
============================================================
  [   0/716] G:  3.9097 | C: -7.9598 | WD: 12.8290
  Saved sample images at batch 48000
  [  50/716] G: -0.3626 | C: -10.1010 | WD: 16.5630
  [ 100/716] G:  3.2562 | C: -14.6759 | WD: 16.5613
  [ 150/716] G:  3.4983 | C: -6.9829 | WD: 20.3627
  [ 200/716] G:  0.6354 | C: -13.3734 | WD: 15.2467
  [ 250/716] G:  0.1922 | C: -14.8301 | WD: 20.9247
  [ 300/716] G:  1.1923 | C: -12.8063 | WD: 15.1943
  [ 350/716] G:  5.1467 | C: -8.8936 | WD: 10.8341
  [ 400/716] G:  1.0457 | C: -9.8617 | WD: 10.9591
  [ 450/716] G: -1.1421 | C: -14.2060 | WD: 14.7853
  [ 500/716] G:  3.2601 | C: -12.3852 | WD: 14.6929
  Saved sample images at batch 48500
  [ 550/716] G: -1.8964 | C: -17.5999 | WD: 21.8280
  [ 600/716] G:  3.0897 | C: -2.4122 | WD: 13.0271
  [ 650/716] G:  0.7699 | C: -10.7075 | WD: 13.8197
  [ 700/716] G:  4.3086 | C: -15.7105 | WD: 19.3097

============================================================
Epoch 68/300 Summary:
  Generator Loss    :  1.2284
  Critic Loss       : -10.9162
  Wasserstein Dist  : 14.6453
  Quick SSIM Check  : 0.1619
  Last SSIM: 0.1623 (Best: 0.1664)
============================================================


============================================================
Epoch 69/300
============================================================
  [   0/716] G:  0.8458 | C: -8.0478 | WD:  9.3885
  [  50/716] G:  6.1690 | C: -16.4000 | WD: 17.5234
  [ 100/716] G: -0.6347 | C: -10.5340 | WD: 13.9674
  [ 150/716] G: -2.0258 | C: -16.2919 | WD: 20.8675
  [ 200/716] G: -0.5021 | C: -7.3045 | WD: 12.0566
  [ 250/716] G:  2.1467 | C: -14.1292 | WD: 20.5710
  [ 300/716] G:  2.2376 | C: -10.7746 | WD: 16.8605
  Saved sample images at batch 49000
  [ 350/716] G:  0.7066 | C: -10.9831 | WD: 12.3582
  [ 400/716] G:  6.7542 | C: -12.3373 | WD: 15.2785
  [ 450/716] G:  6.2776 | C: -11.2657 | WD: 14.5767
  [ 500/716] G:  0.2718 | C: -13.4823 | WD: 14.9041
  [ 550/716] G:  1.0578 | C: -10.0123 | WD: 12.5533
  [ 600/716] G:  3.2266 | C: -11.3547 | WD: 13.4685
  [ 650/716] G: -0.3938 | C: -9.5834 | WD: 17.0384
  [ 700/716] G:  5.1149 | C: -11.9982 | WD: 14.3559

============================================================
Epoch 69/300 Summary:
  Generator Loss    :  1.5901
  Critic Loss       : -10.8653
  Wasserstein Dist  : 14.5559
  Quick SSIM Check  : 0.1597
  Last SSIM: 0.1623 (Best: 0.1664)
============================================================


============================================================
Epoch 70/300
============================================================
  [   0/716] G: -0.3002 | C: -9.0827 | WD: 10.2347
  [  50/716] G:  0.1438 | C: -12.5000 | WD: 15.6895
  Saved sample images at batch 49500
  [ 100/716] G:  0.6824 | C: -9.5888 | WD: 11.0547
  [ 150/716] G:  0.1507 | C: -10.8445 | WD: 14.2051
  [ 200/716] G: -0.6702 | C: -9.8497 | WD: 21.2916
  [ 250/716] G: -3.5353 | C: -5.0523 | WD: 13.3851
  [ 300/716] G: -0.9938 | C: -9.1243 | WD: 14.4327
  [ 350/716] G:  4.2758 | C: -1.4903 | WD: 16.9430
  [ 400/716] G: -0.8005 | C: -11.5046 | WD: 17.1426
  [ 450/716] G:  1.9031 | C: -15.8157 | WD: 19.1952
  [ 500/716] G: -0.1010 | C: -7.2988 | WD:  9.3597
  [ 550/716] G:  4.4149 | C: -3.7709 | WD: 13.9260
  Saved sample images at batch 50000
  [ 600/716] G:  2.4192 | C: -11.5266 | WD: 12.2394
  [ 650/716] G:  5.8278 | C: -13.0354 | WD: 15.7756
  [ 700/716] G:  0.3807 | C: -19.8580 | WD: 24.1173

============================================================
Epoch 70/300 Summary:
  Generator Loss    :  0.9598
  Critic Loss       : -10.7338
  Wasserstein Dist  : 14.3370
  Quick SSIM Check  : 0.1576

────────────────────────────────────────────────────────────
Running validation...
  Validation SSIM   : 0.1584
  Target SSIM       : 0.6000
  Status            : ✗ Below target
────────────────────────────────────────────────────────────
============================================================


============================================================
Epoch 71/300
============================================================
  [   0/716] G:  3.9307 | C: -11.1926 | WD: 17.1359
  [  50/716] G: -0.4569 | C: -15.0835 | WD: 15.9870
  [ 100/716] G:  2.0955 | C: -11.7482 | WD: 14.7698
  [ 150/716] G:  0.8611 | C: -10.6599 | WD: 13.2860
  [ 200/716] G: -1.4898 | C: -11.5748 | WD: 21.8643
  [ 250/716] G: -0.7219 | C: -7.6679 | WD: 13.3182
  [ 300/716] G: -1.8697 | C: -17.2424 | WD: 20.7928
  [ 350/716] G:  4.1691 | C: -12.9093 | WD: 16.3647
  Saved sample images at batch 50500
  [ 400/716] G: -1.0315 | C: -11.6440 | WD: 15.7669
  [ 450/716] G: -0.0168 | C: -9.8343 | WD: 11.2814
  [ 500/716] G: -1.1181 | C: -9.9058 | WD: 11.3321
  [ 550/716] G: -0.5160 | C: -9.1027 | WD: 10.3553
  [ 600/716] G:  8.8188 | C: -14.0657 | WD: 16.9246
  [ 650/716] G:  0.4897 | C:  5.4643 | WD: 17.6719
  [ 700/716] G:  5.1301 | C: -12.2751 | WD: 13.8116

============================================================
Epoch 71/300 Summary:
  Generator Loss    :  0.2834
  Critic Loss       : -10.9151
  Wasserstein Dist  : 14.5618
  Quick SSIM Check  : 0.1657
  Last SSIM: 0.1584 (Best: 0.1664)
============================================================


============================================================
Epoch 72/300
============================================================
  [   0/716] G: -2.0826 | C: -13.3764 | WD: 14.4619
  [  50/716] G:  1.5913 | C: -5.8972 | WD: 11.6980
  [ 100/716] G:  4.2924 | C: -11.6484 | WD: 14.2874
  [ 150/716] G: -0.0037 | C: -12.4305 | WD: 23.3250
  Saved sample images at batch 51000
  [ 200/716] G: -1.8261 | C: -10.2179 | WD: 14.5056
  [ 250/716] G:  4.6822 | C: -12.4294 | WD: 14.5454
  [ 300/716] G:  2.9428 | C: -10.9059 | WD: 15.3831
  [ 350/716] G: -3.1882 | C: -11.0503 | WD: 17.2722
  [ 400/716] G:  3.6214 | C: -8.9953 | WD: 12.8022
  [ 450/716] G: -1.9132 | C: -6.2286 | WD: 13.1245
  [ 500/716] G:  2.2659 | C: -14.0528 | WD: 16.3275
  [ 550/716] G: -4.3424 | C: -9.4463 | WD: 11.0077
  [ 600/716] G: -2.3910 | C: -7.4513 | WD: 11.6300
  [ 650/716] G: -1.1617 | C: -9.2099 | WD: 10.7987
  Saved sample images at batch 51500
  [ 700/716] G: -7.8315 | C: -13.5806 | WD: 15.3346

============================================================
Epoch 72/300 Summary:
  Generator Loss    : -0.1593
  Critic Loss       : -10.7043
  Wasserstein Dist  : 14.3423
  Quick SSIM Check  : 0.1745
  Last SSIM: 0.1584 (Best: 0.1664)
============================================================


============================================================
Epoch 73/300
============================================================
  [   0/716] G: -4.3719 | C: -11.8290 | WD: 13.7773
  [  50/716] G: -3.5325 | C: -13.4825 | WD: 18.1988
  [ 100/716] G:  0.4655 | C: -11.9713 | WD: 17.0203
  [ 150/716] G:  2.0226 | C: -12.1041 | WD: 12.4558
  [ 200/716] G: -1.9840 | C: -13.6989 | WD: 15.8624
  [ 250/716] G:  4.6927 | C: -11.5898 | WD: 15.3680
  [ 300/716] G:  0.1005 | C: -8.1469 | WD: 11.4144
  [ 350/716] G: -2.1459 | C: -7.8984 | WD: 14.8719
  [ 400/716] G:  0.8584 | C: -13.4884 | WD: 16.5277
  Saved sample images at batch 52000
  [ 450/716] G:  3.9491 | C: -10.0564 | WD: 11.7963
  [ 500/716] G: -1.4668 | C: -8.1199 | WD:  9.6143
  [ 550/716] G:  0.0800 | C: -10.5163 | WD: 15.7378
  [ 600/716] G:  0.0479 | C: -12.8748 | WD: 19.1380
  [ 650/716] G:  0.5174 | C: -14.3930 | WD: 16.2026
  [ 700/716] G:  0.9415 | C: -10.6382 | WD: 13.4494

============================================================
Epoch 73/300 Summary:
  Generator Loss    : -0.3172
  Critic Loss       : -10.7243
  Wasserstein Dist  : 14.3605
  Quick SSIM Check  : 0.1548
  Last SSIM: 0.1584 (Best: 0.1664)
============================================================


============================================================
Epoch 74/300
============================================================
  [   0/716] G:  0.3661 | C: -10.5343 | WD: 16.0392
  [  50/716] G: -3.4632 | C: -8.7841 | WD: 21.6291
  [ 100/716] G:  0.0775 | C: -14.3009 | WD: 20.0549
  [ 150/716] G:  6.4468 | C: -12.0977 | WD: 14.7739
  [ 200/716] G:  5.5247 | C: -10.8599 | WD: 11.2246
  Saved sample images at batch 52500
  [ 250/716] G:  0.3970 | C: -13.0626 | WD: 15.3271
  [ 300/716] G: -2.4018 | C: -9.4331 | WD: 13.5471
  [ 350/716] G:  1.9129 | C: -9.6656 | WD: 10.8926
  [ 400/716] G: -0.4141 | C: -11.7180 | WD: 14.0334
  [ 450/716] G: -1.9802 | C: -12.1679 | WD: 16.1454
  [ 500/716] G: -2.8888 | C: -15.7028 | WD: 19.2595
  [ 550/716] G:  1.7437 | C: -16.6106 | WD: 18.6782
  [ 600/716] G:  1.7694 | C: -12.0401 | WD: 15.3165
  [ 650/716] G: -1.1314 | C: -14.7776 | WD: 17.6730
  [ 700/716] G: -2.7984 | C: -11.1193 | WD: 13.0692

============================================================
Epoch 74/300 Summary:
  Generator Loss    : -0.7135
  Critic Loss       : -10.7183
  Wasserstein Dist  : 14.3676
  Quick SSIM Check  : 0.1624
  Last SSIM: 0.1584 (Best: 0.1664)
============================================================


============================================================
Epoch 75/300
============================================================
  [   0/716] G: -5.9754 | C: -8.6387 | WD: 10.0958
  Saved sample images at batch 53000
  [  50/716] G: -2.1745 | C: -10.5692 | WD: 13.2573
  [ 100/716] G:  0.3973 | C: -10.2065 | WD: 11.8124
  [ 150/716] G: -2.8875 | C: -9.3120 | WD: 10.2238
  [ 200/716] G: -0.9055 | C: -11.5735 | WD: 12.6419
  [ 250/716] G:  3.4882 | C: -8.4713 | WD: 11.0388
  [ 300/716] G:  5.5556 | C: -7.9511 | WD: 10.8004
  [ 350/716] G: -0.1221 | C: -8.7461 | WD:  9.1848
  [ 400/716] G: -1.2028 | C: -13.1329 | WD: 15.3944
  [ 450/716] G: -1.3844 | C: -9.1888 | WD: 14.8033
  [ 500/716] G: -5.6091 | C: -16.6572 | WD: 19.4472
  Saved sample images at batch 53500
  [ 550/716] G: -4.7144 | C: -15.4713 | WD: 22.3749
  [ 600/716] G: -0.3338 | C: -8.7928 | WD: 12.5416
  [ 650/716] G: -4.3691 | C: -13.9408 | WD: 16.6113
  [ 700/716] G: -0.2747 | C: -10.2103 | WD: 11.0844

============================================================
Epoch 75/300 Summary:
  Generator Loss    : -1.1439
  Critic Loss       : -10.6441
  Wasserstein Dist  : 14.1755
  Quick SSIM Check  : 0.1620

────────────────────────────────────────────────────────────
Running validation...
  Validation SSIM   : 0.1607
  Target SSIM       : 0.6000
  Status            : ✗ Below target
────────────────────────────────────────────────────────────
============================================================


============================================================
Epoch 76/300
============================================================
  [   0/716] G: -3.7152 | C: -13.2827 | WD: 21.1988
  [  50/716] G:  0.1858 | C: -8.0481 | WD: 10.7369
  [ 100/716] G:  3.7044 | C: -14.7656 | WD: 24.1817
  [ 150/716] G:  5.9651 | C: -9.7366 | WD: 11.4029
  [ 200/716] G: -0.5900 | C: -9.2515 | WD: 11.5008
  [ 250/716] G:  3.2452 | C: -13.2823 | WD: 16.0691
  [ 300/716] G: -0.6957 | C: -9.3889 | WD: 14.7091
  Saved sample images at batch 54000
  [ 350/716] G:  2.6900 | C: -10.3059 | WD: 10.8157
  [ 400/716] G: -2.6195 | C: -10.5590 | WD: 11.6806
  [ 450/716] G:  0.3996 | C: -8.2487 | WD: 10.1298
  [ 500/716] G:  0.8141 | C: -13.8194 | WD: 15.4073
  [ 550/716] G:  1.7775 | C: -13.8944 | WD: 14.6719
  [ 600/716] G:  0.3413 | C: -10.0284 | WD: 16.0072
  [ 650/716] G:  3.0931 | C: -12.5213 | WD: 17.3578
  [ 700/716] G:  4.6386 | C: -8.7713 | WD: 13.1536

============================================================
Epoch 76/300 Summary:
  Generator Loss    :  0.4852
  Critic Loss       : -10.6030
  Wasserstein Dist  : 14.2466
  Quick SSIM Check  : 0.1591
  Last SSIM: 0.1607 (Best: 0.1664)
============================================================


============================================================
Epoch 77/300
============================================================
  [   0/716] G: -5.2855 | C: -1.7187 | WD: 12.6171
  [  50/716] G: -1.5036 | C: -9.7674 | WD: 18.0738
  Saved sample images at batch 54500
  [ 100/716] G:  3.5764 | C: -10.9770 | WD: 16.1093
  [ 150/716] G:  0.9147 | C: -11.6472 | WD: 14.1073
  [ 200/716] G: -1.5464 | C: -9.7239 | WD: 10.6160
  [ 250/716] G: -1.3498 | C: -14.9598 | WD: 16.5976
  [ 300/716] G: -2.9613 | C: -13.8180 | WD: 16.0648
  [ 350/716] G: -2.2517 | C: -10.1258 | WD: 12.6317
  [ 400/716] G: -1.1320 | C: -10.5941 | WD: 15.4940
  [ 450/716] G: -0.6224 | C: -14.1083 | WD: 16.1157
  [ 500/716] G: 10.2556 | C: -11.8307 | WD: 12.7156
  [ 550/716] G: -8.5547 | C: -12.9931 | WD: 15.9638
  Saved sample images at batch 55000
  [ 600/716] G: -0.6094 | C: -13.2892 | WD: 14.5764
  [ 650/716] G: -2.2287 | C: -14.4081 | WD: 19.0921
  [ 700/716] G: -7.3431 | C: -13.8895 | WD: 18.5787

============================================================
Epoch 77/300 Summary:
  Generator Loss    : -1.6543
  Critic Loss       : -10.4989
  Wasserstein Dist  : 14.0859
  Quick SSIM Check  : 0.1626
  Last SSIM: 0.1607 (Best: 0.1664)
============================================================


============================================================
Epoch 78/300
============================================================
  [   0/716] G: -3.9373 | C: -10.3334 | WD: 12.3095
  [  50/716] G:  5.1789 | C: -12.4309 | WD: 13.3248
  [ 100/716] G:  1.0577 | C: -13.3062 | WD: 15.4153
  [ 150/716] G: -2.6295 | C: -8.8582 | WD: 13.6958
  [ 200/716] G: -1.1468 | C: -13.7059 | WD: 15.5204
  [ 250/716] G: -1.2281 | C: -8.6052 | WD: 10.9753
  [ 300/716] G: -3.9423 | C: -14.1101 | WD: 15.8500
  [ 350/716] G: -3.3213 | C: -9.1302 | WD: 15.8947
  Saved sample images at batch 55500
  [ 400/716] G: -3.8961 | C: -13.6668 | WD: 18.0832
  [ 450/716] G:  0.1853 | C: -15.5698 | WD: 19.2348
  [ 500/716] G: -2.7840 | C: -7.4191 | WD: 14.0673
  [ 550/716] G: -1.1742 | C: -11.1113 | WD: 14.0694
  [ 600/716] G: -0.1504 | C: -11.6295 | WD: 14.9777
  [ 650/716] G: -3.3365 | C: -8.7768 | WD: 13.4618
  [ 700/716] G: -1.4750 | C: -9.8901 | WD: 10.7229

============================================================
Epoch 78/300 Summary:
  Generator Loss    : -1.6116
  Critic Loss       : -10.5268
  Wasserstein Dist  : 14.0774
  Quick SSIM Check  : 0.1584
  Last SSIM: 0.1607 (Best: 0.1664)
============================================================


============================================================
Epoch 79/300
============================================================
  [   0/716] G: -4.0727 | C: -12.5123 | WD: 17.3108
  [  50/716] G: -0.2281 | C: -14.0868 | WD: 15.2268
  [ 100/716] G: -1.0767 | C: -15.3655 | WD: 16.7522
  [ 150/716] G: -3.3508 | C:  0.2620 | WD: 20.4008
  Saved sample images at batch 56000
  [ 200/716] G: -1.9679 | C: -12.0115 | WD: 16.2223
  [ 250/716] G: -1.4824 | C: -13.2093 | WD: 18.6259
  [ 300/716] G: -3.4604 | C: -11.6380 | WD: 13.5580
  [ 350/716] G: -0.1270 | C: -7.7583 | WD:  8.7546
  [ 400/716] G: -2.2541 | C: -10.6650 | WD: 12.6202
  [ 450/716] G: -2.0022 | C: -10.0228 | WD: 14.1037
  [ 500/716] G: -3.2875 | C: -12.6967 | WD: 15.3202
  [ 550/716] G: -1.3831 | C: -11.6656 | WD: 13.5961
  [ 600/716] G:  1.8477 | C: -6.4283 | WD: 14.9210
  [ 650/716] G:  2.4715 | C: -10.9967 | WD: 12.8886
  Saved sample images at batch 56500
  [ 700/716] G: -6.1426 | C: -10.1469 | WD: 13.5328

============================================================
Epoch 79/300 Summary:
  Generator Loss    : -1.9052
  Critic Loss       : -10.4934
  Wasserstein Dist  : 13.9990
  Quick SSIM Check  : 0.1643
  Last SSIM: 0.1607 (Best: 0.1664)
============================================================


============================================================
Epoch 80/300
============================================================
  [   0/716] G: -3.0413 | C: -8.0988 | WD: 14.4591
  [  50/716] G: -3.9748 | C: -8.5767 | WD: 12.1801
  [ 100/716] G:  5.0134 | C: -11.6815 | WD: 12.2704
  [ 150/716] G: -4.7586 | C: -13.9016 | WD: 17.4905
  [ 200/716] G: -4.7150 | C: -13.2141 | WD: 15.6446
  [ 250/716] G: -2.6166 | C: -10.1963 | WD: 25.0547
  [ 300/716] G: -3.2759 | C: -9.2000 | WD: 13.6465
  [ 350/716] G: -0.3810 | C: -8.0214 | WD: 13.3292
  [ 400/716] G: -2.6480 | C: -14.1419 | WD: 16.2679
  Saved sample images at batch 57000
  [ 450/716] G:  2.0659 | C: -10.9407 | WD: 12.3111
  [ 500/716] G: -1.6561 | C: -8.3602 | WD: 10.8223
  [ 550/716] G: -7.0479 | C: -9.5357 | WD: 13.9782
  [ 600/716] G: -0.3397 | C: -9.2767 | WD: 15.7230
  [ 650/716] G:  1.6170 | C: -13.5756 | WD: 16.7898
  [ 700/716] G: -4.3931 | C: -8.7941 | WD: 10.1592

============================================================
Epoch 80/300 Summary:
  Generator Loss    : -1.6743
  Critic Loss       : -10.4566
  Wasserstein Dist  : 13.9559
  Quick SSIM Check  : 0.1531

────────────────────────────────────────────────────────────
Running validation...
  Validation SSIM   : 0.1617
  Target SSIM       : 0.6000
  Status            : ✗ Below target
────────────────────────────────────────────────────────────
============================================================

Checkpoint saved at epoch 80


============================================================
Epoch 81/300
============================================================
  [   0/716] G: -0.6026 | C: -11.8812 | WD: 13.8772
  [  50/716] G: -3.3622 | C: -14.1139 | WD: 19.1414
  [ 100/716] G:  0.8127 | C: -6.0130 | WD: 16.5288
  [ 150/716] G:  0.2083 | C: -11.3419 | WD: 12.9998
  [ 200/716] G: -4.0652 | C: -3.4015 | WD:  8.0374
  Saved sample images at batch 57500
  [ 250/716] G: -4.6720 | C: -10.9716 | WD: 14.3468
  [ 300/716] G: -1.1031 | C: -11.9233 | WD: 17.3195
  [ 350/716] G:  1.2160 | C: -12.3239 | WD: 14.7907
  [ 400/716] G:  4.5011 | C: -12.0587 | WD: 13.7867
  [ 450/716] G: -2.2648 | C: -9.9485 | WD: 12.7095
  [ 500/716] G: -0.4817 | C: -10.1213 | WD: 16.5784
  [ 550/716] G: -2.9633 | C: -9.9361 | WD: 11.9708
  [ 600/716] G: -1.7568 | C: -9.4957 | WD: 11.6174
  [ 650/716] G: -3.4654 | C: -15.8115 | WD: 18.5919
  [ 700/716] G: -2.2400 | C: -9.5693 | WD: 14.4905

============================================================
Epoch 81/300 Summary:
  Generator Loss    : -1.7564
  Critic Loss       : -10.5716
  Wasserstein Dist  : 14.1781
  Quick SSIM Check  : 0.1562
  Last SSIM: 0.1617 (Best: 0.1664)
============================================================


============================================================
Epoch 82/300
============================================================
  [   0/716] G: -2.5462 | C: -12.6319 | WD: 16.8528
  Saved sample images at batch 58000
  [  50/716] G: -6.1167 | C: -16.0192 | WD: 16.9984
  [ 100/716] G: -4.8916 | C: -9.9075 | WD: 10.4408
  [ 150/716] G: -2.6308 | C: -8.9797 | WD: 11.5720
  [ 200/716] G: -1.9969 | C: -9.9952 | WD: 12.4827
  [ 250/716] G: -3.8099 | C: -11.1676 | WD: 12.4237
  [ 300/716] G:  2.7709 | C: -12.4724 | WD: 21.1868
  [ 350/716] G: -1.6237 | C: -11.9897 | WD: 13.1652
  [ 400/716] G: -3.5392 | C: -15.0375 | WD: 16.4862
  [ 450/716] G: -2.6655 | C: -11.8284 | WD: 14.6700
  [ 500/716] G: -0.5509 | C: -9.7830 | WD: 12.0266
  Saved sample images at batch 58500
  [ 550/716] G: -2.8948 | C: -14.9812 | WD: 19.5311
  [ 600/716] G: -3.6220 | C: -12.7038 | WD: 16.4062
  [ 650/716] G:  0.3743 | C: -10.3426 | WD: 11.3751
  [ 700/716] G: -0.7172 | C: -10.8013 | WD: 12.9534

============================================================
Epoch 82/300 Summary:
  Generator Loss    : -1.6169
  Critic Loss       : -10.4110
  Wasserstein Dist  : 13.9597
  Quick SSIM Check  : 0.1568
  Last SSIM: 0.1617 (Best: 0.1664)
============================================================


============================================================
Epoch 83/300
============================================================
  [   0/716] G: -0.0554 | C: -12.8459 | WD: 19.8634
  [  50/716] G: -1.6416 | C: -14.6793 | WD: 16.2995
  [ 100/716] G: -5.1213 | C: -8.4798 | WD: 18.6750
  [ 150/716] G:  2.3614 | C: -11.3002 | WD: 13.9674
  [ 200/716] G: -3.5160 | C: -7.4291 | WD: 14.9739
  [ 250/716] G: -5.5934 | C: -10.3035 | WD: 11.7150
  Saved sample images at batch 59000
  [ 300/716] G: -4.9617 | C: -11.9757 | WD: 17.4600
  [ 350/716] G:  1.0631 | C: -5.3757 | WD:  8.1782
  [ 400/716] G: -0.1232 | C: -10.7860 | WD: 14.1434
  [ 450/716] G:  0.4683 | C: -9.4127 | WD:  9.7789
  [ 500/716] G: -4.2597 | C: -12.3086 | WD: 14.2094
  [ 550/716] G: -2.2024 | C: -11.5302 | WD: 11.9940
  [ 600/716] G:  3.1291 | C: -12.5730 | WD: 14.3456
  [ 650/716] G: -1.3375 | C: -7.9823 | WD:  9.0874
  [ 700/716] G:  2.1218 | C: -11.3862 | WD: 18.2558

============================================================
Epoch 83/300 Summary:
  Generator Loss    : -1.7407
  Critic Loss       : -10.3533
  Wasserstein Dist  : 13.7950
  Quick SSIM Check  : 0.1509
  Last SSIM: 0.1617 (Best: 0.1664)
============================================================


============================================================
Epoch 84/300
============================================================
  [   0/716] G:  0.6025 | C: -12.0174 | WD: 13.5394
  [  50/716] G:  0.9442 | C: -7.8785 | WD: 10.6294
  Saved sample images at batch 59500
  [ 100/716] G: -3.5862 | C: -8.6277 | WD: 17.0076
  [ 150/716] G:  3.7538 | C: -10.8800 | WD: 11.8221
  [ 200/716] G:  0.2031 | C: -8.6520 | WD: 10.8729
  [ 250/716] G: -3.5691 | C: -11.4338 | WD: 11.9926
  [ 300/716] G:  1.6802 | C: -13.4297 | WD: 17.8139
  [ 350/716] G: -3.8495 | C: -5.3548 | WD: 14.3917
  [ 400/716] G:  1.1228 | C: -5.2881 | WD: 12.8975
  [ 450/716] G: -2.4996 | C: -10.1738 | WD: 14.6414
  [ 500/716] G: -0.0416 | C: -8.3087 | WD:  9.8554
  [ 550/716] G:  1.7520 | C: -13.2695 | WD: 15.3703
  Saved sample images at batch 60000
  [ 600/716] G: -4.5050 | C: -14.1300 | WD: 16.5653
  [ 650/716] G:  2.0484 | C: -8.9579 | WD:  9.7598
  [ 700/716] G: -1.0805 | C: -14.7345 | WD: 23.3334

============================================================
Epoch 84/300 Summary:
  Generator Loss    : -1.0690
  Critic Loss       : -10.5073
  Wasserstein Dist  : 14.0780
  Quick SSIM Check  : 0.1674
  Last SSIM: 0.1617 (Best: 0.1664)
============================================================


============================================================
Epoch 85/300
============================================================
  [   0/716] G: -1.8996 | C: -7.3185 | WD:  9.7845
  [  50/716] G: -3.1779 | C: -10.9551 | WD: 13.0934
  [ 100/716] G: -2.5922 | C: -13.8571 | WD: 15.9958
  [ 150/716] G: -2.8662 | C: -11.9599 | WD: 16.1704
  [ 200/716] G: -2.9668 | C: -12.7040 | WD: 14.4345
  [ 250/716] G: -5.1589 | C: -12.5318 | WD: 15.5993
  [ 300/716] G: -1.4903 | C: -17.2389 | WD: 21.8309
  [ 350/716] G:  0.5383 | C: -10.1640 | WD: 12.6041
  Saved sample images at batch 60500
  [ 400/716] G: -2.7679 | C: -6.8784 | WD:  8.8462
  [ 450/716] G: -3.5861 | C: -11.8290 | WD: 16.2600
  [ 500/716] G:  0.8706 | C: -7.2096 | WD:  8.1850
  [ 550/716] G: -4.2173 | C: -9.0192 | WD:  9.6414
  [ 600/716] G:  8.9129 | C: -19.8143 | WD: 22.4738
  [ 650/716] G: -3.6115 | C: -7.7782 | WD: 12.5748
  [ 700/716] G:  2.5547 | C: -12.2965 | WD: 13.3138

============================================================
Epoch 85/300 Summary:
  Generator Loss    : -1.5121
  Critic Loss       : -10.3617
  Wasserstein Dist  : 13.7825
  Quick SSIM Check  : 0.1637

────────────────────────────────────────────────────────────
Running validation...
  Validation SSIM   : 0.1656
  Target SSIM       : 0.6000
  Status            : ✗ Below target
────────────────────────────────────────────────────────────
============================================================


============================================================
Epoch 86/300
============================================================
  [   0/716] G: -5.4181 | C: -11.4585 | WD: 12.5135
  [  50/716] G: -3.2678 | C: -9.0649 | WD: 10.9219
  [ 100/716] G:  0.0484 | C: -11.7833 | WD: 13.1985
  Saved sample images at batch 61000
  [ 150/716] G: -4.2472 | C: -10.7288 | WD: 12.1921
  [ 200/716] G: -2.5835 | C: -5.1183 | WD: 11.2544
  [ 250/716] G: -0.6241 | C: -15.1388 | WD: 16.6412
  [ 300/716] G:  1.7672 | C: -11.4045 | WD: 15.3291
  [ 350/716] G: -2.4013 | C: -4.7918 | WD: 17.9386
  [ 400/716] G:  5.1097 | C: -10.2914 | WD: 12.8756
  [ 450/716] G: -1.3791 | C: -11.4711 | WD: 13.1532
  [ 500/716] G:  0.7469 | C: -10.2985 | WD: 15.4061
  [ 550/716] G:  0.0055 | C: -10.6484 | WD: 12.9125
  [ 600/716] G: -5.7170 | C: -16.7748 | WD: 18.0487
  Saved sample images at batch 61500
  [ 650/716] G: -9.1153 | C: -15.8273 | WD: 18.1906
  [ 700/716] G: -3.7833 | C: -13.7401 | WD: 18.1413

============================================================
Epoch 86/300 Summary:
  Generator Loss    : -1.8181
  Critic Loss       : -10.2408
  Wasserstein Dist  : 13.6917
  Quick SSIM Check  : 0.1599
  Last SSIM: 0.1656 (Best: 0.1664)
============================================================


============================================================
Epoch 87/300
============================================================
  [   0/716] G: -3.1123 | C: -16.4865 | WD: 21.1476
  [  50/716] G: -2.0900 | C: -10.3595 | WD: 14.8395
  [ 100/716] G: -3.5039 | C: -8.8788 | WD: 10.2151
  [ 150/716] G: -4.3606 | C: -12.0493 | WD: 12.7152
  [ 200/716] G:  2.0333 | C: -10.5829 | WD: 12.0499
  [ 250/716] G: -2.0152 | C: -9.1886 | WD: 11.9430
  [ 300/716] G: -2.3017 | C: -8.0138 | WD: 13.3313
  [ 350/716] G:  3.9425 | C: -9.0219 | WD: 13.7887
  [ 400/716] G:  1.1898 | C: -11.3001 | WD: 12.9937
  Saved sample images at batch 62000
  [ 450/716] G: -5.0647 | C: -5.3143 | WD:  9.7623
  [ 500/716] G: -1.8916 | C: -11.1260 | WD: 14.0013
  [ 550/716] G: -2.0222 | C: -7.6345 | WD: 17.7581
  [ 600/716] G:  0.4728 | C: -13.7332 | WD: 15.0002
  [ 650/716] G: -4.8952 | C: -11.7282 | WD: 16.0284
  [ 700/716] G: -4.2458 | C: -9.3849 | WD: 10.6256

============================================================
Epoch 87/300 Summary:
  Generator Loss    : -1.8192
  Critic Loss       : -10.3170
  Wasserstein Dist  : 13.7464
  Quick SSIM Check  : 0.1591
  Last SSIM: 0.1656 (Best: 0.1664)
============================================================


============================================================
Epoch 88/300
============================================================
  [   0/716] G: -5.2546 | C: -4.7805 | WD:  8.4180
  [  50/716] G: -5.6053 | C: -13.8089 | WD: 17.4074
  [ 100/716] G: -5.3374 | C: -12.3244 | WD: 15.1648
  [ 150/716] G: -1.7088 | C: -8.4617 | WD: 11.6128
  [ 200/716] G: -2.2625 | C: -10.7295 | WD: 12.2811
  Saved sample images at batch 62500
  [ 250/716] G: -4.2730 | C: -11.8353 | WD: 13.1105
  [ 300/716] G: -5.3029 | C: -10.2530 | WD: 16.2514
  [ 350/716] G: -0.5709 | C: -12.0181 | WD: 13.0388
  [ 400/716] G: -4.6676 | C: -10.0938 | WD: 13.0187
  [ 450/716] G: -5.0797 | C: -10.5447 | WD: 10.8163
  [ 500/716] G: -2.6514 | C: -8.5514 | WD: 11.5241
  [ 550/716] G: -5.6603 | C: -13.4844 | WD: 20.3757
  [ 600/716] G: -5.1744 | C: -12.6134 | WD: 15.4632
  [ 650/716] G: -2.7769 | C: -10.6292 | WD: 12.3651
  [ 700/716] G: -3.2219 | C: -9.4590 | WD: 11.2404
  Saved sample images at batch 63000

============================================================
Epoch 88/300 Summary:
  Generator Loss    : -3.5430
  Critic Loss       : -10.1785
  Wasserstein Dist  : 13.5538
  Quick SSIM Check  : 0.1536
  Last SSIM: 0.1656 (Best: 0.1664)
============================================================


============================================================
Epoch 89/300
============================================================
  [   0/716] G: -0.9104 | C: -8.6648 | WD: 12.5720
  [  50/716] G: -2.6905 | C: -9.5174 | WD: 10.2425
  [ 100/716] G:  4.0917 | C: -8.4599 | WD: 12.4183
  [ 150/716] G: -3.1861 | C: -12.8622 | WD: 14.4168
  [ 200/716] G: -0.4561 | C: -9.1511 | WD: 11.1602
  [ 250/716] G:  0.6453 | C: -4.5767 | WD:  7.3389
  [ 300/716] G: -2.9759 | C: -13.2383 | WD: 16.5268
  [ 350/716] G: -3.2816 | C: -10.2669 | WD: 12.2475
  [ 400/716] G: -1.6394 | C: -11.5148 | WD: 13.1706
  [ 450/716] G: -3.9712 | C: -11.4473 | WD: 13.6621
  Saved sample images at batch 63500
  [ 500/716] G: -0.9272 | C: -9.4784 | WD: 12.5768
  [ 550/716] G: -3.7907 | C: -13.6689 | WD: 16.6517
  [ 600/716] G: -0.9506 | C: -6.0095 | WD:  8.9627
  [ 650/716] G:  2.3717 | C: -10.1051 | WD: 11.5614
  [ 700/716] G:  0.4369 | C: -5.8197 | WD: 11.1920

============================================================
Epoch 89/300 Summary:
  Generator Loss    : -2.3448
  Critic Loss       : -10.1973
  Wasserstein Dist  : 13.6208
  Quick SSIM Check  : 0.1547
  Last SSIM: 0.1656 (Best: 0.1664)
============================================================


============================================================
Epoch 90/300
============================================================
  [   0/716] G: -7.8183 | C: -22.5183 | WD: 25.3085
  [  50/716] G: -1.1322 | C: -8.9062 | WD: 13.1796
  [ 100/716] G: -1.5893 | C: -13.2592 | WD: 15.8870
  [ 150/716] G: -4.0557 | C: -25.1370 | WD: 30.6683
  [ 200/716] G: -3.1452 | C: -16.8236 | WD: 22.2529
  [ 250/716] G: -3.7048 | C: -13.2053 | WD: 18.9699
  Saved sample images at batch 64000
  [ 300/716] G:  0.8366 | C: -8.3560 | WD:  9.6143
  [ 350/716] G: -3.3581 | C: -3.9507 | WD: 10.8559
  [ 400/716] G:  1.7110 | C: -10.8225 | WD: 17.5990
  [ 450/716] G:  0.0788 | C: -13.1246 | WD: 16.3738
  [ 500/716] G: -4.9378 | C: -9.7456 | WD: 12.3344
  [ 550/716] G:  1.5024 | C: -9.5910 | WD: 10.5945
  [ 600/716] G: -1.2178 | C: -8.2267 | WD: 11.8167
  [ 650/716] G: -2.8604 | C: -10.9397 | WD: 13.8016
  [ 700/716] G: -2.5683 | C: -10.0121 | WD: 11.0685

============================================================
Epoch 90/300 Summary:
  Generator Loss    : -1.1861
  Critic Loss       : -10.3534
  Wasserstein Dist  : 13.8549
  Quick SSIM Check  : 0.1539

────────────────────────────────────────────────────────────
Running validation...
  Validation SSIM   : 0.1589
  Target SSIM       : 0.6000
  Status            : ✗ Below target
────────────────────────────────────────────────────────────
============================================================


============================================================
Epoch 91/300
============================================================
  [   0/716] G: -3.5785 | C: -4.8058 | WD:  9.7536
  [  50/716] G: -0.4548 | C: -13.4562 | WD: 15.0427
  Saved sample images at batch 64500
  [ 100/716] G: -5.3269 | C: -12.8090 | WD: 16.2921
  [ 150/716] G: -2.2415 | C: -13.2062 | WD: 17.0530
  [ 200/716] G: -2.1577 | C: -10.5621 | WD: 18.8386
  [ 250/716] G: -2.2214 | C: -12.9724 | WD: 14.1510
  [ 300/716] G: -3.2620 | C: -10.8657 | WD: 14.4664
  [ 350/716] G: -2.4262 | C: -8.8239 | WD:  9.0169
  [ 400/716] G: -5.5906 | C: -11.8372 | WD: 15.7451
  [ 450/716] G: -4.0952 | C: -9.6374 | WD: 12.1273
  [ 500/716] G: -5.2033 | C: -11.9059 | WD: 13.2533
  [ 550/716] G: -4.7854 | C: -11.3522 | WD: 15.4051
  Saved sample images at batch 65000
  [ 600/716] G: -4.7142 | C: -8.5614 | WD: 15.4925
  [ 650/716] G:  0.0913 | C: -10.4814 | WD: 17.7426
  [ 700/716] G: -5.2600 | C: -13.3190 | WD: 14.3992

============================================================
Epoch 91/300 Summary:
  Generator Loss    : -2.5118
  Critic Loss       : -10.2489
  Wasserstein Dist  : 13.6921
  Quick SSIM Check  : 0.1611
  Last SSIM: 0.1589 (Best: 0.1664)
============================================================


============================================================
Epoch 92/300
============================================================
  [   0/716] G: -4.8735 | C: -8.1827 | WD: 11.9844
  [  50/716] G: -0.3160 | C: -14.2943 | WD: 17.1587
  [ 100/716] G: -3.2363 | C: -9.8581 | WD: 12.1331
  [ 150/716] G:  0.0401 | C: -13.6952 | WD: 15.2623
  [ 200/716] G: -2.0327 | C: -14.0454 | WD: 16.1985
  [ 250/716] G: -5.5213 | C: -13.0876 | WD: 15.2511
  [ 300/716] G: -5.4466 | C: -9.7699 | WD: 11.9023
  Saved sample images at batch 65500
  [ 350/716] G: -2.8698 | C: -9.5342 | WD: 12.5130
  [ 400/716] G: -4.8273 | C: -9.8592 | WD: 13.7601
  [ 450/716] G: -5.3325 | C: -8.6344 | WD: 16.1879
  [ 500/716] G: -1.2798 | C: -6.7601 | WD:  8.2508
  [ 550/716] G: -5.5783 | C: -12.7289 | WD: 13.6231
  [ 600/716] G: -0.6318 | C: -10.2720 | WD: 10.6772
  [ 650/716] G: -2.2273 | C: -5.5639 | WD:  7.4606
  [ 700/716] G: -4.4823 | C: -4.8669 | WD:  7.8889

============================================================
Epoch 92/300 Summary:
  Generator Loss    : -3.2474
  Critic Loss       : -10.1286
  Wasserstein Dist  : 13.5433
  Quick SSIM Check  : 0.1596
  Last SSIM: 0.1589 (Best: 0.1664)
============================================================


============================================================
Epoch 93/300
============================================================
  [   0/716] G: -5.7675 | C: -8.3166 | WD:  9.7515
  [  50/716] G: -4.0020 | C: -5.9383 | WD: 12.3437
  [ 100/716] G: -0.3845 | C: -9.8042 | WD: 12.6855
  Saved sample images at batch 66000
  [ 150/716] G: -5.3901 | C: -9.5535 | WD: 14.3390
  [ 200/716] G: -0.0390 | C: -13.0599 | WD: 17.4272
  [ 250/716] G: -4.8965 | C: -9.2472 | WD:  9.9400
  [ 300/716] G: -1.5897 | C: -8.2595 | WD: 15.3393
  [ 350/716] G: -4.2094 | C: -5.4075 | WD: 12.3256
  [ 400/716] G: -2.9641 | C: -13.6780 | WD: 16.9989
  [ 450/716] G:  1.3651 | C: -7.6361 | WD:  8.9375
  [ 500/716] G: -2.5972 | C: -12.4438 | WD: 13.1656
  [ 550/716] G: -4.4458 | C: -9.0269 | WD: 13.1488
  [ 600/716] G: -2.3599 | C: -10.2938 | WD: 11.6096
  Saved sample images at batch 66500
  [ 650/716] G: -4.1987 | C: -8.2022 | WD: 14.6638
  [ 700/716] G: -0.9356 | C: -10.1313 | WD: 11.3501

============================================================
Epoch 93/300 Summary:
  Generator Loss    : -2.9141
  Critic Loss       : -10.1319
  Wasserstein Dist  : 13.4879
  Quick SSIM Check  : 0.1582
  Last SSIM: 0.1589 (Best: 0.1664)
============================================================


============================================================
Epoch 94/300
============================================================
  [   0/716] G: -0.5286 | C: -8.1565 | WD:  9.8530
  [  50/716] G: -2.0937 | C: -12.9604 | WD: 16.4607
  [ 100/716] G:  1.6191 | C: -7.5804 | WD: 10.0187
  [ 150/716] G: -1.2150 | C: -16.6610 | WD: 20.4994
  [ 200/716] G: -1.9955 | C: -9.4946 | WD: 16.0479
  [ 250/716] G:  0.4396 | C: -7.6821 | WD: 12.9573
  [ 300/716] G:  0.2596 | C: -5.6414 | WD: 13.4211
  [ 350/716] G: -1.0839 | C: -15.5882 | WD: 18.4899
  [ 400/716] G: -5.3187 | C: -11.9773 | WD: 14.8078
  Saved sample images at batch 67000
  [ 450/716] G: -4.2194 | C: -6.9970 | WD: 10.1328
  [ 500/716] G:  0.0970 | C: -9.3944 | WD: 11.8813
  [ 550/716] G: -1.8877 | C: -10.5152 | WD: 14.6025
  [ 600/716] G:  0.8308 | C: -11.5149 | WD: 13.1097
  [ 650/716] G: -1.7279 | C: -11.9435 | WD: 13.7639
  [ 700/716] G: -5.5824 | C: -8.9148 | WD: 12.9522

============================================================
Epoch 94/300 Summary:
  Generator Loss    : -1.7681
  Critic Loss       : -10.0573
  Wasserstein Dist  : 13.4414
  Quick SSIM Check  : 0.1573
  Last SSIM: 0.1589 (Best: 0.1664)
============================================================


============================================================
Epoch 95/300
============================================================
  [   0/716] G: -5.3605 | C: -8.2628 | WD:  9.9918
  [  50/716] G:  3.5582 | C: -7.5920 | WD:  7.6837
  [ 100/716] G: -3.7262 | C: -11.1600 | WD: 12.1669
  [ 150/716] G: -3.7919 | C: -9.0659 | WD: 14.7920
  Saved sample images at batch 67500
  [ 200/716] G: -4.6288 | C: -16.0180 | WD: 18.0547
  [ 250/716] G: -7.0118 | C: -11.8691 | WD: 13.8351
  [ 300/716] G: -4.4010 | C: -2.8911 | WD: 12.4106
  [ 350/716] G: -2.3691 | C: -10.8251 | WD: 12.2910
  [ 400/716] G: -4.0935 | C: -6.4494 | WD: 15.9952
  [ 450/716] G:  3.1643 | C: -11.1415 | WD: 14.6736
  [ 500/716] G: -2.7345 | C: -13.9087 | WD: 15.6619
  [ 550/716] G: -3.2222 | C: -11.7601 | WD: 13.3314
  [ 600/716] G: -0.6157 | C: -9.9331 | WD: 13.2522
  [ 650/716] G: -5.7268 | C: -12.0888 | WD: 13.4464
  Saved sample images at batch 68000
  [ 700/716] G: -5.0130 | C: -9.3643 | WD: 13.3237

============================================================
Epoch 95/300 Summary:
  Generator Loss    : -2.5957
  Critic Loss       : -10.0171
  Wasserstein Dist  : 13.3474
  Quick SSIM Check  : 0.1587

────────────────────────────────────────────────────────────
Running validation...
  Validation SSIM   : 0.1602
  Target SSIM       : 0.6000
  Status            : ✗ Below target
────────────────────────────────────────────────────────────
============================================================


============================================================
Epoch 96/300
============================================================
  [   0/716] G: -1.3166 | C: -11.2476 | WD: 15.3895
  [  50/716] G: -2.0362 | C: -7.7933 | WD: 12.3911
  [ 100/716] G: -3.3605 | C: -8.5869 | WD:  8.6934
  [ 150/716] G:  0.6263 | C: -13.1254 | WD: 14.9118
  [ 200/716] G: -6.9487 | C: -12.7472 | WD: 14.3021
  [ 250/716] G: -3.3741 | C: -9.6927 | WD: 12.6732
  [ 300/716] G: -11.9476 | C: -15.9043 | WD: 23.2641
  [ 350/716] G: -5.1510 | C: -8.7939 | WD:  9.5528
  [ 400/716] G:  0.2177 | C: -8.9138 | WD: 15.2040
  [ 450/716] G: -5.1719 | C: -14.6712 | WD: 23.1624
  Saved sample images at batch 68500
  [ 500/716] G: -7.6524 | C: -13.1203 | WD: 14.3893
  [ 550/716] G: -4.3201 | C: -10.4564 | WD: 13.8080
  [ 600/716] G: -3.9112 | C: -7.8798 | WD: 13.4392
  [ 650/716] G:  5.2429 | C: -12.5557 | WD: 16.6603
  [ 700/716] G: -2.9680 | C: -12.2942 | WD: 17.8710

============================================================
Epoch 96/300 Summary:
  Generator Loss    : -3.4721
  Critic Loss       : -10.0490
  Wasserstein Dist  : 13.4250
  Quick SSIM Check  : 0.1654
  Last SSIM: 0.1602 (Best: 0.1664)
============================================================


============================================================
Epoch 97/300
============================================================
  [   0/716] G: -4.6893 | C: -8.2685 | WD: 12.3271
  [  50/716] G: -2.5452 | C: -9.3913 | WD: 14.3616
  [ 100/716] G: -3.6632 | C: -15.4193 | WD: 18.5394
  [ 150/716] G:  0.3148 | C: -7.0807 | WD: 10.4538
  [ 200/716] G: -5.7000 | C: -8.3009 | WD: 15.8714
  [ 250/716] G: -3.2257 | C: -12.6136 | WD: 13.4617
  Saved sample images at batch 69000
  [ 300/716] G: -5.2127 | C: -9.7645 | WD: 11.8037
  [ 350/716] G:  1.8742 | C: -14.6708 | WD: 15.3440
  [ 400/716] G: -2.9540 | C: -8.6658 | WD: 11.4156
  [ 450/716] G: -1.0525 | C: -13.6254 | WD: 18.0040
  [ 500/716] G: -4.6388 | C: -7.4388 | WD: 11.3751
  [ 550/716] G: -3.1666 | C: -10.3546 | WD: 14.0397
  [ 600/716] G: -4.4018 | C: -9.5004 | WD: 10.6113
  [ 650/716] G: -5.1589 | C: -9.9143 | WD: 11.4280
  [ 700/716] G: -1.0813 | C: -10.7723 | WD: 13.8308

============================================================
Epoch 97/300 Summary:
  Generator Loss    : -4.0511
  Critic Loss       : -10.0087
  Wasserstein Dist  : 13.3859
  Quick SSIM Check  : 0.1546
  Last SSIM: 0.1602 (Best: 0.1664)
============================================================


============================================================
Epoch 98/300
============================================================
  [   0/716] G: -8.4367 | C: -8.8420 | WD: 11.1978
  Saved sample images at batch 69500
  [  50/716] G: -3.5124 | C: -19.1833 | WD: 21.0190
  [ 100/716] G: -7.3437 | C: -9.4150 | WD: 10.4684
  [ 150/716] G: -9.8459 | C: -14.5221 | WD: 15.3181
  [ 200/716] G: -7.1810 | C: -8.7688 | WD: 10.6763
  [ 250/716] G: -3.8757 | C: -9.3321 | WD: 12.4460
  [ 300/716] G: -4.9202 | C: -10.4552 | WD: 11.0627
  [ 350/716] G: -6.0869 | C: -14.8738 | WD: 18.3896
  [ 400/716] G: -2.4159 | C: -9.3628 | WD: 18.1169
  [ 450/716] G: -3.4268 | C: -11.1694 | WD: 14.8131
  [ 500/716] G: -10.1738 | C: -12.1338 | WD: 15.0330
  Saved sample images at batch 70000
  [ 550/716] G: -7.2688 | C: -8.3928 | WD: 11.2359
  [ 600/716] G: -9.2041 | C: -9.5629 | WD: 14.7691
  [ 650/716] G: -1.0373 | C: -14.6974 | WD: 20.9054
  [ 700/716] G: -6.8095 | C: -11.3761 | WD: 14.3552

============================================================
Epoch 98/300 Summary:
  Generator Loss    : -5.6297
  Critic Loss       : -10.0562
  Wasserstein Dist  : 13.3496
  Quick SSIM Check  : 0.1628
  Last SSIM: 0.1602 (Best: 0.1664)
============================================================


============================================================
Epoch 99/300
============================================================
  [   0/716] G: -6.0194 | C: -10.5416 | WD: 13.6056
  [  50/716] G: -5.7849 | C: -10.1469 | WD: 11.7607
  [ 100/716] G: -6.0258 | C: -5.5341 | WD:  8.8531
  [ 150/716] G: -0.6099 | C: -9.8686 | WD: 12.7096
  [ 200/716] G: -5.7398 | C: -8.0774 | WD:  8.3708
  [ 250/716] G: -10.1393 | C: -10.8961 | WD: 12.8840
  [ 300/716] G: -7.0572 | C: -6.6191 | WD: 10.2125
  Saved sample images at batch 70500
  [ 350/716] G: -4.7376 | C: -8.1918 | WD: 19.6552
  [ 400/716] G: -5.9077 | C: -14.9988 | WD: 18.9991
  [ 450/716] G: -4.4648 | C: -7.1791 | WD:  8.5258
  [ 500/716] G: -7.3858 | C: -12.5851 | WD: 15.7547
  [ 550/716] G: -0.8903 | C: -11.5185 | WD: 18.2737
  [ 600/716] G: -6.0784 | C: -15.1817 | WD: 17.3115
  [ 650/716] G: -1.8259 | C: -12.8352 | WD: 16.3926
  [ 700/716] G: -2.6921 | C: -10.7509 | WD: 11.2926

============================================================
Epoch 99/300 Summary:
  Generator Loss    : -6.2295
  Critic Loss       : -10.0389
  Wasserstein Dist  : 13.4045
  Quick SSIM Check  : 0.1712
  Last SSIM: 0.1602 (Best: 0.1664)
============================================================


============================================================
Epoch 100/300
============================================================
  [   0/716] G: -6.3186 | C: -7.1214 | WD: 17.2390
  [  50/716] G: -3.1052 | C: -7.1471 | WD: 15.4352
  [ 100/716] G: -7.4141 | C: -17.0782 | WD: 20.3116
  Saved sample images at batch 71000
  [ 150/716] G: -3.0882 | C: -9.4411 | WD: 12.7799
  [ 200/716] G: -5.7037 | C: -7.0665 | WD: 11.6463
  [ 250/716] G: -6.0692 | C: -12.6903 | WD: 14.1559
  [ 300/716] G: -6.4459 | C: -11.1635 | WD: 13.4813
  [ 350/716] G: -4.5075 | C: -7.5816 | WD: 11.0811
  [ 400/716] G: -4.0962 | C: -10.3806 | WD: 11.3291
  [ 450/716] G: -7.0723 | C: -15.6228 | WD: 17.4835
  [ 500/716] G: -5.8882 | C: -15.9711 | WD: 22.3230
  [ 550/716] G: -0.5190 | C: -10.5555 | WD: 11.4848
  [ 600/716] G: -8.5001 | C: -9.9152 | WD: 16.7473
  Saved sample images at batch 71500
  [ 650/716] G: -7.4214 | C: -6.1760 | WD: 10.5849
  [ 700/716] G: -11.4821 | C: -11.6741 | WD: 15.3442

============================================================
Epoch 100/300 Summary:
  Generator Loss    : -5.8484
  Critic Loss       : -9.8353
  Wasserstein Dist  : 13.2059
  Quick SSIM Check  : 0.1527

────────────────────────────────────────────────────────────
Running validation...
  Validation SSIM   : 0.1577
  Target SSIM       : 0.6000
  Status            : ✗ Below target
────────────────────────────────────────────────────────────
============================================================

Checkpoint saved at epoch 100


============================================================
Epoch 101/300
============================================================
  [   0/716] G: -12.0952 | C: -12.2556 | WD: 13.3896
  [  50/716] G: -7.9903 | C: -9.2340 | WD: 10.0490
  [ 100/716] G: -8.9920 | C: -14.3461 | WD: 21.7445
  [ 150/716] G: -10.8271 | C: -12.0919 | WD: 14.7091
  [ 200/716] G: -4.9300 | C: -12.1656 | WD: 15.8665
  [ 250/716] G: -5.8983 | C: -6.9853 | WD: 13.0977
  [ 300/716] G: -10.0902 | C: -9.2689 | WD: 12.9453
  [ 350/716] G: -7.5872 | C: -10.6286 | WD: 14.9000
  [ 400/716] G: -6.6845 | C: -10.9183 | WD: 13.8802
  Saved sample images at batch 72000
  [ 450/716] G: -7.7692 | C: -14.3287 | WD: 19.5152
  [ 500/716] G: -6.2966 | C: -14.4939 | WD: 15.9780
  [ 550/716] G: -6.5921 | C: -12.2072 | WD: 13.3477
  [ 600/716] G: -10.6287 | C: -13.6008 | WD: 23.2383
  [ 650/716] G: -3.3359 | C: -8.9829 | WD: 10.5630
  [ 700/716] G: -7.1284 | C: -5.4484 | WD: 13.1193

============================================================
Epoch 101/300 Summary:
  Generator Loss    : -7.1442
  Critic Loss       : -9.9751
  Wasserstein Dist  : 13.2864
  Quick SSIM Check  : 0.1496
  Last SSIM: 0.1577 (Best: 0.1664)
============================================================


============================================================
Epoch 102/300
============================================================
  [   0/716] G: -9.9561 | C: -5.3615 | WD: 13.1587
  [  50/716] G: -7.3528 | C: -6.9054 | WD: 14.2907
  [ 100/716] G: -2.9376 | C: -10.8967 | WD: 16.4313
  [ 150/716] G: -7.0178 | C: -16.8418 | WD: 17.4225
  Saved sample images at batch 72500
  [ 200/716] G: -6.8497 | C: -8.4839 | WD: 11.2314
  [ 250/716] G: -3.8068 | C: -12.0361 | WD: 13.4979
  [ 300/716] G: -3.9029 | C: -12.6208 | WD: 15.7778
  [ 350/716] G: -9.0587 | C: -10.7723 | WD: 14.7454
  [ 400/716] G: -10.4009 | C: -12.6580 | WD: 16.6121
  [ 450/716] G: -6.1708 | C: -10.9691 | WD: 13.1015
  [ 500/716] G: -1.6269 | C: -10.4112 | WD: 13.8586
  [ 550/716] G: -6.5136 | C: -9.0821 | WD: 11.5049
  [ 600/716] G: -9.0344 | C: -11.2397 | WD: 13.3730
  [ 650/716] G: -11.6358 | C: -11.8668 | WD: 13.0886
  Saved sample images at batch 73000
  [ 700/716] G: -9.3399 | C: -11.3813 | WD: 18.5200

============================================================
Epoch 102/300 Summary:
  Generator Loss    : -7.3721
  Critic Loss       : -9.9226
  Wasserstein Dist  : 13.2429
  Quick SSIM Check  : 0.1641
  Last SSIM: 0.1577 (Best: 0.1664)
============================================================


============================================================
Epoch 103/300
============================================================
  [   0/716] G: -10.4326 | C: -8.0474 | WD: 11.6909
  [  50/716] G: -7.6657 | C: -8.7963 | WD:  9.1666
  [ 100/716] G: -9.6888 | C: -10.0716 | WD: 11.6069
  [ 150/716] G: -6.7804 | C: -9.2574 | WD: 14.8656
  [ 200/716] G: -6.2372 | C: 18.0672 | WD: 19.4427
  [ 250/716] G: -6.4807 | C: -14.0500 | WD: 15.8199
  [ 300/716] G: -2.5742 | C: -9.6863 | WD: 13.7250
  [ 350/716] G: -6.3823 | C: -9.1260 | WD: 13.6518
  [ 400/716] G: -13.0870 | C: -16.4702 | WD: 18.3060
  [ 450/716] G: -8.4987 | C: -8.1311 | WD: 12.2698
  Saved sample images at batch 73500
  [ 500/716] G: -8.8201 | C: -8.5327 | WD: 10.1051
  [ 550/716] G: -7.0975 | C: -17.2102 | WD: 20.1034
  [ 600/716] G: -8.2627 | C: -12.8603 | WD: 15.2048
  [ 650/716] G: -13.6489 | C: -14.2699 | WD: 16.1964
  [ 700/716] G: -10.1583 | C: -10.2420 | WD: 11.9935

============================================================
Epoch 103/300 Summary:
  Generator Loss    : -6.6048
  Critic Loss       : -9.9318
  Wasserstein Dist  : 13.2259
  Quick SSIM Check  : 0.1561
  Last SSIM: 0.1577 (Best: 0.1664)
============================================================


============================================================
Epoch 104/300
============================================================
  [   0/716] G: -5.1837 | C: -13.2431 | WD: 14.5923
  [  50/716] G: -5.4241 | C: -14.8385 | WD: 17.4333
  [ 100/716] G: -5.2072 | C: -10.5352 | WD: 21.1385
  [ 150/716] G: -8.6311 | C: -10.8510 | WD: 13.4080
  [ 200/716] G: -7.3701 | C: -12.7412 | WD: 13.8964
  [ 250/716] G: -10.3263 | C: -6.3262 | WD: 11.3168
  Saved sample images at batch 74000
  [ 300/716] G: -7.9921 | C: -14.8898 | WD: 23.0067
  [ 350/716] G: -6.5475 | C: -10.8463 | WD: 14.5769
  [ 400/716] G: -6.2799 | C: -8.3153 | WD:  8.7198
  [ 450/716] G:  2.4113 | C: -11.6904 | WD: 12.1286
  [ 500/716] G: -6.8269 | C: -8.6553 | WD: 17.0474
  [ 550/716] G:  0.5755 | C: -8.2814 | WD: 11.1331
  [ 600/716] G: -4.5692 | C: -6.9796 | WD: 11.5151
  [ 650/716] G: -1.7037 | C: -13.5422 | WD: 16.2967
  [ 700/716] G:  1.0320 | C: -6.6213 | WD: 12.9026

============================================================
Epoch 104/300 Summary:
  Generator Loss    : -5.3034
  Critic Loss       : -9.8319
  Wasserstein Dist  : 13.1237
  Quick SSIM Check  : 0.1606
  Last SSIM: 0.1577 (Best: 0.1664)
============================================================


============================================================
Epoch 105/300
============================================================
  [   0/716] G: -4.6984 | C: -1.3573 | WD: 19.3057
  Saved sample images at batch 74500
  [  50/716] G:  3.3996 | C: -13.3901 | WD: 15.2310
  [ 100/716] G: -3.1725 | C: -9.8733 | WD: 12.1340
  [ 150/716] G: -3.3815 | C: -16.5157 | WD: 17.3055
  [ 200/716] G: -7.3548 | C: -18.0571 | WD: 19.1852
  [ 250/716] G:  0.1798 | C: -6.0963 | WD:  9.7187
  [ 300/716] G: -3.7286 | C: -10.7729 | WD: 14.5916
  [ 350/716] G: -4.4406 | C: -10.9531 | WD: 15.5298
  [ 400/716] G: -0.4840 | C: -11.4780 | WD: 13.5660
  [ 450/716] G: -0.9225 | C: -11.1343 | WD: 12.1812
  [ 500/716] G: -0.2593 | C: -9.9963 | WD: 11.0407
  Saved sample images at batch 75000
  [ 550/716] G: -3.3827 | C: -12.5669 | WD: 16.1640
  [ 600/716] G: -4.6469 | C: -7.5816 | WD: 11.7793
  [ 650/716] G: -6.0306 | C: -7.5375 | WD: 10.5568
  [ 700/716] G: -6.6262 | C: -7.7415 | WD: 10.3370

============================================================
Epoch 105/300 Summary:
  Generator Loss    : -3.1715
  Critic Loss       : -9.7241
  Wasserstein Dist  : 12.9886
  Quick SSIM Check  : 0.1527

────────────────────────────────────────────────────────────
Running validation...
  Validation SSIM   : 0.1579
  Target SSIM       : 0.6000
  Status            : ✗ Below target
────────────────────────────────────────────────────────────
============================================================


============================================================
Epoch 106/300
============================================================
  [   0/716] G: -1.6704 | C: -9.2184 | WD: 11.1111
  [  50/716] G: -4.9860 | C: -9.5949 | WD: 10.8485
  [ 100/716] G: -2.5446 | C: -8.3817 | WD: 14.4682
  [ 150/716] G: -3.7333 | C: -8.8612 | WD: 15.0936
  [ 200/716] G: -5.0639 | C: -8.6681 | WD: 11.1607
  [ 250/716] G: -2.6674 | C: -10.2792 | WD: 12.2190
  [ 300/716] G: -5.2500 | C: -4.2787 | WD:  9.5373
  Saved sample images at batch 75500
  [ 350/716] G: -4.7679 | C: -11.5224 | WD: 12.6638
  [ 400/716] G: -3.5934 | C: -5.1621 | WD: 13.3301
  [ 450/716] G: -1.2738 | C: -12.2888 | WD: 13.9081
  [ 500/716] G: -6.4764 | C: -8.6624 | WD: 10.8390
  [ 550/716] G: -8.6624 | C: -10.3775 | WD: 16.3471
  [ 600/716] G: -3.7123 | C: -7.0368 | WD: 11.5059
  [ 650/716] G: -5.6468 | C: -11.3259 | WD: 12.3395
  [ 700/716] G: -5.6812 | C: -7.8100 | WD: 12.1067

============================================================
Epoch 106/300 Summary:
  Generator Loss    : -4.1031
  Critic Loss       : -9.6459
  Wasserstein Dist  : 12.8873
  Quick SSIM Check  : 0.1559
  Last SSIM: 0.1579 (Best: 0.1664)
============================================================


============================================================
Epoch 107/300
============================================================
  [   0/716] G: -9.1581 | C: -9.8187 | WD: 18.1737
  [  50/716] G: -6.4477 | C: -12.6107 | WD: 16.9117
  [ 100/716] G: -6.9453 | C: -9.0268 | WD: 14.3943
  Saved sample images at batch 76000
  [ 150/716] G: -3.8441 | C: -10.0240 | WD: 19.5953
  [ 200/716] G: -2.8132 | C: -11.1599 | WD: 13.7061
  [ 250/716] G: -6.1675 | C: -11.0871 | WD: 13.8024
  [ 300/716] G: -6.9825 | C: -19.2729 | WD: 22.3784
  [ 350/716] G: -6.2483 | C: -6.6967 | WD: 10.2564
  [ 400/716] G: -6.3890 | C: -13.4038 | WD: 22.4044
  [ 450/716] G: -7.9072 | C: -12.9098 | WD: 20.2422
  [ 500/716] G: -4.1680 | C: -7.4826 | WD: 11.6718
  [ 550/716] G: -5.1727 | C: -5.2836 | WD:  9.6786
  [ 600/716] G:  3.0725 | C: -9.2953 | WD: 11.3014
  Saved sample images at batch 76500
  [ 650/716] G: -5.2555 | C: -11.9133 | WD: 13.8438
  [ 700/716] G: -4.9869 | C: -11.2599 | WD: 13.2343

============================================================
Epoch 107/300 Summary:
  Generator Loss    : -5.1223
  Critic Loss       : -9.7676
  Wasserstein Dist  : 13.0380
  Quick SSIM Check  : 0.1666
  Last SSIM: 0.1579 (Best: 0.1664)
============================================================


============================================================
Epoch 108/300
============================================================
  [   0/716] G: -7.5253 | C: -12.8983 | WD: 15.2941
  [  50/716] G: -5.2465 | C: -10.2426 | WD: 12.7000
  [ 100/716] G: -5.2927 | C: -9.5080 | WD: 13.8156
  [ 150/716] G: -2.6616 | C: -8.0577 | WD:  9.7398
  [ 200/716] G: -7.6760 | C: -20.0648 | WD: 22.4420
  [ 250/716] G: -3.6196 | C: -13.2062 | WD: 15.7725
  [ 300/716] G: -4.7185 | C: -8.6765 | WD: 10.8586
  [ 350/716] G: -3.8039 | C: -10.7504 | WD: 11.8446
  Saved sample images at batch 77000
  [ 400/716] G: -3.9994 | C: -9.6160 | WD: 12.4823
  [ 450/716] G: -3.5185 | C: -11.2580 | WD: 13.6612
  [ 500/716] G: -0.6365 | C: -12.3117 | WD: 15.5401
  [ 550/716] G: -3.6187 | C: -11.7822 | WD: 12.6831
  [ 600/716] G: -6.5163 | C: -14.2707 | WD: 19.6902
  [ 650/716] G: -9.4248 | C: -11.1478 | WD: 14.1755
  [ 700/716] G: -6.2547 | C: -6.1544 | WD: 10.3257

============================================================
Epoch 108/300 Summary:
  Generator Loss    : -5.3194
  Critic Loss       : -9.6209
  Wasserstein Dist  : 12.8307
  Quick SSIM Check  : 0.1525
  Last SSIM: 0.1579 (Best: 0.1664)
============================================================


============================================================
Epoch 109/300
============================================================
  [   0/716] G: -5.9753 | C: -10.9376 | WD: 15.1524
  [  50/716] G: -5.0903 | C: -18.3681 | WD: 21.6685
  [ 100/716] G: -5.8761 | C: -6.3954 | WD:  8.3172
  [ 150/716] G: -4.7825 | C: -11.3614 | WD: 12.3534
  Saved sample images at batch 77500
  [ 200/716] G: -7.4033 | C: -6.4347 | WD:  8.0379
  [ 250/716] G: -6.1609 | C: -10.3043 | WD: 12.1696
  [ 300/716] G: -7.1924 | C: -10.0322 | WD: 11.6817
  [ 350/716] G: -4.0221 | C: -10.0261 | WD: 15.6746
  [ 400/716] G: -3.0523 | C: -11.7561 | WD: 17.9403
  [ 450/716] G: -6.3398 | C: -13.0619 | WD: 16.5628
  [ 500/716] G: -6.2779 | C: -7.6352 | WD: 16.7008
  [ 550/716] G: -3.7403 | C: -10.4872 | WD: 13.6261
  [ 600/716] G:  5.0339 | C: -6.8881 | WD:  8.6823
  [ 650/716] G: -4.2720 | C: -12.0936 | WD: 13.2552
  Saved sample images at batch 78000
  [ 700/716] G: -3.2667 | C: -3.9407 | WD: 25.1208

============================================================
Epoch 109/300 Summary:
  Generator Loss    : -4.7365
  Critic Loss       : -9.6422
  Wasserstein Dist  : 12.8789
  Quick SSIM Check  : 0.1584
  Last SSIM: 0.1579 (Best: 0.1664)
============================================================


============================================================
Epoch 110/300
============================================================
  [   0/716] G: -5.4404 | C: -6.1453 | WD:  9.1041
  [  50/716] G:  0.9199 | C: -7.0616 | WD: 14.7939
  [ 100/716] G: -9.8595 | C: -9.0706 | WD: 11.7748
  [ 150/716] G:  8.0097 | C: -11.6131 | WD: 15.0880
  [ 200/716] G: -5.3252 | C: -14.3893 | WD: 15.8337
  [ 250/716] G:  0.4317 | C: -17.4619 | WD: 20.0508
  [ 300/716] G: -7.4105 | C: -7.5998 | WD:  9.1507
  [ 350/716] G: -3.9801 | C: -9.6366 | WD: 11.6735
  [ 400/716] G:  0.4655 | C: -12.6747 | WD: 15.1530
  [ 450/716] G:  0.3817 | C: -13.0612 | WD: 14.3970
  Saved sample images at batch 78500
  [ 500/716] G: -2.2353 | C: -10.5078 | WD: 11.5976
  [ 550/716] G: -0.0971 | C: -7.5527 | WD:  8.7191
  [ 600/716] G: -1.1341 | C: -14.8407 | WD: 15.5060
  [ 650/716] G: -0.9975 | C: -6.9810 | WD:  9.7945
  [ 700/716] G: -0.5760 | C: -11.7340 | WD: 13.9751

============================================================
Epoch 110/300 Summary:
  Generator Loss    : -3.1035
  Critic Loss       : -9.7125
  Wasserstein Dist  : 12.9468
  Quick SSIM Check  : 0.1640

────────────────────────────────────────────────────────────
Running validation...
  Validation SSIM   : 0.1629
  Target SSIM       : 0.6000
  Status            : ✗ Below target
────────────────────────────────────────────────────────────
============================================================


============================================================
Epoch 111/300
============================================================
  [   0/716] G: -1.5957 | C: -5.4011 | WD:  9.9571
  [  50/716] G: -3.7014 | C: -13.9826 | WD: 14.8968
  [ 100/716] G: -2.5716 | C: -5.9619 | WD:  6.8209
  [ 150/716] G: -10.7353 | C: -13.9248 | WD: 18.0765
  [ 200/716] G: -3.5064 | C: -10.2000 | WD: 12.5520
  Saved sample images at batch 79000
  [ 250/716] G: -4.4202 | C: -9.5587 | WD: 12.4414
  [ 300/716] G: -2.6274 | C: -4.9997 | WD: 11.0464
  [ 350/716] G:  1.1394 | C: -14.5333 | WD: 18.6460
  [ 400/716] G: -3.0360 | C: -8.3452 | WD: 10.4392
  [ 450/716] G: -9.5633 | C: -9.2041 | WD: 17.0539
  [ 500/716] G: -3.2881 | C: -14.6035 | WD: 21.2256
  [ 550/716] G: -6.4213 | C: -9.0606 | WD: 10.7548
  [ 600/716] G: -3.0370 | C: -12.7955 | WD: 16.8523
  [ 650/716] G: -7.0880 | C: -8.1262 | WD: 11.3649
  [ 700/716] G: -4.8825 | C: -11.6433 | WD: 12.6796

============================================================
Epoch 111/300 Summary:
  Generator Loss    : -4.0715
  Critic Loss       : -9.5214
  Wasserstein Dist  : 12.7395
  Quick SSIM Check  : 0.1493
  Last SSIM: 0.1629 (Best: 0.1664)
============================================================


============================================================
Epoch 112/300
============================================================
  [   0/716] G: -6.2866 | C: -14.0991 | WD: 14.5799
  Saved sample images at batch 79500
  [  50/716] G: -3.4243 | C: -8.3873 | WD: 12.6347
  [ 100/716] G: -7.7085 | C: -6.8097 | WD: 11.4941
  [ 150/716] G: -7.4371 | C: -9.6538 | WD: 10.0958
  [ 200/716] G: -1.6974 | C: -11.6738 | WD: 14.3507
  [ 250/716] G: -6.0621 | C: -9.6836 | WD: 21.1322
  [ 300/716] G: -4.0778 | C: -12.0104 | WD: 13.3607
  [ 350/716] G: -5.6010 | C: -6.6816 | WD:  9.5910
  [ 400/716] G: -2.6122 | C: -12.1170 | WD: 14.6875
  [ 450/716] G: -0.7088 | C: -9.2411 | WD: 10.3470
  [ 500/716] G: -4.5964 | C: -4.8647 | WD:  7.1670
  Saved sample images at batch 80000
  [ 550/716] G: -7.3955 | C: -13.3057 | WD: 15.9306
  [ 600/716] G: -2.1818 | C: -7.5813 | WD: 10.6397
  [ 650/716] G: -4.2064 | C: -9.3575 | WD: 12.4277
  [ 700/716] G: -2.9879 | C: -9.0387 | WD: 12.6102

============================================================
Epoch 112/300 Summary:
  Generator Loss    : -4.9924
  Critic Loss       : -9.5581
  Wasserstein Dist  : 12.7066
  Quick SSIM Check  : 0.1552
  Last SSIM: 0.1629 (Best: 0.1664)
============================================================


============================================================
Epoch 113/300
============================================================
  [   0/716] G: -5.8259 | C: -12.9011 | WD: 18.3466
  [  50/716] G: -9.0202 | C: -16.5392 | WD: 19.3275
  [ 100/716] G: -9.3324 | C: -12.9002 | WD: 19.1380
  [ 150/716] G: -3.1638 | C: -7.4487 | WD: 11.0407
  [ 200/716] G: -7.4134 | C: -12.4595 | WD: 16.8036
  [ 250/716] G: -6.7093 | C: -16.1538 | WD: 19.6146
  [ 300/716] G:  0.4885 | C: -10.7858 | WD: 13.2984
  Saved sample images at batch 80500
  [ 350/716] G: -7.1015 | C: -10.2930 | WD: 13.5257
  [ 400/716] G: -5.2088 | C: -11.6168 | WD: 12.6514
  [ 450/716] G: -2.6612 | C: -6.8533 | WD: 12.0674
  [ 500/716] G: -3.4637 | C: -4.3882 | WD: 17.1406
  [ 550/716] G: -8.8406 | C: -8.4669 | WD: 10.2467
  [ 600/716] G: -6.3738 | C: -8.9592 | WD: 10.8328
  [ 650/716] G: -8.2139 | C: -4.6224 | WD: 15.4626
  [ 700/716] G: -6.5523 | C: -8.9242 | WD: 12.1109

============================================================
Epoch 113/300 Summary:
  Generator Loss    : -5.4073
  Critic Loss       : -9.5825
  Wasserstein Dist  : 12.7798
  Quick SSIM Check  : 0.1573
  Last SSIM: 0.1629 (Best: 0.1664)
============================================================


============================================================
Epoch 114/300
============================================================
  [   0/716] G: -7.5040 | C: -12.4580 | WD: 16.1902
  [  50/716] G: -2.8614 | C: -13.1969 | WD: 14.0028
  Saved sample images at batch 81000
  [ 100/716] G: -3.6644 | C: -12.1386 | WD: 17.4841
  [ 150/716] G: -5.4534 | C: -10.1178 | WD: 13.0582
  [ 200/716] G: -3.5271 | C: -10.2206 | WD: 14.4115
  [ 250/716] G: -7.4541 | C: -9.3851 | WD: 14.1667
  [ 300/716] G: -6.6364 | C: -9.7158 | WD: 12.4225
  [ 350/716] G:  0.2934 | C: -15.4830 | WD: 16.9427
  [ 400/716] G: -5.4820 | C: -10.2901 | WD: 18.7081
  [ 450/716] G: -2.5146 | C: -8.1613 | WD: 10.6540
  [ 500/716] G: -7.6611 | C: -8.4750 | WD: 12.0172
  [ 550/716] G: -1.0608 | C: -8.8237 | WD: 11.8721
  Saved sample images at batch 81500
  [ 600/716] G: -3.5141 | C: -11.3143 | WD: 11.5434
  [ 650/716] G:  1.5648 | C: -10.3415 | WD: 16.4901
  [ 700/716] G: -4.2999 | C: -8.3359 | WD: 10.4778

============================================================
Epoch 114/300 Summary:
  Generator Loss    : -4.0737
  Critic Loss       : -9.6220
  Wasserstein Dist  : 12.8284
  Quick SSIM Check  : 0.1580
  Last SSIM: 0.1629 (Best: 0.1664)
============================================================


============================================================
Epoch 115/300
============================================================
  [   0/716] G: -3.5939 | C: -10.6599 | WD: 12.2366
  [  50/716] G: -5.1159 | C: -10.1022 | WD: 10.7583
  [ 100/716] G: -5.7227 | C: -9.5327 | WD: 10.3360
  [ 150/716] G: -3.7214 | C: -9.6247 | WD: 11.7614
  [ 200/716] G: -0.8183 | C: -8.0447 | WD:  9.8382
  [ 250/716] G: -8.7286 | C: -7.7235 | WD:  9.0265
  [ 300/716] G: -12.6091 | C: -12.0201 | WD: 15.0084
  [ 350/716] G: -3.6752 | C: -12.0447 | WD: 13.9554
  Saved sample images at batch 82000
  [ 400/716] G: -5.9608 | C: -14.3085 | WD: 19.9860
  [ 450/716] G: -4.4869 | C: -10.7680 | WD: 12.2904
  [ 500/716] G: -1.9285 | C: -9.7341 | WD: 12.8631
  [ 550/716] G: -6.0498 | C: -13.4039 | WD: 14.5429
  [ 600/716] G: -3.4311 | C: -4.8576 | WD: 14.5787
  [ 650/716] G: -3.5622 | C: -4.3466 | WD: 13.8504
  [ 700/716] G: -6.2546 | C: -11.1467 | WD: 12.9922

============================================================
Epoch 115/300 Summary:
  Generator Loss    : -4.1368
  Critic Loss       : -9.5085
  Wasserstein Dist  : 12.6756
  Quick SSIM Check  : 0.1526

────────────────────────────────────────────────────────────
Running validation...
  Validation SSIM   : 0.1469
  Target SSIM       : 0.6000
  Status            : ✗ Below target
────────────────────────────────────────────────────────────
============================================================


============================================================
Epoch 116/300
============================================================
  [   0/716] G: -4.4647 | C: -12.2553 | WD: 18.3767
  [  50/716] G: -1.8668 | C: -14.1248 | WD: 20.6886
  [ 100/716] G: -2.9420 | C: -1.3998 | WD:  9.6663
  [ 150/716] G: -7.4335 | C: -11.1500 | WD: 15.7908
  Saved sample images at batch 82500
  [ 200/716] G:  0.6581 | C: -10.5590 | WD: 12.6853
  [ 250/716] G: -3.0937 | C: -13.2539 | WD: 18.9109
  [ 300/716] G: -4.4930 | C: -11.4780 | WD: 12.9710
  [ 350/716] G: -6.2407 | C: -5.7865 | WD:  9.2699
  [ 400/716] G: -2.4344 | C: -9.0547 | WD: 14.8391
  [ 450/716] G: -6.4282 | C: -11.7877 | WD: 13.8778
  [ 500/716] G: -2.5578 | C: -5.2448 | WD:  8.6362
  [ 550/716] G: -3.2253 | C: -12.5539 | WD: 13.7905
  [ 600/716] G: -0.9758 | C: -8.0022 | WD: 17.1121
  [ 650/716] G: -3.8371 | C: -7.5253 | WD: 12.5412
  Saved sample images at batch 83000
  [ 700/716] G: -3.9769 | C: -8.1191 | WD: 16.2452

============================================================
Epoch 116/300 Summary:
  Generator Loss    : -3.5455
  Critic Loss       : -9.5768
  Wasserstein Dist  : 12.7754
  Quick SSIM Check  : 0.1540
  Last SSIM: 0.1469 (Best: 0.1664)
============================================================


============================================================
Epoch 117/300
============================================================
  [   0/716] G: -1.2044 | C: -16.9314 | WD: 22.1742
  [  50/716] G: -3.5054 | C: -6.0111 | WD: 13.6208
  [ 100/716] G: -3.8730 | C: -9.3181 | WD: 10.7374
  [ 150/716] G: -2.9548 | C: -12.1806 | WD: 14.1638
  [ 200/716] G:  3.5702 | C: -10.1804 | WD: 11.3271
  [ 250/716] G: -2.7184 | C: -9.0332 | WD: 11.8041
  [ 300/716] G: -4.7409 | C: -9.3054 | WD: 11.8578
  [ 350/716] G: -8.7771 | C: -18.4725 | WD: 18.9146
  [ 400/716] G: -4.6740 | C: -14.1146 | WD: 15.1363
  Saved sample images at batch 83500
  [ 450/716] G: -4.1021 | C: -11.6279 | WD: 14.7462
  [ 500/716] G: -6.2349 | C: -5.2330 | WD:  6.8572
  [ 550/716] G: -6.3125 | C: -7.7063 | WD: 11.8679
  [ 600/716] G: -7.5939 | C: -10.7223 | WD: 12.1321
  [ 650/716] G: -5.5090 | C: -9.5360 | WD: 12.4190
  [ 700/716] G: -6.6318 | C: -9.4642 | WD: 16.2445

============================================================
Epoch 117/300 Summary:
  Generator Loss    : -4.1623
  Critic Loss       : -9.4823
  Wasserstein Dist  : 12.6518
  Quick SSIM Check  : 0.1547
  Last SSIM: 0.1469 (Best: 0.1664)
============================================================


============================================================
Epoch 118/300
============================================================
  [   0/716] G: -4.8369 | C: -9.5042 | WD: 14.1697
  [  50/716] G: -0.3022 | C: -9.2413 | WD: 11.5599
  [ 100/716] G:  4.5453 | C: -9.7919 | WD: 10.3666
  [ 150/716] G:  0.0832 | C: -6.8964 | WD:  9.0280
  [ 200/716] G: -1.8980 | C: -9.7099 | WD: 10.8226
  Saved sample images at batch 84000
  [ 250/716] G: -8.3686 | C: -15.5800 | WD: 21.5433
  [ 300/716] G: -7.9934 | C: -10.4062 | WD: 12.9654
  [ 350/716] G: -7.0305 | C: -13.2325 | WD: 14.2064
  [ 400/716] G: -4.0975 | C: -9.1189 | WD: 12.1217
  [ 450/716] G: -2.1490 | C: -10.0345 | WD: 13.1425
  [ 500/716] G: -2.8085 | C: -14.9473 | WD: 18.4103
  [ 550/716] G: -3.4791 | C: -7.7458 | WD:  8.8709
  [ 600/716] G: -5.8988 | C: -9.6341 | WD: 14.3913
  [ 650/716] G: -7.3918 | C: -14.1092 | WD: 16.7024
  [ 700/716] G: -7.7510 | C: -11.8540 | WD: 19.2652

============================================================
Epoch 118/300 Summary:
  Generator Loss    : -4.6247
  Critic Loss       : -9.4134
  Wasserstein Dist  : 12.5600
  Quick SSIM Check  : 0.1658
  Last SSIM: 0.1469 (Best: 0.1664)
============================================================


============================================================
Epoch 119/300
============================================================
  [   0/716] G: -5.9565 | C: -8.6505 | WD: 13.2664
  Saved sample images at batch 84500
  [  50/716] G: -0.1335 | C: -9.7133 | WD: 11.7872
  [ 100/716] G:  0.8496 | C: -13.5319 | WD: 14.8520
  [ 150/716] G: -6.7631 | C: -13.6919 | WD: 16.6917
  [ 200/716] G: -0.6182 | C: -4.3721 | WD: 10.4154
  [ 250/716] G: -3.6439 | C: -7.9676 | WD:  9.5292
  [ 300/716] G: -3.5928 | C: -4.8126 | WD:  9.2572
  [ 350/716] G: -4.9618 | C: -10.4877 | WD: 11.7398
  [ 400/716] G: -6.2548 | C: -10.9917 | WD: 12.6937
  [ 450/716] G: -5.6787 | C: -7.1439 | WD: 10.5273
  [ 500/716] G: -3.5697 | C: -11.8810 | WD: 13.7206
  Saved sample images at batch 85000
  [ 550/716] G: -4.7293 | C: -8.0945 | WD: 11.2194
  [ 600/716] G: -5.4603 | C: -10.5237 | WD: 11.8948
  [ 650/716] G: -4.1491 | C: -9.5787 | WD: 10.2878
  [ 700/716] G: -0.7504 | C: -10.8214 | WD: 13.3485

============================================================
Epoch 119/300 Summary:
  Generator Loss    : -4.2554
  Critic Loss       : -9.4101
  Wasserstein Dist  : 12.5686
  Quick SSIM Check  : 0.1606
  Last SSIM: 0.1469 (Best: 0.1664)
============================================================


============================================================
Epoch 120/300
============================================================
  [   0/716] G: -4.7857 | C: -6.1438 | WD:  9.9417
  [  50/716] G: -7.8812 | C: -11.6655 | WD: 13.7027
  [ 100/716] G: -6.5624 | C: -13.6888 | WD: 14.9543
  [ 150/716] G:  0.1040 | C: -9.3640 | WD: 11.0844
  [ 200/716] G: -5.2290 | C: -12.8627 | WD: 22.0168
  [ 250/716] G: -4.2693 | C: -4.4761 | WD: 14.6131
  Saved sample images at batch 85500
  [ 300/716] G: -1.9916 | C: -13.5270 | WD: 15.4034
  [ 350/716] G: -3.2011 | C: -15.7694 | WD: 17.3478
  [ 400/716] G:  0.1581 | C: -9.6899 | WD: 12.0647
  [ 450/716] G: -4.8324 | C: -1.2793 | WD: 12.1556
  [ 500/716] G: -0.2442 | C: -7.8666 | WD: 11.3008
  [ 550/716] G: -3.5878 | C: -8.9760 | WD: 10.5174
  [ 600/716] G: -2.0906 | C: -7.0281 | WD:  8.8503
  [ 650/716] G: -2.2968 | C: -10.1875 | WD: 11.3180
  [ 700/716] G: -4.5473 | C: -7.3550 | WD: 10.6345

============================================================
Epoch 120/300 Summary:
  Generator Loss    : -3.8155
  Critic Loss       : -9.5410
  Wasserstein Dist  : 12.6862
  Quick SSIM Check  : 0.1584

────────────────────────────────────────────────────────────
Running validation...
  Validation SSIM   : 0.1576
  Target SSIM       : 0.6000
  Status            : ✗ Below target
────────────────────────────────────────────────────────────
============================================================

Checkpoint saved at epoch 120


============================================================
Epoch 121/300
============================================================
  [   0/716] G: -7.1368 | C: -9.9238 | WD: 10.8926
  [  50/716] G: -4.6931 | C: -12.6776 | WD: 19.9684
  Saved sample images at batch 86000
  [ 100/716] G: -1.2104 | C: -11.9631 | WD: 15.0293
  [ 150/716] G: -2.0419 | C: -10.7052 | WD: 12.4195
  [ 200/716] G: -1.3062 | C: -15.4384 | WD: 16.2088
  [ 250/716] G: -2.9145 | C: -8.0394 | WD: 10.7243
  [ 300/716] G: -1.4639 | C: -6.4746 | WD: 10.3767
  [ 350/716] G: -3.1529 | C: -12.5869 | WD: 15.8641
  [ 400/716] G: -2.5633 | C: -10.0252 | WD: 15.7539
  [ 450/716] G: -4.5058 | C: -9.8016 | WD: 13.2509
  [ 500/716] G: -3.4279 | C: -9.8418 | WD: 17.2188
  [ 550/716] G: -3.7771 | C: -10.2253 | WD: 14.2942
  Saved sample images at batch 86500
  [ 600/716] G:  3.1438 | C: -13.1841 | WD: 15.2217
  [ 650/716] G: -3.1802 | C: -8.8704 | WD: 10.7994
  [ 700/716] G: -2.8953 | C: -9.5670 | WD: 10.4751

============================================================
Epoch 121/300 Summary:
  Generator Loss    : -2.4110
  Critic Loss       : -9.2781
  Wasserstein Dist  : 12.3629
  Quick SSIM Check  : 0.1579
  Last SSIM: 0.1576 (Best: 0.1664)
============================================================


============================================================
Epoch 122/300
============================================================
  [   0/716] G: -1.3119 | C: -12.0684 | WD: 17.1359
  [  50/716] G: -1.3050 | C: -12.6360 | WD: 14.5217
  [ 100/716] G: -2.8579 | C: -14.1700 | WD: 18.1068
  [ 150/716] G: -2.9960 | C: -10.8836 | WD: 16.0730
  [ 200/716] G: -0.2473 | C: -10.0220 | WD: 12.0226
  [ 250/716] G: -1.8189 | C: -7.9418 | WD: 11.3477
  [ 300/716] G: -4.0146 | C: -8.9833 | WD: 11.0377
  [ 350/716] G: -2.3367 | C: -7.5130 | WD: 10.9391
  Saved sample images at batch 87000
  [ 400/716] G:  2.5967 | C: -8.4856 | WD: 11.7517
  [ 450/716] G: -2.5402 | C: -9.1803 | WD: 12.5975
  [ 500/716] G:  1.6273 | C: -13.3811 | WD: 16.4066
  [ 550/716] G: -3.4643 | C: -8.4906 | WD: 14.5470
  [ 600/716] G: -5.1496 | C: -12.3283 | WD: 12.9769
  [ 650/716] G: -5.8118 | C: -13.9692 | WD: 15.9443
  [ 700/716] G: -3.0725 | C: -4.3686 | WD:  8.7658

============================================================
Epoch 122/300 Summary:
  Generator Loss    : -2.1190
  Critic Loss       : -9.4851
  Wasserstein Dist  : 12.6621
  Quick SSIM Check  : 0.1566
  Last SSIM: 0.1576 (Best: 0.1664)
============================================================


============================================================
Epoch 123/300
============================================================
  [   0/716] G: -4.2452 | C: -8.7405 | WD: 10.3617
  [  50/716] G: -1.4622 | C: -6.6121 | WD: 10.5441
  [ 100/716] G: -3.9617 | C: -10.8263 | WD: 11.7527
  Saved sample images at batch 87500
  [ 150/716] G: -4.5156 | C: -8.4747 | WD: 10.6027
  [ 200/716] G:  1.6646 | C: -14.3812 | WD: 16.3322
  [ 250/716] G: -4.8653 | C: -8.6178 | WD: 16.7837
  [ 300/716] G: -6.5254 | C: -12.7473 | WD: 16.9369
  [ 350/716] G:  2.1590 | C: -7.8692 | WD:  9.8106
  [ 400/716] G: -4.5560 | C: -7.2490 | WD: 17.3132
  [ 450/716] G: -0.7608 | C: -5.5639 | WD:  7.3497
  [ 500/716] G: -3.8022 | C: -15.5336 | WD: 17.5067
  [ 550/716] G: -1.4243 | C: -10.1308 | WD: 11.2804
  [ 600/716] G: -0.5362 | C: -15.5387 | WD: 17.2231
  Saved sample images at batch 88000
  [ 650/716] G: -4.9249 | C: -8.3190 | WD:  9.7018
  [ 700/716] G: -2.5187 | C: -13.5684 | WD: 16.2694

============================================================
Epoch 123/300 Summary:
  Generator Loss    : -3.2364
  Critic Loss       : -9.4124
  Wasserstein Dist  : 12.5481
  Quick SSIM Check  : 0.1585
  Last SSIM: 0.1576 (Best: 0.1664)
============================================================


============================================================
Epoch 124/300
============================================================
  [   0/716] G: -7.9296 | C: -5.9264 | WD:  6.7035
  [  50/716] G: -3.1304 | C: -7.5283 | WD: 12.7409
  [ 100/716] G: -3.5474 | C: -8.8090 | WD: 10.5449
  [ 150/716] G:  2.2573 | C: -6.0298 | WD: 10.2046
  [ 200/716] G: -0.0015 | C: -9.1520 | WD: 10.7903
  [ 250/716] G: -2.9493 | C: -5.9282 | WD:  6.4596
  [ 300/716] G: -1.3680 | C: -9.3662 | WD: 10.7481
  [ 350/716] G: -4.5665 | C: -5.8982 | WD:  7.9236
  [ 400/716] G: -3.2125 | C: -12.1389 | WD: 13.1592
  Saved sample images at batch 88500
  [ 450/716] G: -5.0622 | C: -11.2317 | WD: 16.3438
  [ 500/716] G: -5.2920 | C: -5.9151 | WD: 14.5455
  [ 550/716] G: -3.9694 | C: -12.4680 | WD: 17.4026
  [ 600/716] G: -2.5297 | C: -9.5244 | WD: 11.3662
  [ 650/716] G: -1.6818 | C: -9.6293 | WD: 11.0360
  [ 700/716] G: -1.6203 | C: -11.1955 | WD: 12.7400

============================================================
Epoch 124/300 Summary:
  Generator Loss    : -2.6003
  Critic Loss       : -9.3909
  Wasserstein Dist  : 12.4939
  Quick SSIM Check  : 0.1563
  Last SSIM: 0.1576 (Best: 0.1664)
============================================================


============================================================
Epoch 125/300
============================================================
  [   0/716] G: -1.9411 | C: -8.4253 | WD: 12.5408
  [  50/716] G: -3.4931 | C: -6.0792 | WD: 10.3993
  [ 100/716] G: -1.9268 | C: -6.4583 | WD: 12.0941
  [ 150/716] G:  1.4360 | C: -9.6735 | WD: 10.6532
  [ 200/716] G: -1.7349 | C: -8.6282 | WD: 11.1468
  Saved sample images at batch 89000
  [ 250/716] G: -2.6975 | C: -7.4760 | WD: 11.7247
  [ 300/716] G: -1.0406 | C: -9.6985 | WD: 11.7896
  [ 350/716] G:  0.6420 | C: -11.9285 | WD: 14.5395
  [ 400/716] G: -3.8655 | C: -9.0542 | WD: 14.9157
  [ 450/716] G: -0.3346 | C: -10.9667 | WD: 12.0129
  [ 500/716] G: -0.8961 | C: -9.8015 | WD: 13.5137
  [ 550/716] G: -2.5565 | C: -11.7329 | WD: 20.1332
  [ 600/716] G:  3.6495 | C: -10.3334 | WD: 14.2660
  [ 650/716] G: -2.3227 | C: -8.6216 | WD: 11.4330
  [ 700/716] G: -3.3512 | C: -9.0010 | WD: 10.9487

============================================================
Epoch 125/300 Summary:
  Generator Loss    : -2.2007
  Critic Loss       : -9.3591
  Wasserstein Dist  : 12.4479
  Quick SSIM Check  : 0.1544

────────────────────────────────────────────────────────────
Running validation...
  Validation SSIM   : 0.1583
  Target SSIM       : 0.6000
  Status            : ✗ Below target
────────────────────────────────────────────────────────────
============================================================


============================================================
Epoch 126/300
============================================================
  [   0/716] G: -1.2576 | C: -9.3737 | WD: 13.1851
  Saved sample images at batch 89500
  [  50/716] G: -4.6811 | C: -9.7073 | WD: 10.8945
  [ 100/716] G: -3.3809 | C: -9.9089 | WD: 10.5040
  [ 150/716] G:  0.6628 | C: -4.2895 | WD:  5.5228
  [ 200/716] G: -7.0647 | C: -7.8698 | WD: 13.3111
  [ 250/716] G:  2.3655 | C: -10.1694 | WD: 14.0255
  [ 300/716] G: -5.8945 | C: -8.6629 | WD: 11.8921
  [ 350/716] G: -0.8821 | C: -11.9740 | WD: 13.9106
  [ 400/716] G: -3.8495 | C: -9.9964 | WD: 10.6932
  [ 450/716] G: -5.2460 | C: -6.9159 | WD: 12.4044
  [ 500/716] G:  2.7929 | C: -9.5844 | WD: 10.8474
  Saved sample images at batch 90000
  [ 550/716] G:  2.4010 | C: -14.3908 | WD: 16.0166
  [ 600/716] G: -1.4689 | C: -8.9914 | WD: 13.2155
  [ 650/716] G:  2.3320 | C: -7.4982 | WD:  8.1882
  [ 700/716] G: -5.5170 | C: -5.9763 | WD: 11.9177

============================================================
Epoch 126/300 Summary:
  Generator Loss    : -2.4291
  Critic Loss       : -9.3658
  Wasserstein Dist  : 12.4783
  Quick SSIM Check  : 0.1651
  Last SSIM: 0.1583 (Best: 0.1664)
============================================================


============================================================
Epoch 127/300
============================================================
  [   0/716] G: -5.3087 | C: -9.4531 | WD:  9.9876
  [  50/716] G: -1.2805 | C: -12.3124 | WD: 14.4475
  [ 100/716] G: -2.7703 | C: -5.8729 | WD:  6.9243
  [ 150/716] G: -2.6368 | C: -3.6615 | WD:  8.1845
  [ 200/716] G: -8.6173 | C: -13.1847 | WD: 14.8114
  [ 250/716] G: -4.6150 | C: -9.8119 | WD: 10.5681
  Saved sample images at batch 90500
  [ 300/716] G: -4.6708 | C: -11.1427 | WD: 12.9962
  [ 350/716] G: -2.7693 | C: -12.7332 | WD: 15.5501
  [ 400/716] G: -1.5951 | C: -10.8110 | WD: 11.6481
  [ 450/716] G: -4.8445 | C: -7.1882 | WD: 10.7942
  [ 500/716] G: -0.4354 | C: -14.0882 | WD: 15.2711
  [ 550/716] G: -2.4851 | C: -9.0311 | WD: 12.9281
  [ 600/716] G: -5.6924 | C: -9.6800 | WD: 12.6952
  [ 650/716] G: -8.6935 | C: -7.2424 | WD: 13.3242
  [ 700/716] G: -0.5479 | C: -8.1410 | WD:  8.7966

============================================================
Epoch 127/300 Summary:
  Generator Loss    : -3.5978
  Critic Loss       : -9.3431
  Wasserstein Dist  : 12.5095
  Quick SSIM Check  : 0.1624
  Last SSIM: 0.1583 (Best: 0.1664)
============================================================


============================================================
Epoch 128/300
============================================================
  [   0/716] G: -3.6318 | C: -10.3270 | WD: 10.9007
  [  50/716] G: -7.2856 | C: -13.1503 | WD: 20.8259
  Saved sample images at batch 91000
  [ 100/716] G: -6.3603 | C: -10.8308 | WD: 16.4724
  [ 150/716] G: -0.2340 | C: -5.4406 | WD: 15.2779
  [ 200/716] G: -0.2283 | C: -10.4115 | WD: 17.2150
  [ 250/716] G: -2.3552 | C: -5.9848 | WD:  8.6677
  [ 300/716] G: -1.2359 | C: -14.3882 | WD: 16.5378
  [ 350/716] G: -1.3252 | C: -10.9389 | WD: 12.7013
  [ 400/716] G: -3.6556 | C: -11.7323 | WD: 14.4761
  [ 450/716] G: -3.5015 | C: -12.2541 | WD: 13.4961
  [ 500/716] G: -1.3431 | C: -10.8773 | WD: 14.0932
  [ 550/716] G: -5.2583 | C: -7.3851 | WD:  9.2347
  Saved sample images at batch 91500
  [ 600/716] G: -4.0011 | C: -11.9661 | WD: 13.5900
  [ 650/716] G: -5.2027 | C: -11.4447 | WD: 19.3224
  [ 700/716] G: -2.5923 | C: -11.1206 | WD: 12.3687

============================================================
Epoch 128/300 Summary:
  Generator Loss    : -3.2099
  Critic Loss       : -9.2422
  Wasserstein Dist  : 12.3368
  Quick SSIM Check  : 0.1577
  Last SSIM: 0.1583 (Best: 0.1664)
============================================================


============================================================
Epoch 129/300
============================================================
  [   0/716] G: -1.2998 | C: -5.8053 | WD:  8.9288
  [  50/716] G: -6.2715 | C: -6.2527 | WD:  8.1426
  [ 100/716] G: -2.0153 | C: -4.0373 | WD:  8.7652
  [ 150/716] G: -5.6958 | C: -7.6703 | WD:  9.1842
  [ 200/716] G: -3.1676 | C: -8.4920 | WD:  9.9802
  [ 250/716] G: -5.7041 | C: -10.7705 | WD: 16.8276
  [ 300/716] G: -4.7742 | C: -6.8677 | WD: 10.3774
  [ 350/716] G: -1.7051 | C: -8.6451 | WD: 12.3067
  Saved sample images at batch 92000
  [ 400/716] G: -2.6806 | C: -15.3737 | WD: 17.7545
  [ 450/716] G: -3.7046 | C: -7.7441 | WD: 14.0981
  [ 500/716] G:  2.5155 | C: -6.1446 | WD: 12.3290
  [ 550/716] G:  2.7528 | C: -10.5786 | WD: 14.6981
  [ 600/716] G: -3.2558 | C: -10.5934 | WD: 14.9614
  [ 650/716] G: -4.3318 | C: -10.2721 | WD: 11.0278
  [ 700/716] G: -0.2699 | C: -10.2945 | WD: 10.7758

============================================================
Epoch 129/300 Summary:
  Generator Loss    : -2.7206
  Critic Loss       : -9.2697
  Wasserstein Dist  : 12.3123
  Quick SSIM Check  : 0.1575
  Last SSIM: 0.1583 (Best: 0.1664)
============================================================


============================================================
Epoch 130/300
============================================================
  [   0/716] G: -0.5965 | C: -4.0387 | WD:  7.3047
  [  50/716] G: -1.0982 | C: -12.8538 | WD: 14.0174
  [ 100/716] G: -4.0812 | C: -9.8486 | WD: 11.1440
  Saved sample images at batch 92500
  [ 150/716] G:  0.1337 | C: -11.5929 | WD: 12.3088
  [ 200/716] G:  5.3825 | C: -11.0922 | WD: 13.1036
  [ 250/716] G:  2.3515 | C: -10.9427 | WD: 11.8652
  [ 300/716] G: -3.5415 | C: -7.5998 | WD:  8.1617
  [ 350/716] G: -5.5112 | C: -12.0817 | WD: 14.1341
  [ 400/716] G: -3.4666 | C: -13.5666 | WD: 16.6093
  [ 450/716] G: -3.0453 | C: -11.3222 | WD: 15.9662
  [ 500/716] G: -5.5554 | C: -16.8550 | WD: 19.3942
  [ 550/716] G: -7.5742 | C: -13.4645 | WD: 14.9136
  [ 600/716] G:  3.3043 | C: -11.1613 | WD: 13.8593
  Saved sample images at batch 93000
  [ 650/716] G: -3.2945 | C: -11.3049 | WD: 13.9991
  [ 700/716] G: -4.7562 | C: -13.4431 | WD: 15.5484

============================================================
Epoch 130/300 Summary:
  Generator Loss    : -3.0579
  Critic Loss       : -9.1370
  Wasserstein Dist  : 12.2411
  Quick SSIM Check  : 0.1590

────────────────────────────────────────────────────────────
Running validation...
  Validation SSIM   : 0.1577
  Target SSIM       : 0.6000
  Status            : ✗ Below target
────────────────────────────────────────────────────────────
============================================================


============================================================
Epoch 131/300
============================================================
  [   0/716] G: -3.0808 | C: -6.5027 | WD: 10.3475
  [  50/716] G: -1.3715 | C: -6.3373 | WD:  6.6150
  [ 100/716] G: -2.1006 | C: -11.5793 | WD: 13.0851
  [ 150/716] G: -2.5356 | C: -6.5757 | WD:  9.1391
  [ 200/716] G: -3.7171 | C: -11.0027 | WD: 11.8809
  [ 250/716] G: -1.1344 | C: -7.9065 | WD: 10.4933
  [ 300/716] G: -3.9647 | C: -8.6225 | WD: 16.0659
  [ 350/716] G:  0.1950 | C: -12.5967 | WD: 13.6921
  [ 400/716] G: -7.8154 | C: -18.8119 | WD: 20.3767
  Saved sample images at batch 93500
  [ 450/716] G: -3.4886 | C: -11.0297 | WD: 17.2954
  [ 500/716] G: -0.7648 | C: -8.3122 | WD: 15.8190
  [ 550/716] G: -1.3413 | C: -8.5261 | WD:  9.8406
  [ 600/716] G: -4.1762 | C: -11.4035 | WD: 12.0187
  [ 650/716] G: -3.4289 | C: -13.0664 | WD: 16.5804
  [ 700/716] G:  0.2326 | C: -8.2324 | WD: 11.2007

============================================================
Epoch 131/300 Summary:
  Generator Loss    : -2.2216
  Critic Loss       : -9.1414
  Wasserstein Dist  : 12.1482
  Quick SSIM Check  : 0.1527
  Last SSIM: 0.1577 (Best: 0.1664)
============================================================


============================================================
Epoch 132/300
============================================================
  [   0/716] G: -6.9476 | C: -10.6461 | WD: 12.6991
  [  50/716] G: -3.6039 | C: -15.9925 | WD: 19.2481
  [ 100/716] G: -3.9432 | C: -10.7961 | WD: 12.5083
  [ 150/716] G: -3.6019 | C: -10.2602 | WD: 14.9100
  [ 200/716] G: -2.1669 | C: -8.9643 | WD: 15.9410
  Saved sample images at batch 94000
  [ 250/716] G: -6.2927 | C: -15.4654 | WD: 16.4016
  [ 300/716] G: -6.7472 | C: -9.0987 | WD: 11.1845
  [ 350/716] G: -0.4143 | C: -9.4427 | WD: 10.3171
  [ 400/716] G: -5.4159 | C: -8.4074 | WD: 11.0212
  [ 450/716] G: -2.4899 | C: -8.2419 | WD:  8.6982
  [ 500/716] G: -5.1311 | C: -2.6417 | WD: 15.8988
  [ 550/716] G: -3.8077 | C: -12.0279 | WD: 13.1856
  [ 600/716] G: -2.8004 | C: -8.3233 | WD: 13.9571
  [ 650/716] G:  3.0959 | C: -8.1248 | WD: 10.0425
  [ 700/716] G: -4.9953 | C: -7.6711 | WD:  8.2776
  Saved sample images at batch 94500

============================================================
Epoch 132/300 Summary:
  Generator Loss    : -2.1288
  Critic Loss       : -9.2340
  Wasserstein Dist  : 12.2670
  Quick SSIM Check  : 0.1549
  Last SSIM: 0.1577 (Best: 0.1664)
============================================================


============================================================
Epoch 133/300
============================================================
  [   0/716] G: -2.3154 | C: -13.1973 | WD: 16.9063
  [  50/716] G:  1.3589 | C: -10.3626 | WD: 13.0359
  [ 100/716] G: -0.8850 | C: -9.6199 | WD: 14.4079
  [ 150/716] G: -0.3964 | C: -7.9843 | WD:  9.6160
  [ 200/716] G: -1.3085 | C: -19.5121 | WD: 24.3789
  [ 250/716] G: -2.2643 | C: -10.0335 | WD: 10.8933
  [ 300/716] G: -3.3687 | C: -10.8526 | WD: 14.2405
  [ 350/716] G: -6.5164 | C: -10.0350 | WD: 11.3756
  [ 400/716] G: -2.3948 | C: -8.9567 | WD: 10.5281
  [ 450/716] G:  0.5641 | C: -10.1732 | WD: 13.2167
  Saved sample images at batch 95000
  [ 500/716] G: -0.9813 | C: -11.0893 | WD: 11.5538
  [ 550/716] G: -4.0565 | C: -10.7652 | WD: 14.3062
  [ 600/716] G:  0.7764 | C: -13.9762 | WD: 17.0640
  [ 650/716] G: -0.8341 | C: -8.2952 | WD: 20.4496
  [ 700/716] G: -4.7644 | C: -10.1813 | WD: 11.6936

============================================================
Epoch 133/300 Summary:
  Generator Loss    : -1.6083
  Critic Loss       : -9.0401
  Wasserstein Dist  : 12.0405
  Quick SSIM Check  : 0.1555
  Last SSIM: 0.1577 (Best: 0.1664)
============================================================


============================================================
Epoch 134/300
============================================================
  [   0/716] G: -5.1822 | C: -13.1726 | WD: 15.5899
  [  50/716] G: -2.9157 | C: -11.7802 | WD: 14.5652
  [ 100/716] G: -6.4555 | C: -16.7364 | WD: 18.5190
  [ 150/716] G:  1.1299 | C: -10.0092 | WD: 12.4750
  [ 200/716] G:  4.1263 | C: -11.6391 | WD: 13.9763
  [ 250/716] G: -1.0162 | C: -6.5459 | WD: 11.3302
  Saved sample images at batch 95500
  [ 300/716] G:  2.7932 | C: -15.5086 | WD: 16.9944
  [ 350/716] G: -4.0742 | C: -6.4087 | WD:  8.0096
  [ 400/716] G: -3.5750 | C: -8.8129 | WD: 17.5370
  [ 450/716] G: -5.0492 | C: -10.7275 | WD: 12.1924
  [ 500/716] G:  0.9615 | C: -10.9075 | WD: 14.1480
  [ 550/716] G: -3.0289 | C: -9.5440 | WD: 12.6671
  [ 600/716] G: -1.2359 | C: -8.8215 | WD:  9.2932
  [ 650/716] G: -9.0799 | C: -9.7504 | WD: 13.8395
  [ 700/716] G: -5.0992 | C: -12.0702 | WD: 15.2440

============================================================
Epoch 134/300 Summary:
  Generator Loss    : -2.9877
  Critic Loss       : -9.2626
  Wasserstein Dist  : 12.3641
  Quick SSIM Check  : 0.1578
  Last SSIM: 0.1577 (Best: 0.1664)
============================================================


============================================================
Epoch 135/300
============================================================
  [   0/716] G: -2.9574 | C: -6.5368 | WD:  9.5723
  [  50/716] G:  0.0122 | C: -3.6871 | WD: 12.3090
  Saved sample images at batch 96000
  [ 100/716] G: -1.0205 | C: -8.9112 | WD: 10.0703
  [ 150/716] G:  0.4224 | C: -8.4669 | WD: 10.0404
  [ 200/716] G: -6.2559 | C: -10.9934 | WD: 14.4751
  [ 250/716] G: -1.2513 | C: -4.3124 | WD:  4.9660
  [ 300/716] G: -0.8279 | C: -6.1182 | WD:  8.7319
  [ 350/716] G: -3.2499 | C: -11.7140 | WD: 18.8015
  [ 400/716] G: -5.9637 | C: -8.7922 | WD:  9.5597
  [ 450/716] G: -5.2029 | C: -8.2854 | WD: 10.8415
  [ 500/716] G: -1.1014 | C: -5.7408 | WD: 10.4944
  [ 550/716] G: -3.8759 | C: -11.2274 | WD: 14.8673
  Saved sample images at batch 96500
  [ 600/716] G: -2.1617 | C: -8.4364 | WD: 11.4763
  [ 650/716] G: -4.7001 | C: -5.7816 | WD:  5.9473
  [ 700/716] G: -5.6493 | C: -9.2937 | WD: 11.9532

============================================================
Epoch 135/300 Summary:
  Generator Loss    : -3.1270
  Critic Loss       : -8.9967
  Wasserstein Dist  : 11.9739
  Quick SSIM Check  : 0.1539

────────────────────────────────────────────────────────────
Running validation...
  Validation SSIM   : 0.1608
  Target SSIM       : 0.6000
  Status            : ✗ Below target
────────────────────────────────────────────────────────────
============================================================


============================================================
Epoch 136/300
============================================================
  [   0/716] G: -6.0059 | C: -7.8700 | WD: 10.4754
  [  50/716] G: -5.5782 | C: -6.5834 | WD: 13.5591
  [ 100/716] G: -7.2806 | C: -16.0066 | WD: 22.3818
  [ 150/716] G: -4.5252 | C: -8.3170 | WD:  9.2887
  [ 200/716] G: -2.9259 | C: -7.0213 | WD: 12.9778
  [ 250/716] G: -0.8329 | C: -8.1461 | WD: 12.0362
  [ 300/716] G: -6.5269 | C: -7.3922 | WD: 13.6303
  Saved sample images at batch 97000
  [ 350/716] G: -5.2768 | C: -10.6359 | WD: 12.0845
  [ 400/716] G: -6.1279 | C: -6.8562 | WD:  7.0248
  [ 450/716] G: -2.9955 | C: -5.1878 | WD:  7.1567
  [ 500/716] G: -5.2715 | C: -9.4190 | WD: 11.2975
  [ 550/716] G: -3.1236 | C: -6.1779 | WD:  9.3359
  [ 600/716] G: -2.2364 | C: -10.2055 | WD: 11.7843
  [ 650/716] G: -2.6883 | C: -9.8842 | WD: 13.3415
  [ 700/716] G: -0.3740 | C: -10.0395 | WD: 11.6707

============================================================
Epoch 136/300 Summary:
  Generator Loss    : -3.0274
  Critic Loss       : -9.1057
  Wasserstein Dist  : 12.0894
  Quick SSIM Check  : 0.1578
  Last SSIM: 0.1608 (Best: 0.1664)
============================================================


============================================================
Epoch 137/300
============================================================
  [   0/716] G: -5.1205 | C: -4.0410 | WD: 12.0512
  [  50/716] G: -4.3144 | C: -14.7967 | WD: 16.4838
  [ 100/716] G: -0.3856 | C: -6.0129 | WD: 14.6792
  Saved sample images at batch 97500
  [ 150/716] G:  0.0072 | C: -8.0523 | WD: 13.1275
  [ 200/716] G: -3.8594 | C: -9.1665 | WD: 13.5235
  [ 250/716] G: -3.5859 | C: -11.3627 | WD: 12.3758
  [ 300/716] G: -0.5229 | C: -7.6602 | WD:  8.7971
  [ 350/716] G: -1.6304 | C: -10.4377 | WD: 12.8976
  [ 400/716] G: -3.4856 | C: -8.3753 | WD: 10.8404
  [ 450/716] G:  1.1237 | C: -13.4379 | WD: 15.0082
  [ 500/716] G: -9.2535 | C: -9.5907 | WD: 15.0280
  [ 550/716] G: -4.5963 | C: -12.2392 | WD: 14.0915
  [ 600/716] G: -0.2689 | C: -10.9148 | WD: 13.2794
  Saved sample images at batch 98000
  [ 650/716] G: -0.4604 | C: -8.7159 | WD: 10.8344
  [ 700/716] G: -3.2583 | C: -6.8645 | WD:  9.9597

============================================================
Epoch 137/300 Summary:
  Generator Loss    : -2.0480
  Critic Loss       : -9.0000
  Wasserstein Dist  : 11.9741
  Quick SSIM Check  : 0.1577
  Last SSIM: 0.1608 (Best: 0.1664)
============================================================


============================================================
Epoch 138/300
============================================================
  [   0/716] G: -0.7512 | C: -10.0560 | WD: 10.4872
  [  50/716] G:  0.8929 | C: -12.0051 | WD: 13.6612
  [ 100/716] G:  0.7087 | C: -12.6218 | WD: 13.8423
  [ 150/716] G:  0.3012 | C: -9.5520 | WD: 11.1021
  [ 200/716] G:  1.9980 | C: -10.1643 | WD: 10.8911
  [ 250/716] G: -3.0881 | C: -7.6618 | WD: 14.6888
  [ 300/716] G:  1.1007 | C: -8.5105 | WD:  9.2890
  [ 350/716] G: -1.3381 | C: -11.1700 | WD: 12.7906
  [ 400/716] G: -2.1261 | C: -10.3353 | WD: 20.3379
  Saved sample images at batch 98500
  [ 450/716] G: -3.0991 | C: -6.5077 | WD: 10.1815
  [ 500/716] G:  0.3711 | C: -11.5220 | WD: 12.1861
  [ 550/716] G: -2.6521 | C: -14.5723 | WD: 21.5670
  [ 600/716] G: -1.3803 | C: -12.5534 | WD: 15.7638
  [ 650/716] G: -1.1266 | C: -9.1504 | WD: 11.5135
  [ 700/716] G: -2.8067 | C: -10.0584 | WD: 12.7367

============================================================
Epoch 138/300 Summary:
  Generator Loss    : -1.6872
  Critic Loss       : -8.9318
  Wasserstein Dist  : 11.8848
  Quick SSIM Check  : 0.1640
  Last SSIM: 0.1608 (Best: 0.1664)
============================================================


============================================================
Epoch 139/300
============================================================
  [   0/716] G: -3.0919 | C: -9.8487 | WD: 11.3837
  [  50/716] G:  1.9684 | C: -12.5227 | WD: 16.2618
  [ 100/716] G:  0.8363 | C: -11.0399 | WD: 13.6645
  [ 150/716] G: -0.0033 | C: -14.0428 | WD: 17.4553
  Saved sample images at batch 99000
  [ 200/716] G: -2.3260 | C: -8.4014 | WD: 11.1926
  [ 250/716] G: -0.2545 | C: -11.8660 | WD: 13.5688
  [ 300/716] G: -3.2543 | C: -7.1082 | WD: 10.5987
  [ 350/716] G: -1.0147 | C: -6.2098 | WD:  9.0961
  [ 400/716] G: -4.0749 | C: -7.3411 | WD:  9.5677
  [ 450/716] G: -3.9196 | C: -10.6077 | WD: 12.4975
  [ 500/716] G:  0.2927 | C: -10.6671 | WD: 14.3229
  [ 550/716] G: -4.3268 | C: -6.1316 | WD: 13.8387
  [ 600/716] G: -0.4813 | C: -8.2941 | WD:  9.0814
  [ 650/716] G: -3.5428 | C: -9.0192 | WD: 10.3565
  Saved sample images at batch 99500
  [ 700/716] G: -3.6865 | C: -11.4565 | WD: 14.9897

============================================================
Epoch 139/300 Summary:
  Generator Loss    : -1.5713
  Critic Loss       : -9.0177
  Wasserstein Dist  : 12.0048
  Quick SSIM Check  : 0.1574
  Last SSIM: 0.1608 (Best: 0.1664)
============================================================


============================================================
Epoch 140/300
============================================================
  [   0/716] G:  0.0808 | C: -7.1125 | WD:  8.2487
  [  50/716] G:  1.3290 | C: -8.0112 | WD: 12.0625
  [ 100/716] G: -3.5401 | C: -11.2301 | WD: 14.2846
  [ 150/716] G: -1.0475 | C: -13.0792 | WD: 15.6038
  [ 200/716] G: -5.4520 | C: -7.6463 | WD:  9.6757
  [ 250/716] G: -1.8212 | C: -10.7318 | WD: 12.7231
  [ 300/716] G:  0.0602 | C: -13.3761 | WD: 15.9462
  [ 350/716] G: -4.4748 | C: -11.5711 | WD: 14.2265
  [ 400/716] G:  6.6992 | C: -9.6170 | WD: 13.6836
  [ 450/716] G: -2.9731 | C: -13.4345 | WD: 15.4356
  Saved sample images at batch 100000
  [ 500/716] G: -1.1544 | C: -4.5506 | WD: 20.4421
  [ 550/716] G: -8.9489 | C: -18.6264 | WD: 19.4757
  [ 600/716] G:  1.6328 | C: -7.9551 | WD:  8.3184
  [ 650/716] G: -2.7518 | C: -6.5260 | WD: 14.6074
  [ 700/716] G: -4.5515 | C: -12.0914 | WD: 16.7162

============================================================
Epoch 140/300 Summary:
  Generator Loss    : -1.4462
  Critic Loss       : -9.1229
  Wasserstein Dist  : 12.1411
  Quick SSIM Check  : 0.1557

────────────────────────────────────────────────────────────
Running validation...
  Validation SSIM   : 0.1575
  Target SSIM       : 0.6000
  Status            : ✗ Below target
────────────────────────────────────────────────────────────
============================================================

Checkpoint saved at epoch 140


============================================================
Epoch 141/300
============================================================
  [   0/716] G:  1.0951 | C: -8.7281 | WD: 10.3528
  [  50/716] G: -4.0524 | C: -6.7696 | WD:  8.7780
  [ 100/716] G: -0.4564 | C: -3.9081 | WD: 11.4917
  [ 150/716] G: -3.6451 | C: -4.2292 | WD:  6.2959
  [ 200/716] G: -2.4276 | C: -8.6662 | WD: 12.6024
  [ 250/716] G: -1.1681 | C: -8.4848 | WD:  9.9588
  Saved sample images at batch 100500
  [ 300/716] G: -2.4826 | C: -6.0862 | WD:  6.9551
  [ 350/716] G: -5.2910 | C: -11.2466 | WD: 16.9046
  [ 400/716] G: -4.9304 | C: -8.7240 | WD: 11.7722
  [ 450/716] G: -2.4394 | C: -4.0352 | WD: 11.6129
  [ 500/716] G:  1.8588 | C: -7.0826 | WD: 10.8401
  [ 550/716] G: -5.0909 | C: -13.0614 | WD: 13.8278
  [ 600/716] G:  3.2860 | C: -5.5218 | WD: 12.0210
  [ 650/716] G: -4.8423 | C: -11.7496 | WD: 14.1869
  [ 700/716] G: -2.4596 | C: -9.7754 | WD: 10.0134

============================================================
Epoch 141/300 Summary:
  Generator Loss    : -1.9846
  Critic Loss       : -8.9143
  Wasserstein Dist  : 11.8563
  Quick SSIM Check  : 0.1585
  Last SSIM: 0.1575 (Best: 0.1664)
============================================================


============================================================
Epoch 142/300
============================================================
  [   0/716] G: -3.0294 | C: -7.9950 | WD:  8.9716
  Saved sample images at batch 101000
  [  50/716] G: -2.1746 | C: -10.5517 | WD: 12.4839
  [ 100/716] G: -5.0861 | C: -14.6691 | WD: 16.6977
  [ 150/716] G: -1.3339 | C: -10.3698 | WD: 11.9050
  [ 200/716] G: -5.0833 | C: -10.4642 | WD: 11.2285
  [ 250/716] G: -7.2953 | C: -8.4923 | WD:  9.4079
  [ 300/716] G: -1.8179 | C: -8.9916 | WD: 13.0602
  [ 350/716] G: -1.1295 | C: -11.1769 | WD: 12.4836
  [ 400/716] G: -1.5746 | C: -7.8957 | WD:  9.6991
  [ 450/716] G: -0.4418 | C: -9.7752 | WD: 12.4526
  [ 500/716] G: -5.1275 | C: -14.0524 | WD: 15.6036
  Saved sample images at batch 101500
  [ 550/716] G: -1.1686 | C: -9.6892 | WD: 11.4114
  [ 600/716] G: -2.5085 | C: -8.6723 | WD: 12.4208
  [ 650/716] G:  1.4842 | C: -13.4276 | WD: 15.3350
  [ 700/716] G: -3.0898 | C: -7.9975 | WD:  8.1782

============================================================
Epoch 142/300 Summary:
  Generator Loss    : -2.1027
  Critic Loss       : -8.9393
  Wasserstein Dist  : 11.8427
  Quick SSIM Check  : 0.1634
  Last SSIM: 0.1575 (Best: 0.1664)
============================================================


============================================================
Epoch 143/300
============================================================
  [   0/716] G: -6.0915 | C: -8.2632 | WD: 13.2097
  [  50/716] G: -2.8172 | C: -8.6117 | WD:  9.2913
  [ 100/716] G:  0.4358 | C: -6.8647 | WD:  9.3836
  [ 150/716] G: -5.3858 | C: -8.5980 | WD: 11.4228
  [ 200/716] G: -1.0314 | C: -8.4499 | WD: 10.6437
  [ 250/716] G: -1.5257 | C: -12.4410 | WD: 15.3674
  [ 300/716] G: -1.5732 | C: -9.0174 | WD:  9.9582
  Saved sample images at batch 102000
  [ 350/716] G:  0.5343 | C: -6.6718 | WD: 10.9329
  [ 400/716] G:  3.7014 | C: -10.2236 | WD: 10.7573
  [ 450/716] G:  3.9840 | C: -8.0849 | WD:  8.7721
  [ 500/716] G: -4.2375 | C: -12.1083 | WD: 17.2149
  [ 550/716] G:  1.2544 | C: -9.3214 | WD: 10.3739
  [ 600/716] G:  0.2587 | C: -9.5927 | WD: 15.1197
  [ 650/716] G: -1.3290 | C: -9.5949 | WD: 11.1268
  [ 700/716] G: -1.2286 | C: -8.6206 | WD:  9.9830

============================================================
Epoch 143/300 Summary:
  Generator Loss    : -1.2793
  Critic Loss       : -8.9219
  Wasserstein Dist  : 11.8168
  Quick SSIM Check  : 0.1547
  Last SSIM: 0.1575 (Best: 0.1664)
============================================================


============================================================
Epoch 144/300
============================================================
  [   0/716] G: -0.4967 | C: -11.6722 | WD: 13.6495
  [  50/716] G:  0.3006 | C: -9.0202 | WD: 10.4986
  [ 100/716] G: -2.0450 | C: -11.1723 | WD: 12.4963
  Saved sample images at batch 102500
  [ 150/716] G: -5.0204 | C: -13.5814 | WD: 14.6857
  [ 200/716] G: -3.1287 | C: -8.9832 | WD: 10.2979
  [ 250/716] G: -1.4666 | C: -7.6871 | WD: 10.6018
  [ 300/716] G: -5.4330 | C: -10.3410 | WD: 15.7361
  [ 350/716] G:  1.5771 | C: -11.5558 | WD: 17.8459
  [ 400/716] G: -1.1018 | C: -12.0333 | WD: 23.0964
  [ 450/716] G: -0.9390 | C: -10.4355 | WD: 16.4621
  [ 500/716] G:  1.4880 | C: -5.6425 | WD:  9.0626
  [ 550/716] G: -1.1263 | C: -2.4999 | WD: 13.5608
  [ 600/716] G:  0.2330 | C: -7.2074 | WD: 12.2307
  Saved sample images at batch 103000
  [ 650/716] G:  1.6997 | C: -7.9239 | WD:  9.0385
  [ 700/716] G:  1.6904 | C: -3.3012 | WD: 13.0834

============================================================
Epoch 144/300 Summary:
  Generator Loss    : -0.6820
  Critic Loss       : -8.9814
  Wasserstein Dist  : 11.9575
  Quick SSIM Check  : 0.1571
  Last SSIM: 0.1575 (Best: 0.1664)
============================================================


============================================================
Epoch 145/300
============================================================
  [   0/716] G:  0.2990 | C: -6.9791 | WD: 11.2538
  [  50/716] G:  1.7339 | C: -8.2465 | WD: 10.0812
  [ 100/716] G: -2.3318 | C: -9.0216 | WD: 11.6192
  [ 150/716] G:  0.0076 | C: -13.4727 | WD: 13.9389
  [ 200/716] G:  0.0470 | C: -12.1628 | WD: 15.1865
  [ 250/716] G: -3.9588 | C: -14.2527 | WD: 14.8195
  [ 300/716] G: -1.0427 | C: -12.4747 | WD: 18.4331
  [ 350/716] G: -4.9151 | C: -15.4469 | WD: 16.7713
  Saved sample images at batch 103500
  [ 400/716] G: -1.3095 | C: -12.7645 | WD: 18.4890
  [ 450/716] G:  3.8490 | C: -9.9948 | WD: 14.4759
  [ 500/716] G:  1.1766 | C: -8.2380 | WD: 11.8464
  [ 550/716] G:  5.0064 | C: -11.5085 | WD: 12.4390
  [ 600/716] G:  4.5145 | C: -10.3742 | WD: 12.5783
  [ 650/716] G:  2.3697 | C: -9.4696 | WD: 10.2781
  [ 700/716] G: -0.4487 | C: -9.6778 | WD: 10.3514

============================================================
Epoch 145/300 Summary:
  Generator Loss    :  0.5381
  Critic Loss       : -8.9153
  Wasserstein Dist  : 11.8559
  Quick SSIM Check  : 0.1471

────────────────────────────────────────────────────────────
Running validation...
  Validation SSIM   : 0.1512
  Target SSIM       : 0.6000
  Status            : ✗ Below target
────────────────────────────────────────────────────────────
============================================================


============================================================
Epoch 146/300
============================================================
  [   0/716] G: -4.6143 | C: -1.9121 | WD: 12.7405
  [  50/716] G: -2.7828 | C: -8.5600 | WD: 11.3661
  [ 100/716] G:  2.0664 | C: -9.1869 | WD:  9.9415
  [ 150/716] G: -1.7258 | C: -6.6617 | WD:  7.8558
  Saved sample images at batch 104000
  [ 200/716] G: -0.0621 | C: -13.8218 | WD: 15.8204
  [ 250/716] G: -1.3266 | C: -10.9640 | WD: 16.2074
  [ 300/716] G: -1.8897 | C: -9.1168 | WD: 12.6865
  [ 350/716] G: -0.2632 | C: -7.4066 | WD: 11.4471
  [ 400/716] G:  0.6960 | C: -8.5337 | WD: 12.8326
  [ 450/716] G: -0.8387 | C: -4.6149 | WD:  9.8809
  [ 500/716] G:  0.8267 | C: -8.1710 | WD: 12.3965
  [ 550/716] G: -1.4116 | C: -10.7198 | WD: 17.4391
  [ 600/716] G: -0.2242 | C: -9.6795 | WD: 16.4085
  [ 650/716] G:  3.0541 | C: -4.2049 | WD: 10.8340
  Saved sample images at batch 104500
  [ 700/716] G: -0.8571 | C: -5.4417 | WD:  9.5893

============================================================
Epoch 146/300 Summary:
  Generator Loss    :  0.2417
  Critic Loss       : -8.7987
  Wasserstein Dist  : 11.6972
  Quick SSIM Check  : 0.1648
  Last SSIM: 0.1512 (Best: 0.1664)
============================================================


============================================================
Epoch 147/300
============================================================
  [   0/716] G: -0.4977 | C: -7.5006 | WD:  9.8718
  [  50/716] G: -0.7204 | C: -10.9040 | WD: 12.6443
  [ 100/716] G:  1.2159 | C: -4.8054 | WD:  8.2665
  [ 150/716] G: -0.1837 | C: -1.9556 | WD: 18.9624
  [ 200/716] G: -0.8334 | C: -9.4035 | WD: 10.7087
  [ 250/716] G:  4.6010 | C: -8.2186 | WD: 11.6143
  [ 300/716] G:  5.3265 | C: -7.7760 | WD:  9.7356
  [ 350/716] G:  0.7980 | C: -10.3637 | WD: 13.2625
  [ 400/716] G:  0.7872 | C: -12.8786 | WD: 16.5234
  [ 450/716] G:  1.2057 | C: -8.2896 | WD: 10.6209
  Saved sample images at batch 105000
  [ 500/716] G: -1.5586 | C: -11.9789 | WD: 19.6243
  [ 550/716] G:  0.9697 | C: -10.6791 | WD: 13.0669
  [ 600/716] G:  6.4963 | C: -6.0915 | WD: 10.4371
  [ 650/716] G: -0.1732 | C: -14.9587 | WD: 17.7427
  [ 700/716] G: -0.2358 | C: -13.0857 | WD: 13.5361

============================================================
Epoch 147/300 Summary:
  Generator Loss    :  0.9884
  Critic Loss       : -8.9687
  Wasserstein Dist  : 11.8787
  Quick SSIM Check  : 0.1515
  Last SSIM: 0.1512 (Best: 0.1664)
============================================================


============================================================
Epoch 148/300
============================================================
  [   0/716] G: -0.3550 | C: -7.7557 | WD:  9.0871
  [  50/716] G:  6.8304 | C: -8.9255 | WD: 10.0858
  [ 100/716] G: -0.3010 | C: -4.1266 | WD: 10.8940
  [ 150/716] G:  1.5460 | C: -9.6898 | WD: 10.3259
  [ 200/716] G:  3.6455 | C: -6.5305 | WD: 11.4684
  Saved sample images at batch 105500
  [ 250/716] G:  3.8974 | C: -6.6040 | WD: 11.4879
  [ 300/716] G: -0.9354 | C: -8.4271 | WD: 12.6489
  [ 350/716] G: -0.7184 | C: -6.4539 | WD: 10.6779
  [ 400/716] G: -2.0595 | C: -9.8951 | WD: 11.6212
  [ 450/716] G:  0.4881 | C: -11.0744 | WD: 13.1416
  [ 500/716] G:  1.1176 | C: -9.6867 | WD:  9.8800
  [ 550/716] G: -0.3707 | C: -12.8071 | WD: 19.8500
  [ 600/716] G: -2.3798 | C: -9.0467 | WD: 10.5439
  [ 650/716] G:  1.1926 | C: -9.3192 | WD: 12.6177
  [ 700/716] G: -1.0875 | C: -10.8861 | WD: 18.9013

============================================================
Epoch 148/300 Summary:
  Generator Loss    :  0.8789
  Critic Loss       : -8.8073
  Wasserstein Dist  : 11.7249
  Quick SSIM Check  : 0.1604
  Last SSIM: 0.1512 (Best: 0.1664)
============================================================


============================================================
Epoch 149/300
============================================================
  [   0/716] G: -0.2891 | C: -8.5270 | WD:  9.7539
  Saved sample images at batch 106000
  [  50/716] G:  0.3972 | C: -7.8912 | WD: 11.6150
  [ 100/716] G:  0.1670 | C: -7.5469 | WD: 13.0602
  [ 150/716] G: -1.5888 | C: -10.0947 | WD: 11.9709
  [ 200/716] G: -1.7543 | C: -7.5510 | WD: 10.3231
  [ 250/716] G:  3.7837 | C: -5.2610 | WD:  9.0802
  [ 300/716] G: -2.7833 | C: -14.5183 | WD: 15.6992
  [ 350/716] G:  0.5091 | C: -8.5685 | WD: 11.5191
  [ 400/716] G:  1.0355 | C: -5.2085 | WD:  8.9463
  [ 450/716] G:  2.9400 | C: -9.7419 | WD: 10.7761
  [ 500/716] G: -0.2286 | C: -10.4970 | WD: 12.5394
  Saved sample images at batch 106500
  [ 550/716] G: -3.5381 | C: -11.1128 | WD: 12.4537
  [ 600/716] G:  1.6323 | C: -9.0497 | WD: 10.8970
  [ 650/716] G:  0.9902 | C: -9.7572 | WD: 10.5973
  [ 700/716] G: -0.0575 | C: -10.7132 | WD: 11.3110

============================================================
Epoch 149/300 Summary:
  Generator Loss    : -0.6024
  Critic Loss       : -8.6904
  Wasserstein Dist  : 11.6032
  Quick SSIM Check  : 0.1528
  Last SSIM: 0.1512 (Best: 0.1664)
============================================================


============================================================
Epoch 150/300
============================================================
  [   0/716] G:  0.8282 | C: -3.9143 | WD:  6.6849
  [  50/716] G: -1.7807 | C: -9.3072 | WD: 12.3211
  [ 100/716] G: -1.4461 | C: -11.9281 | WD: 14.3467
  [ 150/716] G: -0.3491 | C: -12.3776 | WD: 13.6523
  [ 200/716] G:  5.0221 | C: -7.8091 | WD:  9.5915
  [ 250/716] G: -1.7014 | C: -6.9658 | WD: 11.7168
  [ 300/716] G: -3.8465 | C: -7.7533 | WD:  9.9099
  Saved sample images at batch 107000
  [ 350/716] G:  3.2900 | C: -7.7869 | WD:  8.6366
  [ 400/716] G: -3.3641 | C: -6.9491 | WD:  9.3045
  [ 450/716] G: -5.1393 | C: -10.0669 | WD: 17.0101
  [ 500/716] G: -3.9439 | C: -9.1553 | WD: 11.9663
  [ 550/716] G: -0.1490 | C: -7.9296 | WD: 11.6722
  [ 600/716] G: -3.7967 | C: -4.1826 | WD:  9.1553
  [ 650/716] G: -3.0115 | C: -15.5565 | WD: 19.2200
  [ 700/716] G: -3.7100 | C: -8.3214 | WD: 13.9763

============================================================
Epoch 150/300 Summary:
  Generator Loss    : -1.3019
  Critic Loss       : -8.8924
  Wasserstein Dist  : 11.7461
  Quick SSIM Check  : 0.1577

────────────────────────────────────────────────────────────
Running validation...
  Validation SSIM   : 0.1509
  Target SSIM       : 0.6000
  Status            : ✗ Below target
────────────────────────────────────────────────────────────
============================================================


============================================================
Epoch 151/300
============================================================
  [   0/716] G:  1.5705 | C: -5.2664 | WD:  8.2349
  [  50/716] G:  0.0323 | C: -6.0727 | WD:  7.4616
  [ 100/716] G: -0.2867 | C: -10.6303 | WD: 12.9143
  Saved sample images at batch 107500
  [ 150/716] G:  2.5465 | C: -8.6135 | WD:  9.5485
  [ 200/716] G:  1.3353 | C: -6.4865 | WD:  7.6132
  [ 250/716] G:  5.1172 | C: -8.5504 | WD:  9.6720
  [ 300/716] G:  0.7459 | C: -9.4292 | WD: 10.1120
  [ 350/716] G: -1.8232 | C: -8.8013 | WD: 10.0549
  [ 400/716] G: -0.4324 | C: -4.4519 | WD: 11.8541
  [ 450/716] G:  2.8568 | C: -9.8823 | WD: 12.9234
  [ 500/716] G: -2.4847 | C: -10.4649 | WD: 11.2956
  [ 550/716] G: -2.6369 | C: -13.4553 | WD: 14.9826
  [ 600/716] G: -3.2261 | C: -12.6511 | WD: 14.9356
  Saved sample images at batch 108000
  [ 650/716] G:  2.5151 | C: -9.9059 | WD: 18.9157
  [ 700/716] G:  1.4956 | C: -10.2777 | WD: 11.1433

============================================================
Epoch 151/300 Summary:
  Generator Loss    : -0.0625
  Critic Loss       : -8.9044
  Wasserstein Dist  : 11.8301
  Quick SSIM Check  : 0.1622
  Last SSIM: 0.1509 (Best: 0.1664)
============================================================


============================================================
Epoch 152/300
============================================================
  [   0/716] G:  0.2609 | C: -6.4081 | WD:  9.0308
  [  50/716] G:  0.0803 | C: -6.6850 | WD:  8.1411
  [ 100/716] G: -2.5227 | C: -12.6221 | WD: 16.9972
  [ 150/716] G: -3.4445 | C: -10.1630 | WD: 12.7328
  [ 200/716] G:  1.4975 | C: -8.5303 | WD: 10.5790
  [ 250/716] G:  0.4517 | C: -4.8562 | WD:  6.4314
  [ 300/716] G: -1.3976 | C: -11.8800 | WD: 13.5439
  [ 350/716] G:  0.1048 | C: -6.5409 | WD: 11.9160
  Saved sample images at batch 108500
  [ 400/716] G:  1.7172 | C: -10.2339 | WD: 12.7384
  [ 450/716] G: -1.3744 | C: -8.8922 | WD: 11.9401
  [ 500/716] G: -4.0996 | C: -11.1178 | WD: 11.7575
  [ 550/716] G:  1.6908 | C: -6.8819 | WD:  7.8143
  [ 600/716] G: -0.7772 | C: -6.5660 | WD:  9.8460
  [ 650/716] G: -0.6620 | C:  0.8429 | WD:  6.0993
  [ 700/716] G: -0.2230 | C: -12.7953 | WD: 13.5466

============================================================
Epoch 152/300 Summary:
  Generator Loss    :  0.1502
  Critic Loss       : -8.8239
  Wasserstein Dist  : 11.7336
  Quick SSIM Check  : 0.1581
  Last SSIM: 0.1509 (Best: 0.1664)
============================================================


============================================================
Epoch 153/300
============================================================
  [   0/716] G: -1.5501 | C: -7.5418 | WD:  9.2551
  [  50/716] G:  1.6655 | C: -7.8317 | WD:  9.0433
  [ 100/716] G: -2.3876 | C: -7.4877 | WD:  8.7554
  [ 150/716] G: -1.7064 | C: -8.8189 | WD: 12.5233
  Saved sample images at batch 109000
  [ 200/716] G: -0.4066 | C: -7.6515 | WD: 15.5421
  [ 250/716] G:  1.1329 | C: -10.0048 | WD: 12.5265
  [ 300/716] G: -1.1253 | C: -8.1210 | WD: 13.8289
  [ 350/716] G: -0.8771 | C: -8.5309 | WD: 10.8665
  [ 400/716] G:  0.4238 | C: -13.1339 | WD: 13.5209
  [ 450/716] G:  1.5376 | C: -8.1907 | WD:  9.1646
  [ 500/716] G:  1.0622 | C: -11.2549 | WD: 15.2229
  [ 550/716] G:  2.5985 | C: -9.8535 | WD: 12.2943
  [ 600/716] G:  0.5250 | C: -9.3069 | WD: 11.8788
  [ 650/716] G: -0.5374 | C: -4.3311 | WD:  6.6872
  Saved sample images at batch 109500
  [ 700/716] G:  2.5069 | C: -9.4960 | WD: 11.8462

============================================================
Epoch 153/300 Summary:
  Generator Loss    :  0.9327
  Critic Loss       : -8.8685
  Wasserstein Dist  : 11.7850
  Quick SSIM Check  : 0.1558
  Last SSIM: 0.1509 (Best: 0.1664)
============================================================


============================================================
Epoch 154/300
============================================================
  [   0/716] G:  2.3718 | C: -4.7280 | WD:  6.4507
  [  50/716] G: -1.8568 | C: -9.9116 | WD: 12.4386
  [ 100/716] G:  8.2055 | C: -10.1471 | WD: 16.8907
  [ 150/716] G:  2.7878 | C: -8.8406 | WD:  9.3801
  [ 200/716] G:  1.7594 | C: -5.1586 | WD: 10.4110
  [ 250/716] G:  3.6571 | C: -11.6187 | WD: 14.9871
  [ 300/716] G:  2.9768 | C: -6.2662 | WD:  8.3588
  [ 350/716] G:  1.0746 | C: -6.8200 | WD: 13.8489
  [ 400/716] G:  3.7480 | C: -6.1918 | WD: 11.9762
  [ 450/716] G:  2.2077 | C: -7.9375 | WD: 10.2406
  Saved sample images at batch 110000
  [ 500/716] G:  1.7535 | C: -10.8532 | WD: 14.3468
  [ 550/716] G:  4.1549 | C: -9.5619 | WD: 13.2703
  [ 600/716] G:  6.9422 | C: -6.1607 | WD:  9.4973
  [ 650/716] G:  3.2751 | C: -12.4044 | WD: 14.5013
  [ 700/716] G:  4.7678 | C: -8.6087 | WD:  9.2860

============================================================
Epoch 154/300 Summary:
  Generator Loss    :  2.8063
  Critic Loss       : -8.7364
  Wasserstein Dist  : 11.5240
  Quick SSIM Check  : 0.1568
  Last SSIM: 0.1509 (Best: 0.1664)
============================================================


============================================================
Epoch 155/300
============================================================
  [   0/716] G:  1.8133 | C: -8.2269 | WD:  9.5631
  [  50/716] G:  2.0512 | C: -12.3435 | WD: 14.8266
  [ 100/716] G:  2.5804 | C: -5.1670 | WD: 10.2061
  [ 150/716] G:  2.8968 | C: -9.7190 | WD: 10.4299
  [ 200/716] G:  3.1070 | C: -4.9769 | WD:  7.5579
  Saved sample images at batch 110500
  [ 250/716] G:  2.9705 | C: -15.5718 | WD: 17.0503
  [ 300/716] G: -1.4840 | C: -10.4702 | WD: 11.8051
  [ 350/716] G:  5.5928 | C: -6.6462 | WD:  7.8733
  [ 400/716] G:  5.0996 | C: -10.5018 | WD: 11.4737
  [ 450/716] G:  1.9677 | C: -9.3585 | WD: 10.0946
  [ 500/716] G:  4.7743 | C: -8.8935 | WD: 11.0285
  [ 550/716] G:  2.8495 | C: -8.7814 | WD: 11.6290
  [ 600/716] G:  4.0679 | C: -10.4321 | WD: 13.1771
  [ 650/716] G:  3.6294 | C: -7.0359 | WD: 12.4380
  [ 700/716] G:  4.1204 | C: -8.8477 | WD:  9.3226

============================================================
Epoch 155/300 Summary:
  Generator Loss    :  3.3906
  Critic Loss       : -8.6767
  Wasserstein Dist  : 11.4860
  Quick SSIM Check  : 0.1598

────────────────────────────────────────────────────────────
Running validation...
  Validation SSIM   : 0.1635
  Target SSIM       : 0.6000
  Status            : ✗ Below target
────────────────────────────────────────────────────────────
============================================================


============================================================
Epoch 156/300
============================================================
  [   0/716] G:  1.4154 | C: -12.0169 | WD: 13.6605
  Saved sample images at batch 111000
  [  50/716] G:  0.3358 | C: -9.5269 | WD: 10.3118
  [ 100/716] G:  5.6670 | C: -14.1743 | WD: 15.6890
  [ 150/716] G:  4.6685 | C: -10.2688 | WD: 10.8067
  [ 200/716] G:  3.4691 | C: -11.4439 | WD: 11.8354
  [ 250/716] G:  4.9024 | C: -7.9025 | WD:  8.3005
  [ 300/716] G:  3.7101 | C: -7.8044 | WD:  9.6019
  [ 350/716] G:  2.7740 | C: -7.5644 | WD: 11.5390
  [ 400/716] G:  4.9143 | C: -9.1261 | WD: 10.1462
  [ 450/716] G:  3.2545 | C: -7.8869 | WD:  8.9561
  [ 500/716] G:  8.6608 | C: -11.6572 | WD: 12.4500
  Saved sample images at batch 111500
  [ 550/716] G:  4.5132 | C: -13.4297 | WD: 14.3446
  [ 600/716] G:  2.8010 | C: -7.5256 | WD:  8.4678
  [ 650/716] G:  0.7875 | C: -4.1035 | WD:  7.2315
  [ 700/716] G:  5.5776 | C: -11.7153 | WD: 13.7512

============================================================
Epoch 156/300 Summary:
  Generator Loss    :  4.4605
  Critic Loss       : -8.7538
  Wasserstein Dist  : 11.5921
  Quick SSIM Check  : 0.1482
  Last SSIM: 0.1635 (Best: 0.1664)
============================================================


============================================================
Epoch 157/300
============================================================
  [   0/716] G:  5.7067 | C: -5.4066 | WD: 12.8558
  [  50/716] G:  2.6124 | C: -2.4632 | WD:  8.1424
  [ 100/716] G:  3.7076 | C: -7.1935 | WD: 12.0257
  [ 150/716] G:  5.6867 | C: -12.9126 | WD: 15.8665
  [ 200/716] G:  4.9282 | C: -10.4293 | WD: 12.0417
  [ 250/716] G:  5.6969 | C: -12.5729 | WD: 13.9027
  [ 300/716] G:  4.1474 | C: -6.8977 | WD:  9.1652
  Saved sample images at batch 112000
  [ 350/716] G: 11.7695 | C: -7.6808 | WD: 11.3640
  [ 400/716] G:  7.2880 | C: -6.2842 | WD: 13.0686
  [ 450/716] G:  4.8647 | C: -8.5001 | WD: 10.6144
  [ 500/716] G:  5.6790 | C: -11.6953 | WD: 15.0027
  [ 550/716] G:  4.3010 | C: -10.8662 | WD: 13.2394
  [ 600/716] G:  3.6634 | C: -9.8009 | WD: 10.8174
  [ 650/716] G: 10.4790 | C: -9.6457 | WD: 11.9415
  [ 700/716] G:  3.2946 | C: -9.2382 | WD: 16.2399

============================================================
Epoch 157/300 Summary:
  Generator Loss    :  5.3782
  Critic Loss       : -8.8696
  Wasserstein Dist  : 11.7402
  Quick SSIM Check  : 0.1634
  Last SSIM: 0.1635 (Best: 0.1664)
============================================================


============================================================
Epoch 158/300
============================================================
  [   0/716] G:  6.6418 | C: -8.6664 | WD: 11.0550
  [  50/716] G:  4.7605 | C: -7.9331 | WD:  9.4635
  Saved sample images at batch 112500
  [ 100/716] G:  4.3016 | C: -7.4044 | WD:  8.1413
  [ 150/716] G:  4.7820 | C: -11.3590 | WD: 13.5717
  [ 200/716] G:  0.1012 | C: -9.8465 | WD: 16.8538
  [ 250/716] G:  6.4675 | C: -16.1170 | WD: 19.7627
  [ 300/716] G:  7.1932 | C: -10.9358 | WD: 11.2637
  [ 350/716] G:  7.3757 | C: -9.4091 | WD: 10.4309
  [ 400/716] G:  8.4589 | C: -11.0322 | WD: 12.0382
  [ 450/716] G:  5.3425 | C: -9.8609 | WD: 15.0050
  [ 500/716] G:  4.8891 | C: -9.8105 | WD: 11.6105
  [ 550/716] G: 15.5215 | C: -7.4326 | WD:  8.9069
  Saved sample images at batch 113000
  [ 600/716] G:  5.7588 | C: -7.5343 | WD: 12.9394
  [ 650/716] G:  8.5967 | C: -6.1259 | WD: 10.3315
  [ 700/716] G:  9.5170 | C: -7.0304 | WD:  9.1805

============================================================
Epoch 158/300 Summary:
  Generator Loss    :  6.0087
  Critic Loss       : -8.6396
  Wasserstein Dist  : 11.4992
  Quick SSIM Check  : 0.1569
  Last SSIM: 0.1635 (Best: 0.1664)
============================================================


============================================================
Epoch 159/300
============================================================
  [   0/716] G:  8.4235 | C: -7.6173 | WD:  8.3075
  [  50/716] G:  6.2214 | C: -10.1980 | WD: 15.4665
  [ 100/716] G:  7.3025 | C: -4.7190 | WD: 14.1388
  [ 150/716] G:  9.0855 | C: -8.6740 | WD: 10.2826
  [ 200/716] G:  6.5729 | C: -12.1950 | WD: 13.1184
  [ 250/716] G:  4.5510 | C: -8.7543 | WD: 10.3187
  [ 300/716] G:  5.2802 | C:  0.1910 | WD: 21.8126
  [ 350/716] G: 15.7885 | C: -4.9262 | WD:  7.7146
  Saved sample images at batch 113500
  [ 400/716] G:  5.7457 | C: -10.2114 | WD: 24.0709
  [ 450/716] G:  8.2803 | C: -10.6304 | WD: 13.9930
  [ 500/716] G: 15.4708 | C: -9.1551 | WD: 13.5297
  [ 550/716] G:  3.9896 | C: -12.9756 | WD: 15.4712
  [ 600/716] G:  4.3337 | C: -9.4596 | WD: 11.1866
  [ 650/716] G:  5.8789 | C: -5.8442 | WD:  8.6706
  [ 700/716] G:  5.7650 | C: -7.2589 | WD:  9.8221

============================================================
Epoch 159/300 Summary:
  Generator Loss    :  6.5103
  Critic Loss       : -8.7259
  Wasserstein Dist  : 11.6062
  Quick SSIM Check  : 0.1649
  Last SSIM: 0.1635 (Best: 0.1664)
============================================================


============================================================
Epoch 160/300
============================================================
  [   0/716] G:  6.4304 | C: -6.4400 | WD:  7.9554
  [  50/716] G:  4.2505 | C: -10.8160 | WD: 11.5231
  [ 100/716] G:  4.5369 | C: -6.6472 | WD:  7.1516
  [ 150/716] G:  5.6758 | C: -7.8890 | WD:  8.5148
  Saved sample images at batch 114000
  [ 200/716] G:  8.9623 | C: -7.7300 | WD:  9.7394
  [ 250/716] G:  9.5310 | C: -8.9706 | WD: 10.7352
  [ 300/716] G:  3.4940 | C: -14.3834 | WD: 15.2523
  [ 350/716] G:  8.8927 | C: -7.4425 | WD:  8.9360
  [ 400/716] G:  7.8206 | C: -12.4267 | WD: 13.8080
  [ 450/716] G:  4.5373 | C: -8.5172 | WD: 10.5313
  [ 500/716] G:  8.4044 | C: -7.8484 | WD:  9.6692
  [ 550/716] G:  3.9831 | C: -8.1313 | WD:  9.1231
  [ 600/716] G:  1.8661 | C: -6.7866 | WD:  7.5469
  [ 650/716] G:  4.7626 | C: -5.1628 | WD:  6.5942
  Saved sample images at batch 114500
  [ 700/716] G:  4.8512 | C: -9.8865 | WD: 12.5274

============================================================
Epoch 160/300 Summary:
  Generator Loss    :  5.9864
  Critic Loss       : -8.7030
  Wasserstein Dist  : 11.5490
  Quick SSIM Check  : 0.1619

────────────────────────────────────────────────────────────
Running validation...
  Validation SSIM   : 0.1599
  Target SSIM       : 0.6000
  Status            : ✗ Below target
────────────────────────────────────────────────────────────
============================================================

Checkpoint saved at epoch 160


============================================================
Epoch 161/300
============================================================
  [   0/716] G:  3.7796 | C: -9.3321 | WD:  9.6506
  [  50/716] G:  2.7496 | C: -7.7603 | WD: 11.9792
  [ 100/716] G:  7.0026 | C: -8.9486 | WD:  9.9650
  [ 150/716] G:  4.7222 | C: -10.5550 | WD: 12.7568
  [ 200/716] G:  2.4165 | C: -10.8540 | WD: 11.9135
  [ 250/716] G:  8.3585 | C: -18.1186 | WD: 19.9511
  [ 300/716] G:  4.8583 | C: -8.8933 | WD:  9.5933
  [ 350/716] G:  4.1349 | C: -10.3639 | WD: 12.9324
  [ 400/716] G:  5.5389 | C: -9.8148 | WD: 10.6461
  Saved sample images at batch 115000
  [ 450/716] G:  1.2918 | C: -7.3973 | WD: 11.5399
  [ 500/716] G:  6.0901 | C: -5.7035 | WD:  6.7733
  [ 550/716] G:  3.6230 | C: -9.8456 | WD: 11.2954
  [ 600/716] G:  7.8800 | C: -7.6739 | WD:  8.9502
  [ 650/716] G:  2.6944 | C: -8.6011 | WD:  8.6782
  [ 700/716] G: 11.2186 | C: -9.1042 | WD:  9.7674

============================================================
Epoch 161/300 Summary:
  Generator Loss    :  4.7465
  Critic Loss       : -8.6504
  Wasserstein Dist  : 11.4780
  Quick SSIM Check  : 0.1557
  Last SSIM: 0.1599 (Best: 0.1664)
============================================================


============================================================
Epoch 162/300
============================================================
  [   0/716] G:  4.1848 | C: -7.9243 | WD: 10.8147
  [  50/716] G:  1.7557 | C: -8.7627 | WD: 12.1642
  [ 100/716] G:  5.9908 | C: -6.4771 | WD:  8.0445
  [ 150/716] G:  6.4363 | C: -8.8709 | WD: 10.9456
  [ 200/716] G:  5.1661 | C: -8.4501 | WD: 10.7521
  Saved sample images at batch 115500
  [ 250/716] G:  2.9135 | C: -8.4188 | WD: 11.4282
  [ 300/716] G:  6.0063 | C: -9.9913 | WD: 12.0957
  [ 350/716] G:  4.9243 | C: -8.0075 | WD: 11.4186
  [ 400/716] G:  2.5674 | C: -5.6674 | WD:  7.2967
  [ 450/716] G:  8.3323 | C: -11.2403 | WD: 16.1196
  [ 500/716] G:  4.6421 | C: -7.0284 | WD:  9.5387
  [ 550/716] G:  5.5265 | C: -14.1596 | WD: 18.4191
  [ 600/716] G:  1.0816 | C: -8.5078 | WD: 12.7333
  [ 650/716] G:  4.0130 | C: -9.4572 | WD: 15.5182
  [ 700/716] G: 10.3109 | C: -11.2683 | WD: 12.4804

============================================================
Epoch 162/300 Summary:
  Generator Loss    :  4.3949
  Critic Loss       : -8.6862
  Wasserstein Dist  : 11.4622
  Quick SSIM Check  : 0.1516
  Last SSIM: 0.1599 (Best: 0.1664)
============================================================


============================================================
Epoch 163/300
============================================================
  [   0/716] G:  6.9940 | C: -4.0150 | WD:  5.6574
  Saved sample images at batch 116000
  [  50/716] G:  7.5725 | C: -8.4939 | WD: 12.3097
  [ 100/716] G:  4.5466 | C: -7.1241 | WD:  7.3263
  [ 150/716] G:  3.2469 | C: -10.4341 | WD: 13.6794
  [ 200/716] G:  4.2140 | C: -13.1768 | WD: 15.2918
  [ 250/716] G:  3.4099 | C: -10.5916 | WD: 20.7475
  [ 300/716] G:  4.8113 | C: -7.9224 | WD:  9.4892
  [ 350/716] G:  7.8160 | C: -5.2290 | WD:  6.3283
  [ 400/716] G:  7.4314 | C: -8.6883 | WD: 13.9327
  [ 450/716] G:  0.4787 | C: -11.3787 | WD: 14.7154
  [ 500/716] G:  5.7007 | C: -7.0561 | WD: 13.1594
  Saved sample images at batch 116500
  [ 550/716] G:  6.1147 | C: -8.4657 | WD: 10.3124
  [ 600/716] G:  7.0704 | C: -9.2886 | WD:  9.5863
  [ 650/716] G:  0.9467 | C: -11.7563 | WD: 13.9093
  [ 700/716] G:  3.0563 | C: -8.4304 | WD: 10.6714

============================================================
Epoch 163/300 Summary:
  Generator Loss    :  5.4840
  Critic Loss       : -8.6294
  Wasserstein Dist  : 11.4564
  Quick SSIM Check  : 0.1549
  Last SSIM: 0.1599 (Best: 0.1664)
============================================================


============================================================
Epoch 164/300
============================================================
  [   0/716] G:  5.8823 | C: -3.2075 | WD:  8.8675
  [  50/716] G:  4.7319 | C: -11.3275 | WD: 11.9405
  [ 100/716] G:  2.8266 | C: -13.5627 | WD: 16.0073
  [ 150/716] G:  9.7867 | C: -13.6767 | WD: 17.8652
  [ 200/716] G:  4.1039 | C: -8.8203 | WD:  9.8069
  [ 250/716] G:  4.0790 | C: -6.9950 | WD: 12.6187
  Saved sample images at batch 117000
  [ 300/716] G:  4.7265 | C: -4.6776 | WD: 12.0544
  [ 350/716] G:  8.4100 | C: -4.9184 | WD:  5.8887
  [ 400/716] G:  7.4080 | C: -12.4525 | WD: 17.0070
  [ 450/716] G:  7.1771 | C: -5.1133 | WD: 10.2693
  [ 500/716] G:  6.1622 | C: -7.7262 | WD: 14.8967
  [ 550/716] G:  5.1971 | C: -8.0885 | WD:  8.6258
  [ 600/716] G:  4.0767 | C: -8.6964 | WD: 12.6809
  [ 650/716] G:  4.2519 | C: -9.3111 | WD: 12.2743
  [ 700/716] G:  9.9708 | C: -11.2961 | WD: 13.7501

============================================================
Epoch 164/300 Summary:
  Generator Loss    :  5.9514
  Critic Loss       : -8.6325
  Wasserstein Dist  : 11.4623
  Quick SSIM Check  : 0.1591
  Last SSIM: 0.1599 (Best: 0.1664)
============================================================


============================================================
Epoch 165/300
============================================================
  [   0/716] G:  7.3629 | C: -6.7277 | WD:  9.3604
  [  50/716] G:  6.3653 | C: -3.5604 | WD: 11.3926
  Saved sample images at batch 117500
  [ 100/716] G:  2.1410 | C: -10.4725 | WD: 11.4334
  [ 150/716] G:  7.7301 | C: -9.8028 | WD: 11.5693
  [ 200/716] G:  1.0117 | C: -10.6980 | WD: 12.5579
  [ 250/716] G:  0.8480 | C: -14.5441 | WD: 16.3252
  [ 300/716] G:  6.3953 | C: -8.9145 | WD:  9.8826
  [ 350/716] G:  7.2941 | C:  1.2704 | WD:  7.6119
  [ 400/716] G:  6.4656 | C: -5.1239 | WD:  7.9153
  [ 450/716] G:  7.6071 | C: -7.6618 | WD:  7.8944
  [ 500/716] G:  3.4982 | C: -7.4736 | WD: 15.4701
  [ 550/716] G:  5.0661 | C: -8.4383 | WD:  9.5033
  Saved sample images at batch 118000
  [ 600/716] G:  3.4858 | C: -9.7413 | WD: 11.5843
  [ 650/716] G:  7.8150 | C: -6.6722 | WD:  7.4112
  [ 700/716] G:  3.9346 | C: -8.2301 | WD: 10.2918

============================================================
Epoch 165/300 Summary:
  Generator Loss    :  5.2933
  Critic Loss       : -8.5197
  Wasserstein Dist  : 11.3076
  Quick SSIM Check  : 0.1512

────────────────────────────────────────────────────────────
Running validation...
  Validation SSIM   : 0.1492
  Target SSIM       : 0.6000
  Status            : ✗ Below target
────────────────────────────────────────────────────────────
============================================================


============================================================
Epoch 166/300
============================================================
  [   0/716] G:  5.6116 | C: -7.0601 | WD: 11.6991
  [  50/716] G:  4.0881 | C: -6.8280 | WD:  7.2505
  [ 100/716] G:  5.3376 | C: -5.1219 | WD:  9.7322
  [ 150/716] G: 10.2968 | C: -4.0559 | WD: 12.0308
  [ 200/716] G:  3.3756 | C: -9.4497 | WD: 12.2776
  [ 250/716] G:  4.0824 | C: -15.1114 | WD: 17.8571
  [ 300/716] G:  5.2610 | C: -8.6078 | WD: 12.5479
  [ 350/716] G:  7.3075 | C: -8.6913 | WD: 13.0009
  Saved sample images at batch 118500
  [ 400/716] G:  3.5690 | C: -10.1648 | WD: 11.2049
  [ 450/716] G:  3.8989 | C: -11.2898 | WD: 13.8536
  [ 500/716] G:  7.4817 | C: -8.2855 | WD:  9.4757
  [ 550/716] G:  6.2924 | C: -8.5925 | WD: 13.3500
  [ 600/716] G:  5.1795 | C: -10.7362 | WD: 14.3128
  [ 650/716] G:  5.8422 | C: -7.1737 | WD: 11.3488
  [ 700/716] G:  7.2914 | C: -11.1546 | WD: 13.2807

============================================================
Epoch 166/300 Summary:
  Generator Loss    :  5.7596
  Critic Loss       : -8.6123
  Wasserstein Dist  : 11.4135
  Quick SSIM Check  : 0.1608
  Last SSIM: 0.1492 (Best: 0.1664)
============================================================


============================================================
Epoch 167/300
============================================================
  [   0/716] G:  7.5000 | C: -8.0092 | WD:  8.3745
  [  50/716] G:  9.1171 | C: -8.0165 | WD: 10.6563
  [ 100/716] G:  4.7196 | C: -9.0594 | WD:  9.5542
  Saved sample images at batch 119000
  [ 150/716] G: 12.1777 | C: -11.1363 | WD: 12.2458
  [ 200/716] G:  4.2388 | C: -12.5196 | WD: 14.4911
  [ 250/716] G:  7.6925 | C: -15.7011 | WD: 18.8864
  [ 300/716] G:  4.9605 | C: -13.9259 | WD: 17.4124
  [ 350/716] G:  6.1622 | C: -7.9456 | WD:  9.9571
  [ 400/716] G:  3.3440 | C: -3.7564 | WD: 11.5258
  [ 450/716] G:  3.3852 | C: -9.9168 | WD: 12.6727
  [ 500/716] G:  5.0730 | C: -6.8835 | WD: 10.1987
  [ 550/716] G:  6.3184 | C: -9.6333 | WD: 10.7313
  [ 600/716] G:  5.0350 | C: -10.6077 | WD: 10.9440
  Saved sample images at batch 119500
  [ 650/716] G:  8.7624 | C: -7.7256 | WD:  9.3723
  [ 700/716] G:  7.9379 | C: -6.3370 | WD: 12.1322

============================================================
Epoch 167/300 Summary:
  Generator Loss    :  6.1452
  Critic Loss       : -8.5216
  Wasserstein Dist  : 11.2803
  Quick SSIM Check  : 0.1606
  Last SSIM: 0.1492 (Best: 0.1664)
============================================================


============================================================
Epoch 168/300
============================================================
  [   0/716] G:  4.9740 | C: -6.1599 | WD:  8.2987
  [  50/716] G:  4.7130 | C: -7.5063 | WD: 10.9344
  [ 100/716] G: 10.6149 | C: -5.8815 | WD:  8.2574
  [ 150/716] G:  7.4502 | C: -13.2139 | WD: 15.0447
  [ 200/716] G:  6.4748 | C: -7.3847 | WD:  9.6931
  [ 250/716] G:  7.3758 | C: -7.6130 | WD:  9.3487
  [ 300/716] G:  5.8648 | C: -12.2979 | WD: 15.5937
  [ 350/716] G:  6.7619 | C: -3.5994 | WD:  6.2282
  [ 400/716] G:  4.5561 | C: -7.6928 | WD:  8.0142
  Saved sample images at batch 120000
  [ 450/716] G:  5.2559 | C: -7.6564 | WD:  9.7281
  [ 500/716] G:  7.4067 | C: -8.3517 | WD: 10.5707
  [ 550/716] G:  7.3386 | C: -9.5760 | WD: 10.6685
  [ 600/716] G:  5.8906 | C: -8.1535 | WD:  8.8415
  [ 650/716] G:  8.2635 | C: -9.0094 | WD: 10.2713
  [ 700/716] G:  6.0616 | C: -9.7481 | WD: 11.5552

============================================================
Epoch 168/300 Summary:
  Generator Loss    :  6.5141
  Critic Loss       : -8.4886
  Wasserstein Dist  : 11.2466
  Quick SSIM Check  : 0.1679
  Last SSIM: 0.1492 (Best: 0.1664)
============================================================


============================================================
Epoch 169/300
============================================================
  [   0/716] G:  5.3907 | C: -8.9552 | WD:  9.3299
  [  50/716] G:  6.6891 | C: -11.6536 | WD: 14.5721
  [ 100/716] G:  9.4204 | C: -7.4619 | WD:  9.9794
  [ 150/716] G:  3.3827 | C: -10.2400 | WD: 11.6611
  [ 200/716] G:  9.3895 | C: -4.7526 | WD: 10.0057
  Saved sample images at batch 120500
  [ 250/716] G:  3.1719 | C: -12.8404 | WD: 14.5664
  [ 300/716] G: 11.2087 | C: -6.9420 | WD:  8.8215
  [ 350/716] G:  6.9198 | C: -9.3421 | WD: 10.4480
  [ 400/716] G:  6.6620 | C: -17.2659 | WD: 21.3982
  [ 450/716] G:  5.8334 | C: -8.8963 | WD: 10.2547
  [ 500/716] G:  4.2974 | C: -9.4645 | WD: 10.2480
  [ 550/716] G:  5.7133 | C: -7.7361 | WD: 10.7177
  [ 600/716] G:  6.5031 | C: -10.6081 | WD: 11.1979
  [ 650/716] G:  7.7878 | C: -11.1860 | WD: 13.0628
  [ 700/716] G:  9.6760 | C: -9.5871 | WD: 13.2474
  Saved sample images at batch 121000

============================================================
Epoch 169/300 Summary:
  Generator Loss    :  6.4984
  Critic Loss       : -8.5472
  Wasserstein Dist  : 11.3399
  Quick SSIM Check  : 0.1658
  Last SSIM: 0.1492 (Best: 0.1664)
============================================================


============================================================
Epoch 170/300
============================================================
  [   0/716] G:  6.9373 | C: -8.6728 | WD:  9.5083
  [  50/716] G:  7.3528 | C: -9.4871 | WD: 10.4830
  [ 100/716] G:  7.7764 | C: -11.3472 | WD: 12.4665
  [ 150/716] G: 10.6758 | C: -8.3659 | WD: 10.7531
  [ 200/716] G:  4.4689 | C: -9.2989 | WD: 10.4667
  [ 250/716] G:  6.3954 | C: -6.2585 | WD:  6.5842
  [ 300/716] G:  6.9539 | C: -6.4265 | WD:  7.8120
  [ 350/716] G:  4.2977 | C: -11.9364 | WD: 14.2666
  [ 400/716] G:  3.5642 | C: -8.2938 | WD:  9.2967
  [ 450/716] G:  4.6265 | C: -10.6747 | WD: 11.0488
  Saved sample images at batch 121500
  [ 500/716] G: 12.6400 | C: -10.5698 | WD: 12.4557
  [ 550/716] G:  2.8153 | C: -5.8228 | WD: 12.8395
  [ 600/716] G:  4.9680 | C: -9.8927 | WD: 10.9369
  [ 650/716] G: 10.9436 | C: -5.8344 | WD:  6.1121
  [ 700/716] G: 15.7777 | C: -9.5926 | WD: 10.0895

============================================================
Epoch 170/300 Summary:
  Generator Loss    :  6.5117
  Critic Loss       : -8.6035
  Wasserstein Dist  : 11.4116
  Quick SSIM Check  : 0.1660

────────────────────────────────────────────────────────────
Running validation...
  Validation SSIM   : 0.1637
  Target SSIM       : 0.6000
  Status            : ✗ Below target
────────────────────────────────────────────────────────────
============================================================


============================================================
Epoch 171/300
============================================================
  [   0/716] G:  1.2072 | C: -9.1847 | WD: 11.4236
  [  50/716] G:  3.8551 | C: -12.7131 | WD: 13.6013
  [ 100/716] G:  4.4176 | C: -14.9369 | WD: 16.3869
  [ 150/716] G:  7.9435 | C: -9.7040 | WD: 11.0364
  [ 200/716] G:  6.6958 | C: -7.6880 | WD: 10.9575
  [ 250/716] G:  5.1483 | C: -9.6156 | WD: 13.1862
  Saved sample images at batch 122000
  [ 300/716] G:  9.7654 | C: -10.7363 | WD: 11.6501
  [ 350/716] G: 12.7898 | C: -10.9042 | WD: 11.7747
  [ 400/716] G: 11.3980 | C: -8.8440 | WD: 12.2073
  [ 450/716] G:  7.2083 | C: -9.1392 | WD: 12.3176
  [ 500/716] G:  6.4099 | C: -5.1022 | WD: 14.4676
  [ 550/716] G:  9.2995 | C: -10.9695 | WD: 11.8670
  [ 600/716] G: 13.8387 | C: -10.3920 | WD: 12.5520
  [ 650/716] G:  7.6051 | C: -10.2232 | WD: 11.9975
  [ 700/716] G:  9.6347 | C: -14.7600 | WD: 17.2074

============================================================
Epoch 171/300 Summary:
  Generator Loss    :  7.7744
  Critic Loss       : -8.5827
  Wasserstein Dist  : 11.4063
  Quick SSIM Check  : 0.1533
  Last SSIM: 0.1637 (Best: 0.1664)
============================================================


============================================================
Epoch 172/300
============================================================
  [   0/716] G:  9.8540 | C: -6.5357 | WD:  8.8139
  [  50/716] G:  5.0612 | C: -7.9991 | WD:  8.7225
  Saved sample images at batch 122500
  [ 100/716] G: 10.8037 | C: -5.6299 | WD: 11.0959
  [ 150/716] G: 11.6770 | C: -12.0630 | WD: 13.1071
  [ 200/716] G:  7.5521 | C: -9.5500 | WD: 13.5381
  [ 250/716] G:  7.5076 | C: -10.0792 | WD: 11.2672
  [ 300/716] G:  6.4194 | C: -10.6333 | WD: 11.2422
  [ 350/716] G:  5.9413 | C: -9.6717 | WD: 10.6172
  [ 400/716] G: 12.4916 | C: -9.3256 | WD: 11.1313
  [ 450/716] G:  9.4104 | C: -6.4974 | WD: 10.3274
  [ 500/716] G:  5.5940 | C: -10.4282 | WD: 12.5146
  [ 550/716] G:  6.5164 | C: -11.4878 | WD: 12.3081
  Saved sample images at batch 123000
  [ 600/716] G:  6.5727 | C: -10.6733 | WD: 11.6917
  [ 650/716] G:  7.3549 | C: -7.8151 | WD: 10.0863
  [ 700/716] G:  5.0492 | C: -6.2377 | WD:  9.3408

============================================================
Epoch 172/300 Summary:
  Generator Loss    :  7.8007
  Critic Loss       : -8.5018
  Wasserstein Dist  : 11.2843
  Quick SSIM Check  : 0.1555
  Last SSIM: 0.1637 (Best: 0.1664)
============================================================


============================================================
Epoch 173/300
============================================================
  [   0/716] G:  4.0517 | C: -6.8811 | WD: 11.1018
  [  50/716] G:  5.6257 | C: -4.1721 | WD:  5.2767
  [ 100/716] G:  8.0256 | C: -8.4935 | WD: 10.4590
  [ 150/716] G:  7.9117 | C: -8.2025 | WD: 11.8424
  [ 200/716] G:  9.0492 | C: -10.9273 | WD: 14.0312
  [ 250/716] G: 10.4636 | C: -7.0755 | WD: 11.0913
  [ 300/716] G:  4.1743 | C: -7.0093 | WD: 14.1894
  Saved sample images at batch 123500
  [ 350/716] G:  4.9006 | C: -9.0325 | WD: 10.4313
  [ 400/716] G:  7.9785 | C: -8.8728 | WD: 10.3126
  [ 450/716] G:  6.9964 | C: -9.8100 | WD: 13.2339
  [ 500/716] G:  9.9006 | C: -7.7126 | WD:  8.8062
  [ 550/716] G:  9.6735 | C: -4.2523 | WD:  5.4338
  [ 600/716] G:  7.3021 | C: -10.9854 | WD: 12.1318
  [ 650/716] G:  4.9683 | C: -11.6207 | WD: 12.2726
  [ 700/716] G:  6.6184 | C: -10.1131 | WD: 10.7557

============================================================
Epoch 173/300 Summary:
  Generator Loss    :  6.6869
  Critic Loss       : -8.4327
  Wasserstein Dist  : 11.1550
  Quick SSIM Check  : 0.1570
  Last SSIM: 0.1637 (Best: 0.1664)
============================================================


============================================================
Epoch 174/300
============================================================
  [   0/716] G:  7.8709 | C: -6.4274 | WD:  6.9081
  [  50/716] G:  9.2516 | C: -9.2537 | WD: 11.8590
  [ 100/716] G:  8.7361 | C: -13.1672 | WD: 13.6513
  Saved sample images at batch 124000
  [ 150/716] G:  9.8558 | C: -7.6794 | WD:  8.7371
  [ 200/716] G: 10.0779 | C: -8.7872 | WD: 11.1657
  [ 250/716] G: 11.0559 | C: -8.8562 | WD:  9.9332
  [ 300/716] G:  5.0065 | C: -7.0648 | WD:  9.7863
  [ 350/716] G:  8.2934 | C: -11.0647 | WD: 11.8207
  [ 400/716] G:  4.1718 | C: -11.2290 | WD: 11.9376
  [ 450/716] G:  9.6515 | C: -4.0296 | WD:  9.5591
  [ 500/716] G: 18.2956 | C: -2.2943 | WD: 18.2303
  [ 550/716] G:  7.1366 | C: -7.1624 | WD:  9.0993
  [ 600/716] G:  4.4540 | C: -7.4726 | WD: 10.5280
  Saved sample images at batch 124500
  [ 650/716] G: 10.3837 | C: -8.2386 | WD:  9.7315
  [ 700/716] G:  6.0509 | C: -12.8115 | WD: 14.5407

============================================================
Epoch 174/300 Summary:
  Generator Loss    :  7.5906
  Critic Loss       : -8.5258
  Wasserstein Dist  : 11.2985
  Quick SSIM Check  : 0.1604
  Last SSIM: 0.1637 (Best: 0.1664)
============================================================


============================================================
Epoch 175/300
============================================================
  [   0/716] G:  6.3732 | C: -3.9876 | WD:  7.8575
  [  50/716] G:  6.9981 | C: -9.2406 | WD: 10.7987
  [ 100/716] G:  7.0815 | C: -8.2814 | WD:  9.6496
  [ 150/716] G:  6.9076 | C: -7.8788 | WD:  8.5622
  [ 200/716] G:  4.6638 | C: -7.9276 | WD: 10.1359
  [ 250/716] G:  6.3002 | C: -6.8484 | WD: 11.0265
  [ 300/716] G:  7.5458 | C: -9.2463 | WD: 11.4218
  [ 350/716] G:  4.4264 | C: -9.8782 | WD: 12.6065
  [ 400/716] G:  3.5100 | C: -7.4990 | WD:  8.5643
  Saved sample images at batch 125000
  [ 450/716] G:  6.9633 | C: -8.5634 | WD: 13.7128
  [ 500/716] G:  6.8670 | C: -10.2362 | WD: 12.8708
  [ 550/716] G:  6.7287 | C: -9.0024 | WD:  9.8489
  [ 600/716] G:  7.2137 | C: -12.5580 | WD: 14.0852
  [ 650/716] G:  7.7288 | C: -10.0097 | WD: 10.8992
  [ 700/716] G:  5.7510 | C: -10.4778 | WD: 12.1510

============================================================
Epoch 175/300 Summary:
  Generator Loss    :  7.0292
  Critic Loss       : -8.5198
  Wasserstein Dist  : 11.3077
  Quick SSIM Check  : 0.1589

────────────────────────────────────────────────────────────
Running validation...
  Validation SSIM   : 0.1610
  Target SSIM       : 0.6000
  Status            : ✗ Below target
────────────────────────────────────────────────────────────
============================================================


============================================================
Epoch 176/300
============================================================
  [   0/716] G:  5.0840 | C: -3.1631 | WD: 10.3522
  [  50/716] G:  6.7430 | C: -11.4610 | WD: 13.7614
  [ 100/716] G:  5.0436 | C: -11.0356 | WD: 13.2876
  [ 150/716] G: 12.0191 | C: -7.7230 | WD:  9.2604
  [ 200/716] G:  4.2914 | C: -10.8286 | WD: 12.8760
  Saved sample images at batch 125500
  [ 250/716] G:  7.1879 | C: -4.8080 | WD:  8.7937
  [ 300/716] G:  6.6184 | C: -9.2753 | WD:  9.9514
  [ 350/716] G:  6.5788 | C: -11.7979 | WD: 13.4651
  [ 400/716] G:  6.9873 | C: -9.6962 | WD: 12.4966
  [ 450/716] G:  7.4286 | C: -11.3240 | WD: 13.9498
  [ 500/716] G:  4.1394 | C: -11.2566 | WD: 11.8733
  [ 550/716] G:  7.6316 | C: -5.7268 | WD:  6.3527
  [ 600/716] G:  7.5755 | C: -8.5510 | WD: 12.4953
  [ 650/716] G:  5.2355 | C: -11.0286 | WD: 15.2188
  [ 700/716] G: 10.2462 | C: -9.9071 | WD: 12.2511
  Saved sample images at batch 126000

============================================================
Epoch 176/300 Summary:
  Generator Loss    :  7.5351
  Critic Loss       : -8.5150
  Wasserstein Dist  : 11.2519
  Quick SSIM Check  : 0.1630
  Last SSIM: 0.1610 (Best: 0.1664)
============================================================


============================================================
Epoch 177/300
============================================================
  [   0/716] G:  6.6135 | C: -6.9077 | WD:  8.4768
  [  50/716] G:  9.7207 | C: -13.7573 | WD: 15.7537
  [ 100/716] G:  9.3478 | C: -5.5549 | WD:  9.7534
  [ 150/716] G:  8.7088 | C: -7.7900 | WD: 10.3469
  [ 200/716] G:  7.2346 | C: -9.8849 | WD: 14.7229
  [ 250/716] G: 10.6812 | C: -6.3386 | WD: 12.3224
  [ 300/716] G:  7.8904 | C: -8.1799 | WD: 10.7193
  [ 350/716] G:  9.6693 | C: -6.2044 | WD:  8.6493
  [ 400/716] G:  8.4938 | C: -9.8528 | WD: 10.0046
  [ 450/716] G:  6.8287 | C: -9.9410 | WD: 12.5675
  Saved sample images at batch 126500
  [ 500/716] G:  7.7563 | C: -5.4730 | WD: 11.2783
  [ 550/716] G:  6.2633 | C: -15.0965 | WD: 16.5823
  [ 600/716] G: 10.1939 | C: -10.2691 | WD: 10.6381
  [ 650/716] G:  9.9901 | C: -11.3837 | WD: 16.5814
  [ 700/716] G: 11.2860 | C: -12.0738 | WD: 14.6470

============================================================
Epoch 177/300 Summary:
  Generator Loss    :  8.9643
  Critic Loss       : -8.4083
  Wasserstein Dist  : 11.1833
  Quick SSIM Check  : 0.1618
  Last SSIM: 0.1610 (Best: 0.1664)
============================================================


============================================================
Epoch 178/300
============================================================
  [   0/716] G:  9.2013 | C: -6.3039 | WD:  8.5809
  [  50/716] G:  7.9572 | C: -5.1230 | WD: 10.1988
  [ 100/716] G:  7.0029 | C: -7.7658 | WD: 10.1197
  [ 150/716] G:  5.9763 | C: -9.2458 | WD: 10.4811
  [ 200/716] G:  3.2212 | C: -4.7797 | WD: 11.9816
  [ 250/716] G:  9.8885 | C: -7.3632 | WD: 13.4540
  Saved sample images at batch 127000
  [ 300/716] G:  8.6215 | C: -10.3777 | WD: 11.5919
  [ 350/716] G: 10.7691 | C: -12.5912 | WD: 15.9369
  [ 400/716] G:  8.1195 | C: -9.2557 | WD:  9.5131
  [ 450/716] G:  9.4968 | C: -2.6150 | WD:  6.1663
  [ 500/716] G:  8.0799 | C: -6.1043 | WD:  8.7268
  [ 550/716] G:  7.9504 | C: -7.7373 | WD:  9.0603
  [ 600/716] G:  8.1704 | C: -7.0849 | WD: 16.3439
  [ 650/716] G:  5.6379 | C: -11.7418 | WD: 12.5480
  [ 700/716] G:  9.3676 | C: -10.9369 | WD: 11.7376

============================================================
Epoch 178/300 Summary:
  Generator Loss    :  9.0030
  Critic Loss       : -8.3442
  Wasserstein Dist  : 11.0260
  Quick SSIM Check  : 0.1613
  Last SSIM: 0.1610 (Best: 0.1664)
============================================================


============================================================
Epoch 179/300
============================================================
  [   0/716] G:  8.6031 | C: -9.1869 | WD:  9.9846
  [  50/716] G: 12.0891 | C: -8.2967 | WD:  9.3596
  Saved sample images at batch 127500
  [ 100/716] G:  7.2724 | C: -9.7005 | WD: 11.1967
  [ 150/716] G:  3.7121 | C: -10.1524 | WD: 11.3799
  [ 200/716] G: 10.6078 | C: -7.8807 | WD:  8.8211
  [ 250/716] G:  9.5476 | C: -11.9089 | WD: 16.4415
  [ 300/716] G: 10.8860 | C: -8.8983 | WD:  9.6031
  [ 350/716] G:  5.7788 | C: -11.0444 | WD: 12.2438
  [ 400/716] G:  7.1439 | C: -10.7458 | WD: 15.4636
  [ 450/716] G:  6.5932 | C: -13.5016 | WD: 15.0654
  [ 500/716] G:  8.8646 | C: -6.4511 | WD:  7.5030
  [ 550/716] G:  6.8840 | C: -4.7392 | WD:  8.4156
  Saved sample images at batch 128000
  [ 600/716] G: 10.2619 | C: -9.3912 | WD: 11.2993
  [ 650/716] G:  7.9191 | C: -16.5785 | WD: 19.0058
  [ 700/716] G: 12.8149 | C: -9.3349 | WD: 11.8638

============================================================
Epoch 179/300 Summary:
  Generator Loss    :  9.3402
  Critic Loss       : -8.4553
  Wasserstein Dist  : 11.1585
  Quick SSIM Check  : 0.1573
  Last SSIM: 0.1610 (Best: 0.1664)
============================================================


============================================================
Epoch 180/300
============================================================
  [   0/716] G: 10.4005 | C: -4.2905 | WD:  6.2778
  [  50/716] G:  5.3022 | C: -11.3325 | WD: 12.0965
  [ 100/716] G: 10.8577 | C: -7.6655 | WD: 13.0534
  [ 150/716] G:  9.7542 | C: -10.4133 | WD: 17.5579
  [ 200/716] G: 10.0795 | C: -8.0345 | WD:  9.8885
  [ 250/716] G:  8.0446 | C: -6.7374 | WD: 12.9121
  [ 300/716] G: 10.2370 | C: -9.7820 | WD: 11.7093
  Saved sample images at batch 128500
  [ 350/716] G:  7.8579 | C: -13.7626 | WD: 14.9021
  [ 400/716] G:  7.4662 | C: -8.7946 | WD: 11.0789
  [ 450/716] G:  9.3542 | C: -9.9250 | WD: 10.2874
  [ 500/716] G: 10.5280 | C: -9.1151 | WD: 13.5711
  [ 550/716] G:  9.2272 | C: -5.3226 | WD: 12.6129
  [ 600/716] G: 10.2531 | C: -5.5272 | WD:  7.4516
  [ 650/716] G: 10.0320 | C: -7.8131 | WD: 15.2799
  [ 700/716] G:  9.5149 | C: -6.1805 | WD:  7.3551

============================================================
Epoch 180/300 Summary:
  Generator Loss    :  9.8048
  Critic Loss       : -8.4022
  Wasserstein Dist  : 11.1404
  Quick SSIM Check  : 0.1640

────────────────────────────────────────────────────────────
Running validation...
  Validation SSIM   : 0.1689
  Target SSIM       : 0.6000
  Status            : ✗ Below target
────────────────────────────────────────────────────────────
  ★ Best model saved with SSIM: 0.1689
============================================================

Checkpoint saved at epoch 180


============================================================
Epoch 181/300
============================================================
  [   0/716] G:  7.4664 | C: -4.8681 | WD:  7.3469
  [  50/716] G:  8.8208 | C: -9.5494 | WD: 10.5734
  [ 100/716] G: 16.7025 | C: -14.4626 | WD: 18.1591
  Saved sample images at batch 129000
  [ 150/716] G: 12.9222 | C: -11.3997 | WD: 12.4791
  [ 200/716] G: 10.8205 | C: -10.7706 | WD: 11.9117
  [ 250/716] G:  6.2657 | C: -6.2070 | WD:  7.8932
  [ 300/716] G:  9.4564 | C: -8.3076 | WD: 10.7749
  [ 350/716] G: 12.8897 | C: -11.1555 | WD: 12.6192
  [ 400/716] G: 12.7604 | C: -8.7646 | WD: 10.0902
  [ 450/716] G:  7.9350 | C: -11.0169 | WD: 11.6494
  [ 500/716] G:  9.6297 | C: -8.4791 | WD: 10.7087
  [ 550/716] G:  7.1085 | C: -6.3704 | WD:  9.3490
  [ 600/716] G:  9.6162 | C: -6.6069 | WD:  7.6638
  Saved sample images at batch 129500
  [ 650/716] G:  5.5214 | C: -7.9053 | WD:  9.0738
  [ 700/716] G:  7.0195 | C: -13.5635 | WD: 15.1872

============================================================
Epoch 181/300 Summary:
  Generator Loss    :  9.3202
  Critic Loss       : -8.3375
  Wasserstein Dist  : 11.0495
  Quick SSIM Check  : 0.1434
  Last SSIM: 0.1689 (Best: 0.1689)
============================================================


============================================================
Epoch 182/300
============================================================
  [   0/716] G: 11.1180 | C: -9.5868 | WD: 15.0001
  [  50/716] G:  9.5819 | C: -12.4645 | WD: 12.9842
  [ 100/716] G:  7.6311 | C: -8.8501 | WD: 10.4991
  [ 150/716] G:  5.7283 | C: -14.7523 | WD: 16.6846
  [ 200/716] G:  8.4740 | C: -5.9492 | WD: 10.8136
  [ 250/716] G: 17.3982 | C: -14.3375 | WD: 17.5742
  [ 300/716] G: 11.1228 | C: -10.8277 | WD: 12.3455
  [ 350/716] G: 10.7189 | C: -9.4186 | WD: 12.8410
  [ 400/716] G:  7.9273 | C: -6.8473 | WD:  9.0921
  Saved sample images at batch 130000
  [ 450/716] G:  7.5963 | C: -6.0013 | WD:  6.3633
  [ 500/716] G:  7.0692 | C: -7.6634 | WD:  8.2565
  [ 550/716] G: 11.3339 | C: -11.1353 | WD: 12.7693
  [ 600/716] G: 10.5158 | C: -12.3253 | WD: 12.6895
  [ 650/716] G:  6.1716 | C: -8.9253 | WD: 14.2298
  [ 700/716] G:  8.1433 | C: -6.8115 | WD: 14.7329

============================================================
Epoch 182/300 Summary:
  Generator Loss    :  8.5548
  Critic Loss       : -8.4505
  Wasserstein Dist  : 11.2098
  Quick SSIM Check  : 0.1625
  Last SSIM: 0.1689 (Best: 0.1689)
============================================================


============================================================
Epoch 183/300
============================================================
  [   0/716] G:  8.3156 | C: -10.5591 | WD: 13.0711
  [  50/716] G: 13.3117 | C: -9.8208 | WD: 12.4758
  [ 100/716] G:  9.6455 | C: -8.3958 | WD: 12.5599
  [ 150/716] G:  7.4432 | C: -12.6795 | WD: 13.4073
  Saved sample images at batch 130500
  [ 200/716] G:  9.1619 | C: -4.1874 | WD:  6.8450
  [ 250/716] G: 10.8863 | C: -9.7789 | WD: 10.5871
  [ 300/716] G:  4.8593 | C: -10.5285 | WD: 12.4176
  [ 350/716] G: 12.5864 | C: -7.9461 | WD: 12.0079
  [ 400/716] G: 11.5913 | C: -12.0575 | WD: 12.5001
  [ 450/716] G: 11.8142 | C: -4.9226 | WD:  9.6322
  [ 500/716] G:  4.6317 | C: -10.3447 | WD: 10.9778
  [ 550/716] G:  5.0772 | C: -13.8652 | WD: 14.4439
  [ 600/716] G:  8.1246 | C: -5.2524 | WD: 13.7993
  [ 650/716] G: 13.7995 | C: -3.4185 | WD:  4.6851
  Saved sample images at batch 131000
  [ 700/716] G: 10.7889 | C: -8.4953 | WD:  9.9643

============================================================
Epoch 183/300 Summary:
  Generator Loss    :  9.2715
  Critic Loss       : -8.5813
  Wasserstein Dist  : 11.3276
  Quick SSIM Check  : 0.1491
  Last SSIM: 0.1689 (Best: 0.1689)
============================================================


============================================================
Epoch 184/300
============================================================
  [   0/716] G:  7.8455 | C: -12.1810 | WD: 13.6139
  [  50/716] G: 13.4240 | C: -2.8803 | WD:  7.2726
  [ 100/716] G: 13.3634 | C: -13.0469 | WD: 14.4927
  [ 150/716] G: 10.3904 | C: -14.1181 | WD: 16.4501
  [ 200/716] G:  6.7532 | C: -5.6659 | WD: 11.5294
  [ 250/716] G: 10.2896 | C: -10.0162 | WD: 10.9233
  [ 300/716] G: 10.6163 | C: -7.4535 | WD: 10.7735
  [ 350/716] G: 12.7946 | C: -14.3318 | WD: 19.3044
  [ 400/716] G: 11.4783 | C: -10.1060 | WD: 11.0272
  [ 450/716] G: 10.3907 | C: -6.4781 | WD:  7.0378
  Saved sample images at batch 131500
  [ 500/716] G: 11.7162 | C: -7.3351 | WD:  8.2507
  [ 550/716] G: 10.1676 | C: -11.6298 | WD: 16.0296
  [ 600/716] G: 13.9897 | C: -9.3526 | WD: 10.8679
  [ 650/716] G:  9.8063 | C: -7.4584 | WD:  9.2777
  [ 700/716] G:  8.9011 | C: -16.6053 | WD: 18.4717

============================================================
Epoch 184/300 Summary:
  Generator Loss    : 10.3914
  Critic Loss       : -8.3573
  Wasserstein Dist  : 11.0900
  Quick SSIM Check  : 0.1591
  Last SSIM: 0.1689 (Best: 0.1689)
============================================================


============================================================
Epoch 185/300
============================================================
  [   0/716] G:  8.4529 | C: -4.9817 | WD: 10.0396
  [  50/716] G:  8.5405 | C: -8.2689 | WD: 10.5991
  [ 100/716] G:  8.4816 | C: -12.6725 | WD: 16.4303
  [ 150/716] G:  7.7018 | C: -7.7910 | WD: 13.0802
  [ 200/716] G:  8.6368 | C: -11.0662 | WD: 15.2488
  [ 250/716] G: 10.3845 | C: -7.3680 | WD: 10.3241
  Saved sample images at batch 132000
  [ 300/716] G:  6.0502 | C: -17.9956 | WD: 22.6625
  [ 350/716] G:  9.5253 | C: -10.2195 | WD: 11.6861
  [ 400/716] G: 13.6949 | C: -9.2835 | WD: 10.2140
  [ 450/716] G: 11.2832 | C: -9.0022 | WD: 11.9698
  [ 500/716] G: 12.1697 | C: -9.5274 | WD: 12.0149
  [ 550/716] G: 12.2809 | C: -6.8934 | WD:  9.4997
  [ 600/716] G: 11.9820 | C: -9.1681 | WD: 10.6462
  [ 650/716] G:  9.9555 | C: -4.6499 | WD:  7.9242
  [ 700/716] G:  8.3923 | C: -14.5937 | WD: 20.7334

============================================================
Epoch 185/300 Summary:
  Generator Loss    :  9.9032
  Critic Loss       : -8.3836
  Wasserstein Dist  : 11.1850
  Quick SSIM Check  : 0.1548

────────────────────────────────────────────────────────────
Running validation...
  Validation SSIM   : 0.1589
  Target SSIM       : 0.6000
  Status            : ✗ Below target
────────────────────────────────────────────────────────────
============================================================


============================================================
Epoch 186/300
============================================================
  [   0/716] G:  8.4607 | C: -7.0255 | WD:  7.2422
  Saved sample images at batch 132500
  [  50/716] G:  9.6245 | C: -8.1553 | WD:  9.7843
  [ 100/716] G: 11.8045 | C: -8.0385 | WD:  8.1293
  [ 150/716] G:  9.4514 | C: -6.6558 | WD:  7.6720
  [ 200/716] G:  9.7881 | C: -6.8397 | WD:  7.6384
  [ 250/716] G:  9.2394 | C: -4.6068 | WD: 10.7079
  [ 300/716] G: 12.6418 | C: -7.2004 | WD:  8.8007
  [ 350/716] G: 11.4904 | C: -8.3749 | WD:  9.4496
  [ 400/716] G:  8.7396 | C: -5.7441 | WD:  6.1863
  [ 450/716] G:  8.4671 | C: -9.9431 | WD: 10.4508
  [ 500/716] G:  9.0923 | C: -18.0883 | WD: 22.1604
  Saved sample images at batch 133000
  [ 550/716] G:  8.7948 | C: -9.0305 | WD: 10.1395
  [ 600/716] G: 10.2839 | C: -5.6685 | WD:  6.2458
  [ 650/716] G: 14.2248 | C: -9.1883 | WD: 12.0459
  [ 700/716] G:  8.6812 | C: -11.1944 | WD: 11.8712

============================================================
Epoch 186/300 Summary:
  Generator Loss    : 10.8650
  Critic Loss       : -8.3211
  Wasserstein Dist  : 10.9559
  Quick SSIM Check  : 0.1587
  Last SSIM: 0.1589 (Best: 0.1689)
============================================================


============================================================
Epoch 187/300
============================================================
  [   0/716] G: 13.1594 | C: -8.9342 | WD: 13.0094
  [  50/716] G: 13.7144 | C: -12.2082 | WD: 16.0023
  [ 100/716] G: 13.2616 | C: -11.1207 | WD: 11.4822
  [ 150/716] G: 11.8820 | C: -9.4910 | WD: 11.2301
  [ 200/716] G: 13.1876 | C: -2.2594 | WD: 11.2929
  [ 250/716] G: 11.3647 | C: -4.4687 | WD:  5.4741
  [ 300/716] G:  9.9511 | C: -8.5880 | WD: 20.2381
  Saved sample images at batch 133500
  [ 350/716] G: 10.9750 | C: -9.6993 | WD: 11.8892
  [ 400/716] G: 12.3626 | C: -8.7503 | WD: 11.4010
  [ 450/716] G: 13.1497 | C: -10.5895 | WD: 12.0191
  [ 500/716] G:  8.9495 | C: -11.2780 | WD: 12.6489
  [ 550/716] G: 12.2059 | C: -9.7997 | WD: 12.3458
  [ 600/716] G: 11.3099 | C: -12.0884 | WD: 14.9882
  [ 650/716] G: 10.6868 | C: -7.7595 | WD: 10.9478
  [ 700/716] G: 13.0375 | C: -10.4302 | WD: 13.2078

============================================================
Epoch 187/300 Summary:
  Generator Loss    : 11.5099
  Critic Loss       : -8.1650
  Wasserstein Dist  : 10.8363
  Quick SSIM Check  : 0.1553
  Last SSIM: 0.1589 (Best: 0.1689)
============================================================


============================================================
Epoch 188/300
============================================================
  [   0/716] G: 10.4155 | C: -0.1449 | WD:  3.2408
  [  50/716] G: 12.0194 | C: -10.1254 | WD: 13.3027
  [ 100/716] G: 15.1275 | C: -6.3739 | WD:  7.0536
  Saved sample images at batch 134000
  [ 150/716] G:  9.4036 | C: -10.4028 | WD: 14.0834
  [ 200/716] G: 14.0349 | C: -8.4912 | WD: 10.2815
  [ 250/716] G: 11.5593 | C: -9.6505 | WD: 11.1795
  [ 300/716] G: 15.8093 | C: -10.2556 | WD: 12.4405
  [ 350/716] G: 11.4561 | C: -8.7035 | WD:  9.1384
  [ 400/716] G: 10.1358 | C: -13.6255 | WD: 15.3248
  [ 450/716] G: 13.9043 | C: -10.0039 | WD: 13.2886
  [ 500/716] G:  8.4543 | C: -8.0131 | WD:  8.7012
  [ 550/716] G: 15.5043 | C: -7.5894 | WD:  9.4976
  [ 600/716] G: 10.1019 | C: -7.6031 | WD:  8.9227
  Saved sample images at batch 134500
  [ 650/716] G: 10.2713 | C: -4.2200 | WD:  9.9229
  [ 700/716] G: 11.1349 | C: -9.8942 | WD: 12.4510

============================================================
Epoch 188/300 Summary:
  Generator Loss    : 11.0494
  Critic Loss       : -8.3658
  Wasserstein Dist  : 11.0525
  Quick SSIM Check  : 0.1484
  Last SSIM: 0.1589 (Best: 0.1689)
============================================================


============================================================
Epoch 189/300
============================================================
  [   0/716] G: 10.2005 | C: -4.2232 | WD:  5.8042
  [  50/716] G:  9.2649 | C: -9.5682 | WD: 12.7904
  [ 100/716] G:  9.5508 | C: -7.0529 | WD: 10.4030
  [ 150/716] G: 12.5064 | C: -11.8986 | WD: 14.0820
  [ 200/716] G: 13.1224 | C: -6.1659 | WD:  6.7614
  [ 250/716] G: 11.8515 | C: -9.3661 | WD: 11.4628
  [ 300/716] G: 12.8971 | C: -7.3281 | WD:  8.4290
  [ 350/716] G: 12.3097 | C: -6.1665 | WD:  7.3939
  Saved sample images at batch 135000
  [ 400/716] G:  8.7794 | C: -8.8443 | WD: 11.6569
  [ 450/716] G: 13.7166 | C: -6.0316 | WD:  7.3246
  [ 500/716] G:  9.1243 | C: -10.1472 | WD: 12.0499
  [ 550/716] G: 13.6162 | C: -11.3647 | WD: 14.8485
  [ 600/716] G: 14.2291 | C: -5.6989 | WD: 10.4871
  [ 650/716] G: 12.7299 | C: -6.5882 | WD: 13.6671
  [ 700/716] G:  8.2409 | C: -7.3692 | WD:  8.6867

============================================================
Epoch 189/300 Summary:
  Generator Loss    : 11.2339
  Critic Loss       : -8.3445
  Wasserstein Dist  : 11.0773
  Quick SSIM Check  : 0.1641
  Last SSIM: 0.1589 (Best: 0.1689)
============================================================


============================================================
Epoch 190/300
============================================================
  [   0/716] G: 11.0388 | C: -6.7539 | WD:  7.4895
  [  50/716] G:  9.9856 | C: -3.0829 | WD: 13.8737
  [ 100/716] G: 13.1198 | C: -4.1434 | WD: 10.3950
  [ 150/716] G:  9.0342 | C: -8.1641 | WD: 10.7354
  Saved sample images at batch 135500
  [ 200/716] G:  6.2623 | C: -9.3677 | WD:  9.5316
  [ 250/716] G: 13.0678 | C: -7.8763 | WD:  8.3222
  [ 300/716] G:  7.4229 | C: -8.4006 | WD:  9.0344
  [ 350/716] G: 11.6174 | C: -8.9889 | WD:  9.3721
  [ 400/716] G: 11.7053 | C: -6.0505 | WD:  8.1099
  [ 450/716] G: 11.6408 | C: -7.1387 | WD:  8.4533
  [ 500/716] G:  9.6488 | C: -10.9153 | WD: 12.8566
  [ 550/716] G: 13.2208 | C: -6.2920 | WD:  6.9757
  [ 600/716] G:  9.9482 | C: -11.6157 | WD: 14.2380
  [ 650/716] G: 10.6128 | C: -7.5391 | WD: 10.0171
  Saved sample images at batch 136000
  [ 700/716] G: 10.7069 | C: -6.9109 | WD:  9.0170

============================================================
Epoch 190/300 Summary:
  Generator Loss    : 11.0992
  Critic Loss       : -8.1583
  Wasserstein Dist  : 10.7847
  Quick SSIM Check  : 0.1579

────────────────────────────────────────────────────────────
Running validation...
  Validation SSIM   : 0.1573
  Target SSIM       : 0.6000
  Status            : ✗ Below target
────────────────────────────────────────────────────────────
============================================================


============================================================
Epoch 191/300
============================================================
  [   0/716] G: 12.9748 | C: -7.1388 | WD:  8.3235
  [  50/716] G: 12.5246 | C: -6.2205 | WD:  8.4509
  [ 100/716] G:  9.6526 | C: -6.3766 | WD:  6.5012
  [ 150/716] G:  8.6499 | C: -8.8420 | WD: 12.5164
  [ 200/716] G:  9.2457 | C: -12.0357 | WD: 14.3549
  [ 250/716] G: 11.2962 | C: -8.9729 | WD:  9.5501
  [ 300/716] G: 11.1398 | C: -9.9727 | WD: 10.3049
  [ 350/716] G:  8.8061 | C: -7.4622 | WD: 14.8798
  [ 400/716] G: 12.4977 | C: -5.9965 | WD:  6.5305
  [ 450/716] G: 11.6409 | C: -5.6453 | WD:  8.8125
  Saved sample images at batch 136500
  [ 500/716] G:  9.5311 | C: -8.9703 | WD: 10.4395
  [ 550/716] G:  8.7636 | C: -6.5260 | WD: 11.2117
  [ 600/716] G: 13.9902 | C: -9.2749 | WD: 11.1331
  [ 650/716] G: 13.2972 | C: -8.9596 | WD:  9.8219
  [ 700/716] G:  9.8196 | C: -7.8463 | WD: 14.6004

============================================================
Epoch 191/300 Summary:
  Generator Loss    : 10.6764
  Critic Loss       : -8.3349
  Wasserstein Dist  : 11.0424
  Quick SSIM Check  : 0.1670
  Last SSIM: 0.1573 (Best: 0.1689)
============================================================


============================================================
Epoch 192/300
============================================================
  [   0/716] G: 12.9356 | C: -13.3169 | WD: 16.8776
  [  50/716] G:  9.3065 | C: -11.7573 | WD: 12.4323
  [ 100/716] G: 11.3633 | C: -6.4910 | WD: 11.0699
  [ 150/716] G:  7.9384 | C: -7.1883 | WD: 10.0090
  [ 200/716] G: 10.2142 | C: -7.5946 | WD:  9.3773
  Saved sample images at batch 137000
  [ 250/716] G: 11.3398 | C: -9.4977 | WD: 11.5591
  [ 300/716] G:  9.7430 | C: -8.2663 | WD: 13.2569
  [ 350/716] G:  7.9846 | C: -10.9950 | WD: 14.0141
  [ 400/716] G:  9.4827 | C: -7.6807 | WD:  8.1976
  [ 450/716] G: 11.8722 | C: -7.0280 | WD:  9.4380
  [ 500/716] G: 12.6660 | C: -8.7270 | WD: 12.5928
  [ 550/716] G: 12.4272 | C: -3.6899 | WD: 14.0503
  [ 600/716] G: 10.4417 | C: -12.0547 | WD: 14.7300
  [ 650/716] G: 10.1405 | C: -5.9634 | WD:  8.4648
  [ 700/716] G:  8.6043 | C: -5.3871 | WD: 13.6506

============================================================
Epoch 192/300 Summary:
  Generator Loss    : 11.0310
  Critic Loss       : -8.0872
  Wasserstein Dist  : 10.7644
  Quick SSIM Check  : 0.1660
  Last SSIM: 0.1573 (Best: 0.1689)
============================================================


============================================================
Epoch 193/300
============================================================
  [   0/716] G:  7.2247 | C: -8.1971 | WD: 11.9686
  Saved sample images at batch 137500
  [  50/716] G: 10.2727 | C: -7.9120 | WD:  8.6746
  [ 100/716] G: 10.7753 | C: -9.3741 | WD: 11.6475
  [ 150/716] G: 11.1619 | C: -6.7533 | WD:  7.9537
  [ 200/716] G: 10.6050 | C: -12.2542 | WD: 13.5429
  [ 250/716] G:  8.8742 | C: -6.7313 | WD:  9.0896
  [ 300/716] G: 10.1093 | C: -8.9888 | WD: 11.5395
  [ 350/716] G: 13.0523 | C: -11.5605 | WD: 12.1881
  [ 400/716] G: 11.6827 | C: -8.1189 | WD:  9.3987
  [ 450/716] G: 10.3730 | C: -3.9891 | WD: 14.0378
  [ 500/716] G: 11.2634 | C: -12.0393 | WD: 14.0048
  Saved sample images at batch 138000
  [ 550/716] G:  9.5671 | C: -3.9351 | WD: 10.7982
  [ 600/716] G: 12.6255 | C: -8.1912 | WD: 17.7649
  [ 650/716] G: 14.3618 | C: -9.1961 | WD: 10.5486
  [ 700/716] G: 13.7276 | C: -8.7985 | WD: 10.5757

============================================================
Epoch 193/300 Summary:
  Generator Loss    : 10.6432
  Critic Loss       : -8.2336
  Wasserstein Dist  : 10.8692
  Quick SSIM Check  : 0.1603
  Last SSIM: 0.1573 (Best: 0.1689)
============================================================


============================================================
Epoch 194/300
============================================================
  [   0/716] G: 11.0035 | C: -3.3003 | WD:  8.5633
  [  50/716] G:  6.9863 | C: -11.1469 | WD: 14.1600
  [ 100/716] G: 15.2358 | C: -6.7189 | WD: 10.2866
  [ 150/716] G:  9.0439 | C: -12.7987 | WD: 18.5954
  [ 200/716] G: 10.6319 | C: -9.3229 | WD: 12.6736
  [ 250/716] G: 14.4171 | C: -6.9416 | WD:  8.9222
  [ 300/716] G: 11.1093 | C: -10.7158 | WD: 15.3826
  Saved sample images at batch 138500
  [ 350/716] G: 13.9639 | C: -9.9049 | WD: 10.6715
  [ 400/716] G: 11.6834 | C: -8.7478 | WD: 11.9382
  [ 450/716] G: 11.1136 | C: -3.4977 | WD:  6.0118
  [ 500/716] G: 14.3371 | C: -9.0838 | WD: 11.2590
  [ 550/716] G:  8.7696 | C: -5.1990 | WD:  7.3997
  [ 600/716] G:  6.9890 | C: -11.3530 | WD: 17.0343
  [ 650/716] G: 13.2776 | C: -11.1466 | WD: 11.9323
  [ 700/716] G:  9.2996 | C: -7.0253 | WD:  8.8018

============================================================
Epoch 194/300 Summary:
  Generator Loss    : 11.3943
  Critic Loss       : -8.1077
  Wasserstein Dist  : 10.7282
  Quick SSIM Check  : 0.1578
  Last SSIM: 0.1573 (Best: 0.1689)
============================================================


============================================================
Epoch 195/300
============================================================
  [   0/716] G: 13.9274 | C: -10.0751 | WD: 12.9342
  [  50/716] G:  8.3684 | C: -7.4543 | WD: 14.0611
  Saved sample images at batch 139000
  [ 100/716] G: 13.0007 | C: -4.9953 | WD: 13.8109
  [ 150/716] G: 10.9764 | C: -7.7944 | WD: 10.2196
  [ 200/716] G: 12.4962 | C: -11.0451 | WD: 12.0167
  [ 250/716] G: 11.4597 | C: -11.5905 | WD: 12.6123
  [ 300/716] G:  8.9489 | C: -5.0144 | WD: 12.0132
  [ 350/716] G: 10.3230 | C: -8.2154 | WD: 11.4791
  [ 400/716] G: 13.7624 | C: -5.9959 | WD:  7.1415
  [ 450/716] G: 10.1428 | C: -12.4101 | WD: 13.7271
  [ 500/716] G: 11.6187 | C: -9.9465 | WD: 12.0482
  [ 550/716] G: 12.7912 | C: -9.8300 | WD: 12.0980
  Saved sample images at batch 139500
  [ 600/716] G: 10.2100 | C: -6.6232 | WD:  9.5008
  [ 650/716] G: 13.5847 | C: -9.7811 | WD: 11.9111
  [ 700/716] G: 12.0569 | C: -7.1517 | WD: 11.0400

============================================================
Epoch 195/300 Summary:
  Generator Loss    : 10.7584
  Critic Loss       : -8.3063
  Wasserstein Dist  : 11.0114
  Quick SSIM Check  : 0.1628

────────────────────────────────────────────────────────────
Running validation...
  Validation SSIM   : 0.1620
  Target SSIM       : 0.6000
  Status            : ✗ Below target
────────────────────────────────────────────────────────────
============================================================


============================================================
Epoch 196/300
============================================================
  [   0/716] G: 11.3212 | C: -1.6147 | WD:  2.5313
  [  50/716] G: 13.9491 | C: -9.9033 | WD: 10.7780
  [ 100/716] G: 10.6482 | C: -8.2367 | WD: 13.7991
  [ 150/716] G: 11.2829 | C: -6.9708 | WD:  8.6196
  [ 200/716] G: 11.8891 | C: -7.7707 | WD:  8.9073
  [ 250/716] G: 11.9207 | C: -6.3560 | WD: 14.0807
  [ 300/716] G: 13.4134 | C: -8.3781 | WD:  9.8675
  [ 350/716] G: 12.0588 | C: -9.8344 | WD: 11.1865
  Saved sample images at batch 140000
  [ 400/716] G:  6.9347 | C: -11.6294 | WD: 13.7529
  [ 450/716] G: 12.8508 | C: -7.0596 | WD:  8.3901
  [ 500/716] G: 12.2350 | C: -8.1578 | WD: 12.1480
  [ 550/716] G:  9.0209 | C: -10.5065 | WD: 27.1649
  [ 600/716] G: 11.9332 | C: -10.7193 | WD: 15.6583
  [ 650/716] G:  9.9061 | C: -11.4992 | WD: 16.0859
  [ 700/716] G: 13.3931 | C: -3.9918 | WD:  8.3746

============================================================
Epoch 196/300 Summary:
  Generator Loss    : 11.5127
  Critic Loss       : -8.2035
  Wasserstein Dist  : 10.8361
  Quick SSIM Check  : 0.1754
  Last SSIM: 0.1620 (Best: 0.1689)
============================================================


============================================================
Epoch 197/300
============================================================
  [   0/716] G:  9.1506 | C: -7.4221 | WD:  8.2448
  [  50/716] G:  9.4592 | C: -9.5641 | WD: 19.4390
  [ 100/716] G: 15.2067 | C: -7.9720 | WD: 11.9661
  [ 150/716] G: 11.9437 | C: -5.5637 | WD:  6.8892
  Saved sample images at batch 140500
  [ 200/716] G: 10.8180 | C: -12.8375 | WD: 14.1971
  [ 250/716] G:  7.7806 | C: -9.1508 | WD: 12.7735
  [ 300/716] G: 12.4911 | C: -12.3736 | WD: 14.0813
  [ 350/716] G: 11.6354 | C: -9.6369 | WD: 11.3982
  [ 400/716] G: 13.7363 | C: -6.1064 | WD:  9.8325
  [ 450/716] G: 12.2112 | C: -5.3970 | WD:  7.2845
  [ 500/716] G:  6.2160 | C: -21.3601 | WD: 22.3646
  [ 550/716] G: 14.4529 | C: -9.2207 | WD: 12.2053
  [ 600/716] G: 11.6433 | C: -7.6215 | WD:  9.4352
  [ 650/716] G:  9.8054 | C: -9.3173 | WD: 11.7287
  Saved sample images at batch 141000
  [ 700/716] G: 13.4791 | C: -11.1238 | WD: 11.8833

============================================================
Epoch 197/300 Summary:
  Generator Loss    : 12.4559
  Critic Loss       : -8.2922
  Wasserstein Dist  : 10.9490
  Quick SSIM Check  : 0.1628
  Last SSIM: 0.1620 (Best: 0.1689)
============================================================


============================================================
Epoch 198/300
============================================================
  [   0/716] G: 10.2408 | C:  0.1428 | WD: 10.2988
  [  50/716] G: 11.7713 | C: -9.0104 | WD: 13.1462
  [ 100/716] G: 13.5573 | C: -8.6193 | WD: 10.4440
  [ 150/716] G: 14.3757 | C: -7.9857 | WD:  8.9993
  [ 200/716] G: 11.1591 | C: -6.9558 | WD:  8.8904
  [ 250/716] G: 11.9869 | C: -8.4424 | WD:  9.5105
  [ 300/716] G: 11.6091 | C: -4.3587 | WD: 18.8959
  [ 350/716] G:  8.6253 | C: -7.7645 | WD: 10.3832
  [ 400/716] G: 11.7709 | C: -10.6589 | WD: 13.0969
  Saved sample images at batch 141500
  [ 450/716] G: 11.0986 | C: -8.0542 | WD:  9.1976
  [ 500/716] G: 14.4445 | C: -6.2514 | WD:  9.0320
  [ 550/716] G: 12.5505 | C: -7.2541 | WD:  8.9288
  [ 600/716] G: 15.3888 | C: -8.4405 | WD: 10.2369
  [ 650/716] G: 12.5693 | C: -5.5157 | WD: 12.0864
  [ 700/716] G: 14.7833 | C: -11.9262 | WD: 14.1360

============================================================
Epoch 198/300 Summary:
  Generator Loss    : 12.5397
  Critic Loss       : -8.1925
  Wasserstein Dist  : 10.8333
  Quick SSIM Check  : 0.1511
  Last SSIM: 0.1620 (Best: 0.1689)
============================================================


============================================================
Epoch 199/300
============================================================
  [   0/716] G: 10.1607 | C: -7.2742 | WD:  9.4181
  [  50/716] G: 11.0006 | C: -10.7688 | WD: 13.5761
  [ 100/716] G: 11.6900 | C: -4.7744 | WD:  9.5709
  [ 150/716] G: 12.5477 | C: -7.8153 | WD: 11.5679
  [ 200/716] G: 10.3526 | C: -5.2326 | WD: 11.2336
  Saved sample images at batch 142000
  [ 250/716] G: 13.0269 | C: -7.8237 | WD:  8.9481
  [ 300/716] G:  9.9971 | C: -13.2238 | WD: 14.9312
  [ 350/716] G: 10.0820 | C: -10.8739 | WD: 13.7480
  [ 400/716] G: 11.2329 | C: -7.3070 | WD:  8.6328
  [ 450/716] G: 18.1965 | C: -9.6093 | WD: 10.6986
  [ 500/716] G: 16.3661 | C: -7.9208 | WD: 13.0352
  [ 550/716] G: 12.0266 | C: -8.9242 | WD:  9.2694
  [ 600/716] G:  9.7301 | C: -11.5085 | WD: 14.2177
  [ 650/716] G: 12.0736 | C: -12.7091 | WD: 14.7571
  [ 700/716] G:  9.9317 | C: -8.5918 | WD:  8.8541

============================================================
Epoch 199/300 Summary:
  Generator Loss    : 12.3313
  Critic Loss       : -8.1961
  Wasserstein Dist  : 10.8905
  Quick SSIM Check  : 0.1596
  Last SSIM: 0.1620 (Best: 0.1689)
============================================================


============================================================
Epoch 200/300
============================================================
  [   0/716] G:  7.4887 | C: -13.6715 | WD: 16.3815
  Saved sample images at batch 142500
  [  50/716] G: 16.0246 | C: -5.5814 | WD: 10.9084
  [ 100/716] G: 15.3081 | C: -8.1658 | WD: 10.0769
  [ 150/716] G: 11.7306 | C: -9.8987 | WD: 11.7074
  [ 200/716] G:  9.1651 | C: -7.4519 | WD: 18.9530
  [ 250/716] G: 13.3524 | C: -7.2099 | WD:  9.1021
  [ 300/716] G: 10.4901 | C: -11.0907 | WD: 15.7221
  [ 350/716] G:  6.3157 | C: -10.1459 | WD: 12.0287
  [ 400/716] G: 11.0190 | C: -3.6264 | WD:  9.8167
  [ 450/716] G: 15.2717 | C: -10.1578 | WD: 11.0757
  [ 500/716] G: 15.1776 | C: -10.3957 | WD: 11.2603
  Saved sample images at batch 143000
  [ 550/716] G: 12.9825 | C: -8.8055 | WD: 10.3611
  [ 600/716] G:  9.2286 | C: -9.7278 | WD: 16.2950
  [ 650/716] G:  8.8699 | C: -8.9358 | WD: 11.6380
  [ 700/716] G:  9.8341 | C: -7.8009 | WD:  9.3137

============================================================
Epoch 200/300 Summary:
  Generator Loss    : 12.1637
  Critic Loss       : -8.1876
  Wasserstein Dist  : 10.7873
  Quick SSIM Check  : 0.1520

────────────────────────────────────────────────────────────
Running validation...
  Validation SSIM   : 0.1563
  Target SSIM       : 0.6000
  Status            : ✗ Below target
────────────────────────────────────────────────────────────
============================================================

Checkpoint saved at epoch 200


============================================================
Epoch 201/300
============================================================
  [   0/716] G: 11.8082 | C: -7.9524 | WD: 10.0163
  [  50/716] G: 14.0351 | C: -5.3590 | WD:  9.9600
  [ 100/716] G: 15.2434 | C: -11.4088 | WD: 13.3226
  [ 150/716] G: 13.0326 | C: -6.8111 | WD:  7.6605
  [ 200/716] G: 12.2197 | C: -9.5408 | WD: 10.5964
  [ 250/716] G: 15.6854 | C: -9.0641 | WD: 10.6241
  [ 300/716] G: 13.7487 | C: -9.6524 | WD: 10.2181
  Saved sample images at batch 143500
  [ 350/716] G: 11.8237 | C: -6.8799 | WD:  8.2674
  [ 400/716] G: 17.5180 | C: -8.6619 | WD:  9.5198
  [ 450/716] G: 10.4864 | C: -10.1524 | WD: 11.3803
  [ 500/716] G: 14.2705 | C: -5.9394 | WD:  8.6971
  [ 550/716] G: 10.5420 | C: -9.0388 | WD: 10.9388
  [ 600/716] G: 12.3791 | C: -11.9878 | WD: 13.2777
  [ 650/716] G: 11.4375 | C: -9.7081 | WD: 11.4757
  [ 700/716] G:  7.8461 | C: -16.4533 | WD: 20.4201

============================================================
Epoch 201/300 Summary:
  Generator Loss    : 13.0104
  Critic Loss       : -8.2893
  Wasserstein Dist  : 10.9533
  Quick SSIM Check  : 0.1661
  Last SSIM: 0.1563 (Best: 0.1689)
============================================================


============================================================
Epoch 202/300
============================================================
  [   0/716] G: 12.4780 | C: -11.0114 | WD: 14.6946
  [  50/716] G: 11.0739 | C: -11.6747 | WD: 14.5751
  Saved sample images at batch 144000
  [ 100/716] G: 12.3259 | C: -8.2077 | WD: 12.9708
  [ 150/716] G: 13.6252 | C: -8.7099 | WD:  9.1869
  [ 200/716] G: 11.7619 | C: -9.1863 | WD: 15.4140
  [ 250/716] G: 12.7016 | C: -7.8334 | WD:  8.7602
  [ 300/716] G: 14.3129 | C: -6.2846 | WD:  9.4771
  [ 350/716] G: 10.1373 | C: -11.4908 | WD: 15.1860
  [ 400/716] G:  9.6237 | C: -5.2659 | WD:  9.1500
  [ 450/716] G: 15.3756 | C: -2.9821 | WD:  8.6615
  [ 500/716] G: 15.1921 | C: -7.7033 | WD: 10.6661
  [ 550/716] G: 11.8574 | C: -11.0596 | WD: 17.9740
  Saved sample images at batch 144500
  [ 600/716] G: 12.4338 | C: -8.0041 | WD: 11.0181
  [ 650/716] G: 12.7107 | C: -11.3558 | WD: 13.5006
  [ 700/716] G: 10.9396 | C: -12.7095 | WD: 15.0457

============================================================
Epoch 202/300 Summary:
  Generator Loss    : 12.3465
  Critic Loss       : -8.0268
  Wasserstein Dist  : 10.6316
  Quick SSIM Check  : 0.1567
  Last SSIM: 0.1563 (Best: 0.1689)
============================================================


============================================================
Epoch 203/300
============================================================
  [   0/716] G: 14.2021 | C: -10.1138 | WD: 12.6156
  [  50/716] G: 10.3263 | C: -16.9452 | WD: 20.5729
  [ 100/716] G: 11.7340 | C: -5.4870 | WD:  6.1405
  [ 150/716] G: 10.7717 | C: -9.5138 | WD: 11.5698
  [ 200/716] G: 13.6963 | C: -5.9798 | WD:  8.6815
  [ 250/716] G: 16.1629 | C: -11.6596 | WD: 12.7088
  [ 300/716] G: 13.0439 | C: -6.4987 | WD:  7.3505
  [ 350/716] G: 11.3694 | C: -10.0419 | WD: 12.0974
  Saved sample images at batch 145000
  [ 400/716] G: 11.4945 | C: -15.3492 | WD: 18.6171
  [ 450/716] G: 11.6223 | C: -10.1613 | WD: 12.0911
  [ 500/716] G: 10.5482 | C: -4.9597 | WD:  7.0590
  [ 550/716] G: 14.4993 | C: -10.9896 | WD: 11.4957
  [ 600/716] G: 16.2868 | C: -13.4670 | WD: 16.2684
  [ 650/716] G: 12.4213 | C: -12.0211 | WD: 12.5587
  [ 700/716] G: 13.9199 | C: -13.8143 | WD: 14.6162

============================================================
Epoch 203/300 Summary:
  Generator Loss    : 12.5504
  Critic Loss       : -8.1683
  Wasserstein Dist  : 10.7044
  Quick SSIM Check  : 0.1598
  Last SSIM: 0.1563 (Best: 0.1689)
============================================================


============================================================
Epoch 204/300
============================================================
  [   0/716] G: 10.7885 | C: -6.3784 | WD: 11.6872
  [  50/716] G: 14.1890 | C: -14.0748 | WD: 15.1482
  [ 100/716] G: 11.4268 | C: -9.3457 | WD: 12.1706
  [ 150/716] G: 15.2563 | C: -5.2685 | WD:  6.5281
  Saved sample images at batch 145500
  [ 200/716] G: 15.7796 | C: -9.6676 | WD: 12.4200
  [ 250/716] G: 16.8169 | C: -11.6371 | WD: 13.9420
  [ 300/716] G: 17.7782 | C: -8.0071 | WD: 13.5628
  [ 350/716] G: 14.0680 | C: -13.1031 | WD: 13.6680
  [ 400/716] G: 21.4162 | C: -11.9881 | WD: 14.4700
  [ 450/716] G: 14.0697 | C: -8.1265 | WD:  9.5037
  [ 500/716] G: 13.9801 | C: -6.4322 | WD: 11.9252
  [ 550/716] G: 15.3014 | C: -10.2802 | WD: 12.2462
  [ 600/716] G: 14.7125 | C: -10.5258 | WD: 14.2298
  [ 650/716] G: 15.9294 | C: -7.1771 | WD:  9.4288
  Saved sample images at batch 146000
  [ 700/716] G: 14.0449 | C: -9.9683 | WD: 10.3304

============================================================
Epoch 204/300 Summary:
  Generator Loss    : 14.5720
  Critic Loss       : -8.1855
  Wasserstein Dist  : 10.8748
  Quick SSIM Check  : 0.1636
  Last SSIM: 0.1563 (Best: 0.1689)
============================================================


============================================================
Epoch 205/300
============================================================
  [   0/716] G: 15.4227 | C: -7.5931 | WD: 11.3622
  [  50/716] G: 15.2693 | C: -6.2221 | WD:  8.2358
  [ 100/716] G: 16.3995 | C: -8.7582 | WD: 11.2573
  [ 150/716] G: 15.4140 | C: -4.8998 | WD: 10.2091
  [ 200/716] G: 16.2746 | C: -5.9359 | WD:  7.7494
  [ 250/716] G: 15.1426 | C: -8.2266 | WD: 10.2082
  [ 300/716] G: 21.3544 | C: -7.3926 | WD:  7.6489
  [ 350/716] G: 12.2175 | C: -6.0577 | WD: 12.7032
  [ 400/716] G: 16.2758 | C: -12.1643 | WD: 13.4487
  Saved sample images at batch 146500
  [ 450/716] G: 15.9385 | C: -5.0164 | WD:  9.5342
  [ 500/716] G: 17.0487 | C: -13.3651 | WD: 16.8888
  [ 550/716] G: 17.1018 | C: -8.5316 | WD:  9.6774
  [ 600/716] G: 15.7151 | C: -11.5019 | WD: 14.2442
  [ 650/716] G: 15.1667 | C: -3.7294 | WD:  6.8539
  [ 700/716] G: 15.7191 | C: -6.5441 | WD: 11.3802

============================================================
Epoch 205/300 Summary:
  Generator Loss    : 15.2982
  Critic Loss       : -8.0334
  Wasserstein Dist  : 10.6244
  Quick SSIM Check  : 0.1579

────────────────────────────────────────────────────────────
Running validation...
  Validation SSIM   : 0.1612
  Target SSIM       : 0.6000
  Status            : ✗ Below target
────────────────────────────────────────────────────────────
============================================================


============================================================
Epoch 206/300
============================================================
  [   0/716] G: 15.4586 | C: -7.9898 | WD:  9.0126
  [  50/716] G: 18.7379 | C: -12.1580 | WD: 12.6075
  [ 100/716] G: 14.9577 | C: -10.6694 | WD: 13.1695
  [ 150/716] G: 14.0778 | C: -11.1621 | WD: 12.9765
  [ 200/716] G: 12.5999 | C: -9.7359 | WD: 10.9180
  Saved sample images at batch 147000
  [ 250/716] G: 13.3147 | C: -4.8092 | WD:  7.9156
  [ 300/716] G: 15.9511 | C: -6.2693 | WD:  9.2974
  [ 350/716] G: 16.4087 | C: -12.1442 | WD: 13.6854
  [ 400/716] G: 13.8634 | C: -9.9701 | WD: 12.4211
  [ 450/716] G: 13.8260 | C: -7.4225 | WD:  9.3516
  [ 500/716] G: 16.8753 | C: -9.4095 | WD: 10.3998
  [ 550/716] G: 12.9439 | C: -7.4377 | WD: 16.4033
  [ 600/716] G: 16.3514 | C: -10.1686 | WD: 11.8056
  [ 650/716] G: 15.8242 | C: -10.8527 | WD: 12.6609
  [ 700/716] G: 16.5455 | C: -8.6217 | WD:  9.4486

============================================================
Epoch 206/300 Summary:
  Generator Loss    : 14.9906
  Critic Loss       : -8.1227
  Wasserstein Dist  : 10.7385
  Quick SSIM Check  : 0.1590
  Last SSIM: 0.1612 (Best: 0.1689)
============================================================


============================================================
Epoch 207/300
============================================================
  [   0/716] G: 12.6164 | C: -7.2251 | WD:  7.9258
  Saved sample images at batch 147500
  [  50/716] G: 14.3537 | C: -12.3504 | WD: 13.0606
  [ 100/716] G: 13.4193 | C: -10.1002 | WD: 11.1090
  [ 150/716] G:  9.6891 | C: -9.7187 | WD: 11.6590
  [ 200/716] G: 14.8614 | C: -12.0167 | WD: 13.0719
  [ 250/716] G: 19.2905 | C: -10.2990 | WD: 11.9380
  [ 300/716] G: 24.9886 | C: -13.5013 | WD: 16.7912
  [ 350/716] G: 13.8378 | C: -10.1082 | WD: 10.9693
  [ 400/716] G: 14.1988 | C: -16.0997 | WD: 21.4487
  [ 450/716] G: 10.9380 | C: -9.7414 | WD: 13.4491
  [ 500/716] G: 14.3145 | C: -9.5399 | WD: 11.7607
  Saved sample images at batch 148000
  [ 550/716] G: 13.5468 | C: -8.8248 | WD: 11.9802
  [ 600/716] G: 13.5929 | C: -16.2115 | WD: 17.3815
  [ 650/716] G: 13.2531 | C: -2.6276 | WD:  3.5566
  [ 700/716] G: 14.0626 | C: -6.5674 | WD: 10.1001

============================================================
Epoch 207/300 Summary:
  Generator Loss    : 14.6419
  Critic Loss       : -8.0755
  Wasserstein Dist  : 10.6667
  Quick SSIM Check  : 0.1629
  Last SSIM: 0.1612 (Best: 0.1689)
============================================================


============================================================
Epoch 208/300
============================================================
  [   0/716] G: 14.5030 | C: -5.9265 | WD:  9.5328
  [  50/716] G: 13.7252 | C: -8.7919 | WD: 11.4828
  [ 100/716] G: 13.8737 | C: -10.2782 | WD: 15.1045
  [ 150/716] G: 16.8300 | C: -7.9427 | WD: 11.7624
  [ 200/716] G: 14.8841 | C: -9.4669 | WD: 10.6850
  [ 250/716] G: 10.0607 | C: -10.3740 | WD: 11.1079
  Saved sample images at batch 148500
  [ 300/716] G: 13.2112 | C: -5.6627 | WD:  8.7018
  [ 350/716] G: 17.8289 | C: -13.1095 | WD: 14.8954
  [ 400/716] G: 12.3810 | C: -9.3925 | WD: 13.3803
  [ 450/716] G: 18.8578 | C: -9.8642 | WD: 12.2135
  [ 500/716] G: 17.7451 | C: -14.3650 | WD: 14.6249
  [ 550/716] G: 12.3264 | C: -7.1672 | WD: 15.5284
  [ 600/716] G: 15.5182 | C: -11.0438 | WD: 12.0538
  [ 650/716] G: 16.8588 | C: -9.3558 | WD:  9.8922
  [ 700/716] G: 14.8492 | C: -4.3569 | WD:  9.6293

============================================================
Epoch 208/300 Summary:
  Generator Loss    : 15.4702
  Critic Loss       : -8.1132
  Wasserstein Dist  : 10.7584
  Quick SSIM Check  : 0.1650
  Last SSIM: 0.1612 (Best: 0.1689)
============================================================


============================================================
Epoch 209/300
============================================================
  [   0/716] G: 15.1278 | C: -8.5583 | WD:  9.6016
  [  50/716] G: 11.7919 | C: -9.0605 | WD: 10.1452
  Saved sample images at batch 149000
  [ 100/716] G: 12.6300 | C: -9.7044 | WD: 10.7577
  [ 150/716] G: 11.4781 | C: -8.5070 | WD: 10.3764
  [ 200/716] G: 15.3802 | C: -6.6823 | WD:  7.5956
  [ 250/716] G: 15.7996 | C: -7.9268 | WD: 10.5375
  [ 300/716] G: 16.0908 | C: -7.2248 | WD: 12.3453
  [ 350/716] G: 15.3282 | C: -9.9955 | WD: 12.4410
  [ 400/716] G: 18.4290 | C: -9.3042 | WD: 11.4681
  [ 450/716] G: 13.6808 | C: -9.1471 | WD: 10.0219
  [ 500/716] G: 12.9445 | C: -9.1412 | WD: 11.8687
  [ 550/716] G: 11.6806 | C: -4.7881 | WD:  5.5330
  Saved sample images at batch 149500
  [ 600/716] G: 18.0673 | C: -5.3040 | WD:  6.6457
  [ 650/716] G: 12.7634 | C: -6.1781 | WD:  7.0473
  [ 700/716] G: 14.9575 | C: -10.3194 | WD: 12.5336

============================================================
Epoch 209/300 Summary:
  Generator Loss    : 15.1339
  Critic Loss       : -8.1341
  Wasserstein Dist  : 10.7631
  Quick SSIM Check  : 0.1601
  Last SSIM: 0.1612 (Best: 0.1689)
============================================================


============================================================
Epoch 210/300
============================================================
  [   0/716] G: 15.1246 | C: -6.5480 | WD:  8.1856
  [  50/716] G: 14.6599 | C: -12.9712 | WD: 14.8936
  [ 100/716] G: 16.5935 | C: -4.4894 | WD:  7.0531
  [ 150/716] G: 14.7021 | C: -10.9351 | WD: 14.3864
  [ 200/716] G: 14.7690 | C: -15.2566 | WD: 16.1668
  [ 250/716] G: 14.8537 | C: -4.7405 | WD:  7.3767
  [ 300/716] G: 13.6294 | C: -6.8693 | WD: 11.8048
  [ 350/716] G: 14.7118 | C: -7.1406 | WD: 16.9971
  Saved sample images at batch 150000
  [ 400/716] G: 16.8266 | C: -9.7964 | WD: 12.7872
  [ 450/716] G: 20.7414 | C: -4.9703 | WD: 10.8689
  [ 500/716] G: 14.3301 | C: -7.8834 | WD:  8.5101
  [ 550/716] G: 12.9236 | C: -11.1545 | WD: 12.8717
  [ 600/716] G: 19.5865 | C: -4.0031 | WD:  7.7007
  [ 650/716] G: 13.8376 | C: -7.0990 | WD: 10.7233
  [ 700/716] G: 13.9302 | C: -6.6298 | WD:  8.7248

============================================================
Epoch 210/300 Summary:
  Generator Loss    : 15.0969
  Critic Loss       : -8.1396
  Wasserstein Dist  : 10.7854
  Quick SSIM Check  : 0.1574

────────────────────────────────────────────────────────────
Running validation...
  Validation SSIM   : 0.1566
  Target SSIM       : 0.6000
  Status            : ✗ Below target
────────────────────────────────────────────────────────────
============================================================


============================================================
Epoch 211/300
============================================================
  [   0/716] G: 11.2502 | C: -6.4323 | WD:  6.7926
  [  50/716] G: 12.3716 | C: -10.2476 | WD: 13.7846
  [ 100/716] G: 16.7240 | C: -6.8383 | WD:  8.0215
  Saved sample images at batch 150500
  [ 150/716] G: 14.6752 | C: -9.4298 | WD: 10.2156
  [ 200/716] G: 17.4349 | C: -2.0835 | WD:  7.7875
  [ 250/716] G: 13.2985 | C: -6.0947 | WD: 11.7186
  [ 300/716] G: 13.7121 | C: -7.6925 | WD:  8.9588
  [ 350/716] G: 13.9377 | C: -4.8825 | WD:  7.8659
  [ 400/716] G: 15.1200 | C: -6.6911 | WD:  9.0161
  [ 450/716] G: 17.4471 | C: -6.0181 | WD:  8.2166
  [ 500/716] G: 14.9998 | C: -9.2487 | WD: 10.9406
  [ 550/716] G: 17.7715 | C: -12.9847 | WD: 14.6057
  [ 600/716] G: 14.6904 | C: -8.3201 | WD: 10.2048
  Saved sample images at batch 151000
  [ 650/716] G: 21.2969 | C: -11.6800 | WD: 12.5034
  [ 700/716] G: 13.6561 | C: -9.8387 | WD: 11.4035

============================================================
Epoch 211/300 Summary:
  Generator Loss    : 14.8493
  Critic Loss       : -8.1191
  Wasserstein Dist  : 10.7038
  Quick SSIM Check  : 0.1651
  Last SSIM: 0.1566 (Best: 0.1689)
============================================================


============================================================
Epoch 212/300
============================================================
  [   0/716] G: 15.0888 | C: -8.3757 | WD: 10.1062
  [  50/716] G: 15.4601 | C: -13.1429 | WD: 16.1190
  [ 100/716] G: 13.7935 | C: -7.6943 | WD: 12.3597
  [ 150/716] G: 15.0102 | C: -8.8438 | WD: 12.1323
  [ 200/716] G: 17.4687 | C: -5.7200 | WD:  7.6706
  [ 250/716] G: 13.4243 | C: -9.2841 | WD: 10.0801
  [ 300/716] G: 13.2956 | C: -5.4401 | WD:  9.2490
  [ 350/716] G: 17.3454 | C: -8.1822 | WD: 10.1930
  [ 400/716] G: 11.4110 | C: -10.6164 | WD: 12.5898
  Saved sample images at batch 151500
  [ 450/716] G: 13.7777 | C: -6.7815 | WD:  7.2252
  [ 500/716] G: 18.3469 | C: -1.4713 | WD:  8.1668
  [ 550/716] G: 15.6141 | C: -7.3870 | WD:  9.6314
  [ 600/716] G: 14.5746 | C: -6.7142 | WD: 10.4635
  [ 650/716] G: 14.4065 | C: -6.9879 | WD:  8.1552
  [ 700/716] G: 13.8777 | C: -9.6229 | WD: 11.0163

============================================================
Epoch 212/300 Summary:
  Generator Loss    : 14.7765
  Critic Loss       : -7.8914
  Wasserstein Dist  : 10.4120
  Quick SSIM Check  : 0.1656
  Last SSIM: 0.1566 (Best: 0.1689)
============================================================


============================================================
Epoch 213/300
============================================================
  [   0/716] G: 11.6340 | C: -6.7420 | WD:  8.8015
  [  50/716] G: 14.3317 | C: -9.8999 | WD: 10.7186
  [ 100/716] G: 13.7888 | C: -7.8156 | WD: 11.4990
  [ 150/716] G: 15.1968 | C: -8.0023 | WD:  8.5567
  [ 200/716] G: 13.1001 | C: -4.6049 | WD:  8.7182
  Saved sample images at batch 152000
  [ 250/716] G: 13.5300 | C: -6.1363 | WD: 10.1680
  [ 300/716] G: 12.9164 | C: -7.6509 | WD: 10.8990
  [ 350/716] G: 14.5731 | C: -7.1146 | WD: 14.6832
  [ 400/716] G: 15.9825 | C: -10.4379 | WD: 12.2476
  [ 450/716] G: 13.0606 | C: -9.7075 | WD: 10.0489
  [ 500/716] G: 14.2470 | C: -3.8002 | WD:  7.1929
  [ 550/716] G: 14.7823 | C: -5.8809 | WD:  6.6776
  [ 600/716] G: 16.7605 | C: -6.4668 | WD: 10.6393
  [ 650/716] G: 15.3209 | C: -10.8985 | WD: 11.9657
  [ 700/716] G: 10.7348 | C: -6.7846 | WD:  9.5642
  Saved sample images at batch 152500

============================================================
Epoch 213/300 Summary:
  Generator Loss    : 14.5902
  Critic Loss       : -8.0093
  Wasserstein Dist  : 10.5709
  Quick SSIM Check  : 0.1561
  Last SSIM: 0.1566 (Best: 0.1689)
============================================================


============================================================
Epoch 214/300
============================================================
  [   0/716] G: 10.4569 | C: -7.6910 | WD: 10.3058
  [  50/716] G: 10.5769 | C: -13.1693 | WD: 15.1136
  [ 100/716] G: 14.6479 | C: -9.0172 | WD:  9.8616
  [ 150/716] G: 14.5973 | C: -6.8537 | WD:  9.9330
  [ 200/716] G: 16.8424 | C: -7.3139 | WD:  9.1426
  [ 250/716] G: 14.6764 | C: -14.0946 | WD: 15.0102
  [ 300/716] G: 10.7231 | C: -6.4331 | WD:  8.3077
  [ 350/716] G: 17.6145 | C: -9.7069 | WD: 13.0180
  [ 400/716] G: 17.2324 | C: -7.4923 | WD:  8.1176
  [ 450/716] G: 10.1920 | C: -8.5830 | WD: 10.0712
  Saved sample images at batch 153000
  [ 500/716] G: 13.9880 | C: -4.1615 | WD:  7.3300
  [ 550/716] G: 15.7580 | C: -11.3673 | WD: 14.5513
  [ 600/716] G: 17.4530 | C: -8.4035 | WD:  9.0863
  [ 650/716] G: 15.6216 | C: -5.8738 | WD:  7.0682
  [ 700/716] G: 15.6844 | C: -8.7744 | WD: 11.9737

============================================================
Epoch 214/300 Summary:
  Generator Loss    : 14.7535
  Critic Loss       : -8.0232
  Wasserstein Dist  : 10.5781
  Quick SSIM Check  : 0.1550
  Last SSIM: 0.1566 (Best: 0.1689)
============================================================


============================================================
Epoch 215/300
============================================================
  [   0/716] G: 13.3909 | C: -5.2830 | WD: 20.5524
  [  50/716] G: 13.0142 | C: -9.6843 | WD: 11.7586
  [ 100/716] G: 16.3837 | C: -8.5275 | WD: 11.2261
  [ 150/716] G: 13.2360 | C: -9.3632 | WD: 13.4706
  [ 200/716] G: 16.7232 | C: -7.1208 | WD:  8.1132
  [ 250/716] G: 12.8959 | C: -7.6036 | WD: 13.7591
  Saved sample images at batch 153500
  [ 300/716] G: 10.9820 | C: -13.2568 | WD: 15.8220
  [ 350/716] G: 17.9081 | C: -5.4850 | WD:  6.0700
  [ 400/716] G: 13.1977 | C: -7.6918 | WD:  9.9675
  [ 450/716] G: 19.7193 | C: -6.3230 | WD:  7.9819
  [ 500/716] G: 15.0661 | C: -10.0279 | WD: 11.0398
  [ 550/716] G: 15.6442 | C: -10.4331 | WD: 13.3491
  [ 600/716] G: 16.8623 | C: -5.9077 | WD:  7.6437
  [ 650/716] G: 14.9135 | C: -10.4405 | WD: 11.3165
  [ 700/716] G: 16.3241 | C: -5.9331 | WD:  6.1994

============================================================
Epoch 215/300 Summary:
  Generator Loss    : 15.6661
  Critic Loss       : -8.2052
  Wasserstein Dist  : 10.8526
  Quick SSIM Check  : 0.1596

────────────────────────────────────────────────────────────
Running validation...
  Validation SSIM   : 0.1602
  Target SSIM       : 0.6000
  Status            : ✗ Below target
────────────────────────────────────────────────────────────
============================================================


============================================================
Epoch 216/300
============================================================
  [   0/716] G: 17.4752 | C: -6.9759 | WD: 11.1395
  [  50/716] G: 12.8434 | C: -9.2939 | WD: 10.9456
  Saved sample images at batch 154000
  [ 100/716] G: 15.5720 | C: -8.8781 | WD:  9.8301
  [ 150/716] G: 17.9805 | C: -4.0897 | WD:  8.7885
  [ 200/716] G: 17.4953 | C: -4.8227 | WD:  7.5049
  [ 250/716] G: 12.5629 | C: -9.3299 | WD: 11.5496
  [ 300/716] G: 14.5564 | C: -9.7335 | WD: 10.8171
  [ 350/716] G: 19.7220 | C: -8.2918 | WD:  9.3243
  [ 400/716] G: 17.3885 | C: -9.2108 | WD: 13.2861
  [ 450/716] G: 19.6540 | C: -8.3079 | WD:  8.5173
  [ 500/716] G: 17.2103 | C: -7.6742 | WD: 10.8433
  [ 550/716] G: 14.9229 | C: -8.6982 | WD: 11.1233
  Saved sample images at batch 154500
  [ 600/716] G: 19.3371 | C: -6.7028 | WD:  8.5781
  [ 650/716] G: 14.4951 | C: -14.7614 | WD: 19.3466
  [ 700/716] G: 17.7447 | C: -10.2884 | WD: 12.6690

============================================================
Epoch 216/300 Summary:
  Generator Loss    : 16.2907
  Critic Loss       : -8.0839
  Wasserstein Dist  : 10.6542
  Quick SSIM Check  : 0.1673
  Last SSIM: 0.1602 (Best: 0.1689)
============================================================


============================================================
Epoch 217/300
============================================================
  [   0/716] G: 16.5903 | C: -6.8468 | WD:  7.3037
  [  50/716] G: 20.0151 | C: -9.3966 | WD: 10.3170
  [ 100/716] G:  9.5832 | C: -8.2522 | WD:  9.3337
  [ 150/716] G: 16.8931 | C: -13.9098 | WD: 14.7434
  [ 200/716] G: 17.6948 | C: -10.7028 | WD: 11.8094
  [ 250/716] G: 20.6390 | C: -10.1037 | WD: 11.2284
  [ 300/716] G: 17.3404 | C: -5.8151 | WD:  7.4506
  Saved sample images at batch 155000
  [ 350/716] G: 15.7321 | C: -10.2593 | WD: 11.3601
  [ 400/716] G: 17.6288 | C: -7.6556 | WD:  9.5908
  [ 450/716] G: 16.8506 | C: -8.5630 | WD:  9.0989
  [ 500/716] G: 18.9262 | C: -9.3743 | WD: 10.3941
  [ 550/716] G: 16.8909 | C: -10.8935 | WD: 12.4761
  [ 600/716] G: 16.3064 | C: -12.8734 | WD: 14.4248
  [ 650/716] G: 14.6706 | C: -7.4541 | WD:  8.5377
  [ 700/716] G: 15.9537 | C: -1.3156 | WD: 11.7719

============================================================
Epoch 217/300 Summary:
  Generator Loss    : 16.5424
  Critic Loss       : -7.9572
  Wasserstein Dist  : 10.4920
  Quick SSIM Check  : 0.1667
  Last SSIM: 0.1602 (Best: 0.1689)
============================================================


============================================================
Epoch 218/300
============================================================
  [   0/716] G: 17.6317 | C: -3.9660 | WD:  7.2944
  [  50/716] G: 13.7081 | C: -7.6617 | WD:  9.6998
  [ 100/716] G: 16.1258 | C: -8.7997 | WD: 10.7357
  Saved sample images at batch 155500
  [ 150/716] G: 15.0103 | C: -12.9424 | WD: 21.8722
  [ 200/716] G: 13.5724 | C: -7.2311 | WD: 12.7759
  [ 250/716] G: 14.9525 | C: -9.3312 | WD: 10.4976
  [ 300/716] G: 13.7539 | C: -6.7536 | WD:  7.1504
  [ 350/716] G: 13.9738 | C: -7.3361 | WD:  8.6098
  [ 400/716] G: 15.2563 | C: -8.1359 | WD: 10.4732
  [ 450/716] G: 19.2674 | C: -5.8531 | WD: 10.6170
  [ 500/716] G: 15.2882 | C: -7.5269 | WD:  8.7138
  [ 550/716] G: 21.2223 | C: -7.1388 | WD:  8.0033
  [ 600/716] G: 17.3110 | C: -7.2385 | WD:  9.7759
  Saved sample images at batch 156000
  [ 650/716] G: 17.0542 | C: -7.6570 | WD: 11.3570
  [ 700/716] G: 19.9050 | C: -6.8863 | WD: 13.7287

============================================================
Epoch 218/300 Summary:
  Generator Loss    : 15.7041
  Critic Loss       : -8.0031
  Wasserstein Dist  : 10.5585
  Quick SSIM Check  : 0.1539
  Last SSIM: 0.1602 (Best: 0.1689)
============================================================


============================================================
Epoch 219/300
============================================================
  [   0/716] G: 18.0920 | C: -7.9945 | WD: 11.9433
  [  50/716] G: 14.8555 | C: -14.8889 | WD: 17.7357
  [ 100/716] G: 17.1181 | C: -10.2219 | WD: 12.3840
  [ 150/716] G: 18.1896 | C: -7.5423 | WD: 11.1788
  [ 200/716] G: 16.1499 | C: -8.4935 | WD:  9.8354
  [ 250/716] G: 22.3246 | C: -8.8258 | WD: 11.1063
  [ 300/716] G: 16.3682 | C: -7.4399 | WD: 10.6356
  [ 350/716] G: 21.4509 | C: -7.2453 | WD: 12.6329
  [ 400/716] G: 24.4724 | C: -7.4845 | WD: 11.4112
  Saved sample images at batch 156500
  [ 450/716] G: 22.4698 | C: -9.4845 | WD: 10.0411
  [ 500/716] G: 14.9549 | C: -7.4072 | WD:  7.7480
  [ 550/716] G: 12.4115 | C: -6.0150 | WD:  8.2733
  [ 600/716] G: 18.0727 | C: -12.5203 | WD: 15.4617
  [ 650/716] G: 17.3505 | C: -10.1744 | WD: 11.6220
  [ 700/716] G: 12.0438 | C: -13.1028 | WD: 15.3624

============================================================
Epoch 219/300 Summary:
  Generator Loss    : 16.8694
  Critic Loss       : -8.0981
  Wasserstein Dist  : 10.6880
  Quick SSIM Check  : 0.1548
  Last SSIM: 0.1602 (Best: 0.1689)
============================================================


============================================================
Epoch 220/300
============================================================
  [   0/716] G: 13.8953 | C: -8.9062 | WD:  9.5775
  [  50/716] G: 14.2733 | C: -8.0102 | WD: 10.8338
  [ 100/716] G: 15.0838 | C: -3.6298 | WD: 11.1281
  [ 150/716] G: 14.7480 | C: -6.1148 | WD: 11.3765
  Saved sample images at batch 157000
  [ 200/716] G: 16.3191 | C: -6.4131 | WD:  9.3349
  [ 250/716] G: 14.5601 | C: -7.5843 | WD:  9.3070
  [ 300/716] G: 11.9661 | C: -8.2689 | WD:  8.9759
  [ 350/716] G: 15.5105 | C: -10.1844 | WD: 13.1013
  [ 400/716] G: 17.7547 | C: -7.4505 | WD:  8.4721
  [ 450/716] G: 18.1610 | C: -8.2455 | WD:  8.9192
  [ 500/716] G: 15.0493 | C: -7.3861 | WD:  9.2235
  [ 550/716] G: 16.6905 | C: -6.1904 | WD:  8.1202
  [ 600/716] G: 17.9566 | C: -9.8857 | WD: 12.4235
  [ 650/716] G: 17.3291 | C: -6.6776 | WD:  8.6575
  Saved sample images at batch 157500
  [ 700/716] G: 16.8863 | C: -7.3562 | WD: 10.7992

============================================================
Epoch 220/300 Summary:
  Generator Loss    : 15.8137
  Critic Loss       : -7.9780
  Wasserstein Dist  : 10.5630
  Quick SSIM Check  : 0.1566

────────────────────────────────────────────────────────────
Running validation...
  Validation SSIM   : 0.1528
  Target SSIM       : 0.6000
  Status            : ✗ Below target
────────────────────────────────────────────────────────────
============================================================

Checkpoint saved at epoch 220


============================================================
Epoch 221/300
============================================================
  [   0/716] G: 13.4122 | C: -5.7365 | WD:  7.6600
  [  50/716] G: 21.9207 | C: -15.7996 | WD: 17.9033
  [ 100/716] G: 12.4366 | C: -10.6703 | WD: 11.3653
  [ 150/716] G: 13.4646 | C: -8.7430 | WD: 10.4337
  [ 200/716] G: 16.7430 | C: -12.0137 | WD: 12.9540
  [ 250/716] G: 15.5182 | C: -8.7477 | WD: 10.0097
  [ 300/716] G: 15.3377 | C: -11.4768 | WD: 12.4271
  [ 350/716] G: 19.5546 | C: -5.4061 | WD:  8.8893
  [ 400/716] G: 17.1347 | C: -1.7412 | WD:  7.6929
  [ 450/716] G: 18.7816 | C: -12.1374 | WD: 14.2329
  Saved sample images at batch 158000
  [ 500/716] G: 12.8545 | C: -12.6843 | WD: 13.8022
  [ 550/716] G: 17.9724 | C: -3.0193 | WD:  6.5056
  [ 600/716] G: 19.7934 | C: -8.0093 | WD:  8.4575
  [ 650/716] G: 15.5736 | C: -8.5475 | WD: 12.3228
  [ 700/716] G: 15.0338 | C: -7.1576 | WD:  9.6165

============================================================
Epoch 221/300 Summary:
  Generator Loss    : 16.2047
  Critic Loss       : -8.0037
  Wasserstein Dist  : 10.6015
  Quick SSIM Check  : 0.1567
  Last SSIM: 0.1528 (Best: 0.1689)
============================================================


============================================================
Epoch 222/300
============================================================
  [   0/716] G: 16.4562 | C: -9.8797 | WD: 13.2104
  [  50/716] G: 17.6543 | C: -15.5444 | WD: 16.9947
  [ 100/716] G: 15.5035 | C: -9.3776 | WD: 10.3539
  [ 150/716] G: 16.5189 | C: -9.0843 | WD: 10.8095
  [ 200/716] G: 16.3057 | C: -8.5970 | WD:  9.5997
  [ 250/716] G: 11.9591 | C: -10.7418 | WD: 19.9398
  Saved sample images at batch 158500
  [ 300/716] G: 13.0914 | C: -8.8679 | WD:  9.9582
  [ 350/716] G: 16.5962 | C: -9.5479 | WD:  9.7257
  [ 400/716] G: 15.2259 | C: -7.4712 | WD: 10.0761
  [ 450/716] G: 18.3271 | C: -6.1987 | WD:  8.5243
  [ 500/716] G: 18.4041 | C: -9.5545 | WD:  9.8890
  [ 550/716] G: 14.2175 | C: -12.1774 | WD: 15.0636
  [ 600/716] G: 17.2428 | C: -10.6509 | WD: 13.5041
  [ 650/716] G: 13.7524 | C: -8.4732 | WD:  9.3086
  [ 700/716] G: 13.2740 | C: -3.7391 | WD: 20.0752

============================================================
Epoch 222/300 Summary:
  Generator Loss    : 15.7658
  Critic Loss       : -7.9460
  Wasserstein Dist  : 10.4873
  Quick SSIM Check  : 0.1494
  Last SSIM: 0.1528 (Best: 0.1689)
============================================================


============================================================
Epoch 223/300
============================================================
  [   0/716] G: 12.2943 | C: -7.4631 | WD:  9.4083
  Saved sample images at batch 159000
  [  50/716] G: 12.9606 | C: -11.7098 | WD: 13.5862
  [ 100/716] G: 15.8297 | C: -6.6880 | WD:  6.9406
  [ 150/716] G: 15.7679 | C: -11.5693 | WD: 14.0868
  [ 200/716] G: 18.9767 | C: -8.5695 | WD: 11.7948
  [ 250/716] G: 14.7494 | C: -10.8776 | WD: 17.5124
  [ 300/716] G: 13.1529 | C: -12.0113 | WD: 13.4816
  [ 350/716] G: 17.0583 | C: -7.6830 | WD: 10.5992
  [ 400/716] G: 16.3191 | C: -6.8093 | WD:  7.7813
  [ 450/716] G: 18.4105 | C: -7.3164 | WD: 10.4466
  [ 500/716] G: 16.7488 | C: -10.1682 | WD: 12.6892
  Saved sample images at batch 159500
  [ 550/716] G: 13.8685 | C: -6.4481 | WD: 14.7769
  [ 600/716] G: 18.4034 | C: -6.4982 | WD:  7.1629
  [ 650/716] G: 14.7065 | C: -7.4283 | WD:  8.2049
  [ 700/716] G: 20.9881 | C: -8.3321 | WD: 10.6819

============================================================
Epoch 223/300 Summary:
  Generator Loss    : 15.7503
  Critic Loss       : -8.0528
  Wasserstein Dist  : 10.6143
  Quick SSIM Check  : 0.1600
  Last SSIM: 0.1528 (Best: 0.1689)
============================================================


============================================================
Epoch 224/300
============================================================
  [   0/716] G: 14.8180 | C: -14.4060 | WD: 15.9203
  [  50/716] G: 19.9255 | C: -9.4992 | WD: 13.4923
  [ 100/716] G: 19.4928 | C: -2.5748 | WD:  5.3393
  [ 150/716] G: 17.0994 | C: -4.7247 | WD: 15.7737
  [ 200/716] G: 17.5726 | C: -4.5484 | WD:  5.6516
  [ 250/716] G: 23.3883 | C: -5.8912 | WD:  7.1606
  [ 300/716] G: 17.6722 | C: -9.4421 | WD: 10.6801
  Saved sample images at batch 160000
  [ 350/716] G: 13.2496 | C: -12.6813 | WD: 13.5245
  [ 400/716] G: 18.3134 | C: -4.2189 | WD:  5.2107
  [ 450/716] G: 17.4978 | C: -6.0467 | WD: 10.6885
  [ 500/716] G: 14.9157 | C: -10.4613 | WD: 11.6279
  [ 550/716] G: 13.3070 | C: -10.3462 | WD: 12.8020
  [ 600/716] G: 17.3460 | C: -4.7056 | WD:  6.6650
  [ 650/716] G: 16.9651 | C: -6.3874 | WD:  6.8925
  [ 700/716] G: 19.5818 | C: -8.0502 | WD:  8.9776

============================================================
Epoch 224/300 Summary:
  Generator Loss    : 17.7881
  Critic Loss       : -7.9029
  Wasserstein Dist  : 10.4038
  Quick SSIM Check  : 0.1612
  Last SSIM: 0.1528 (Best: 0.1689)
============================================================


============================================================
Epoch 225/300
============================================================
  [   0/716] G: 15.1020 | C: -4.6212 | WD:  6.1837
  [  50/716] G: 19.8238 | C: -9.2026 | WD: 11.8499
  [ 100/716] G: 19.2661 | C: -7.6932 | WD:  7.9570
  Saved sample images at batch 160500
  [ 150/716] G: 21.7443 | C: -11.1716 | WD: 12.6792
  [ 200/716] G: 13.3971 | C: -16.2205 | WD: 18.3530
  [ 250/716] G: 17.4521 | C: -8.4869 | WD: 11.6746
  [ 300/716] G: 16.9628 | C: -8.9542 | WD:  9.8691
  [ 350/716] G: 17.9763 | C: -10.3072 | WD: 11.7974
  [ 400/716] G: 15.6406 | C: -7.5625 | WD: 13.0520
  [ 450/716] G: 13.9668 | C: -10.0084 | WD: 11.8154
  [ 500/716] G: 20.0962 | C: -9.5781 | WD: 11.5193
  [ 550/716] G: 17.0427 | C: -10.3891 | WD: 11.3697
  [ 600/716] G: 19.3063 | C:  2.3352 | WD:  9.3507
  Saved sample images at batch 161000
  [ 650/716] G: 19.7905 | C: -13.9377 | WD: 14.4835
  [ 700/716] G: 16.3771 | C: -6.3720 | WD: 11.8365

============================================================
Epoch 225/300 Summary:
  Generator Loss    : 17.9522
  Critic Loss       : -8.0084
  Wasserstein Dist  : 10.5312
  Quick SSIM Check  : 0.1615

────────────────────────────────────────────────────────────
Running validation...
  Validation SSIM   : 0.1576
  Target SSIM       : 0.6000
  Status            : ✗ Below target
────────────────────────────────────────────────────────────
============================================================


============================================================
Epoch 226/300
============================================================
  [   0/716] G: 17.7820 | C: -8.7215 | WD: 12.8437
  [  50/716] G: 17.4556 | C: -9.9221 | WD: 12.4794
  [ 100/716] G: 17.6441 | C: -7.1110 | WD: 10.0298
  [ 150/716] G: 18.2579 | C: -5.2279 | WD:  8.2887
  [ 200/716] G: 17.9694 | C: -10.2653 | WD: 11.7950
  [ 250/716] G: 22.5835 | C: -9.0032 | WD: 12.0562
  [ 300/716] G: 19.8729 | C: -7.0710 | WD:  9.1380
  [ 350/716] G: 19.1449 | C: -7.5596 | WD: 10.7857
  [ 400/716] G: 18.4100 | C: -7.2668 | WD:  8.5718
  Saved sample images at batch 161500
  [ 450/716] G: 16.5987 | C: -9.4926 | WD: 10.0468
  [ 500/716] G: 19.0402 | C: -7.8964 | WD: 10.4086
  [ 550/716] G: 15.3154 | C: -9.8250 | WD: 12.1706
  [ 600/716] G: 19.2317 | C: -9.3275 | WD:  9.8686
  [ 650/716] G: 15.6280 | C: -6.1521 | WD:  8.2362
  [ 700/716] G: 21.6558 | C: -15.1300 | WD: 20.6841

============================================================
Epoch 226/300 Summary:
  Generator Loss    : 18.9222
  Critic Loss       : -7.9802
  Wasserstein Dist  : 10.5737
  Quick SSIM Check  : 0.1551
  Last SSIM: 0.1576 (Best: 0.1689)
============================================================


============================================================
Epoch 227/300
============================================================
  [   0/716] G: 17.5605 | C: -4.1526 | WD:  6.0961
  [  50/716] G: 15.5223 | C: -7.7579 | WD:  8.4090
  [ 100/716] G: 17.0721 | C: -8.8045 | WD: 11.8594
  [ 150/716] G: 16.2993 | C: -9.8657 | WD: 11.5247
  Saved sample images at batch 162000
  [ 200/716] G: 15.7787 | C: -12.2790 | WD: 16.1647
  [ 250/716] G: 15.8995 | C: -12.4945 | WD: 12.9183
  [ 300/716] G: 21.6677 | C: -5.3469 | WD:  7.7759
  [ 350/716] G: 24.8118 | C: -9.7703 | WD: 11.6897
  [ 400/716] G: 16.5366 | C: -7.3047 | WD:  8.0628
  [ 450/716] G: 20.5863 | C: -7.8650 | WD:  8.5897
  [ 500/716] G: 15.0326 | C: -7.9371 | WD: 10.2380
  [ 550/716] G: 14.3082 | C: -6.7684 | WD:  7.6263
  [ 600/716] G: 18.3644 | C: -10.8046 | WD: 11.3389
  [ 650/716] G: 20.8430 | C: -12.1266 | WD: 15.6063
  Saved sample images at batch 162500
  [ 700/716] G: 20.1422 | C: -5.8621 | WD:  9.1695

============================================================
Epoch 227/300 Summary:
  Generator Loss    : 18.6274
  Critic Loss       : -8.0225
  Wasserstein Dist  : 10.6091
  Quick SSIM Check  : 0.1595
  Last SSIM: 0.1576 (Best: 0.1689)
============================================================


============================================================
Epoch 228/300
============================================================
  [   0/716] G: 17.0092 | C: -8.3587 | WD:  9.3860
  [  50/716] G: 21.0703 | C: -6.8141 | WD:  7.3535
  [ 100/716] G: 19.9000 | C: -10.1119 | WD: 13.0750
  [ 150/716] G: 17.8475 | C: -7.5533 | WD:  8.5280
  [ 200/716] G: 23.7643 | C: -10.5688 | WD: 11.5329
  [ 250/716] G: 22.0614 | C: -6.9841 | WD:  9.7176
  [ 300/716] G: 19.7958 | C: -7.2680 | WD:  9.9741
  [ 350/716] G: 20.4124 | C: -7.0930 | WD: 10.3237
  [ 400/716] G: 24.1310 | C: -9.7224 | WD: 10.5663
  [ 450/716] G: 21.2789 | C: -8.9443 | WD:  9.6389
  Saved sample images at batch 163000
  [ 500/716] G: 20.1683 | C: -7.3320 | WD: 10.6920
  [ 550/716] G: 21.1035 | C: -9.7948 | WD: 13.3017
  [ 600/716] G: 19.9360 | C: -10.3033 | WD: 11.0663
  [ 650/716] G: 20.9360 | C: -9.1032 | WD: 12.0699
  [ 700/716] G: 23.7312 | C: -7.8514 | WD: 11.6011

============================================================
Epoch 228/300 Summary:
  Generator Loss    : 20.2006
  Critic Loss       : -7.9501
  Wasserstein Dist  : 10.4944
  Quick SSIM Check  : 0.1505
  Last SSIM: 0.1576 (Best: 0.1689)
============================================================


============================================================
Epoch 229/300
============================================================
  [   0/716] G: 20.1609 | C: -6.1816 | WD: 10.7308
  [  50/716] G: 22.4312 | C: -1.9470 | WD:  5.0679
  [ 100/716] G: 22.2441 | C: -9.1303 | WD: 10.3461
  [ 150/716] G: 20.6019 | C: -9.5620 | WD: 14.3371
  [ 200/716] G: 28.4183 | C: -5.2507 | WD: 10.4370
  [ 250/716] G: 21.1242 | C: -8.9544 | WD:  9.2052
  Saved sample images at batch 163500
  [ 300/716] G: 22.6698 | C: -9.8767 | WD: 10.4205
  [ 350/716] G: 21.1255 | C: -9.9111 | WD: 10.2922
  [ 400/716] G: 19.3071 | C: -8.7223 | WD: 10.4042
  [ 450/716] G: 19.4457 | C: -3.2124 | WD: 10.8487
  [ 500/716] G: 22.8404 | C: -7.2954 | WD:  8.9899
  [ 550/716] G: 22.1167 | C: -8.8956 | WD: 11.2033
  [ 600/716] G: 21.7826 | C: -5.0054 | WD:  7.5862
  [ 650/716] G: 19.1380 | C: -6.1533 | WD:  6.4568
  [ 700/716] G: 20.3790 | C: -11.6720 | WD: 12.4004

============================================================
Epoch 229/300 Summary:
  Generator Loss    : 21.0916
  Critic Loss       : -7.9178
  Wasserstein Dist  : 10.5414
  Quick SSIM Check  : 0.1658
  Last SSIM: 0.1576 (Best: 0.1689)
============================================================


============================================================
Epoch 230/300
============================================================
  [   0/716] G: 17.9512 | C: -10.9778 | WD: 12.5820
  Saved sample images at batch 164000
  [  50/716] G: 17.4353 | C: -8.8088 | WD: 12.2547
  [ 100/716] G: 19.6792 | C: -6.7402 | WD:  7.3727
  [ 150/716] G: 19.2514 | C: -11.4176 | WD: 14.9975
  [ 200/716] G: 23.8264 | C: -10.4323 | WD: 11.7167
  [ 250/716] G: 13.1505 | C: -12.7629 | WD: 13.4368
  [ 300/716] G: 16.3882 | C: -12.4263 | WD: 13.2286
  [ 350/716] G: 21.6089 | C: -5.1766 | WD:  6.0116
  [ 400/716] G: 18.2757 | C: -10.0204 | WD: 12.3529
  [ 450/716] G: 19.8902 | C: -8.1150 | WD:  8.8950
  [ 500/716] G: 16.9265 | C: -3.9222 | WD: 10.0618
  Saved sample images at batch 164500
  [ 550/716] G: 22.8057 | C: -7.5016 | WD:  8.8667
  [ 600/716] G: 18.7446 | C: -7.4025 | WD: 12.0868
  [ 650/716] G: 21.4850 | C: -8.7554 | WD: 10.0600
  [ 700/716] G: 23.2896 | C: -4.2508 | WD: 10.2684

============================================================
Epoch 230/300 Summary:
  Generator Loss    : 18.8753
  Critic Loss       : -7.8996
  Wasserstein Dist  : 10.4275
  Quick SSIM Check  : 0.1558

────────────────────────────────────────────────────────────
Running validation...
  Validation SSIM   : 0.1538
  Target SSIM       : 0.6000
  Status            : ✗ Below target
────────────────────────────────────────────────────────────
============================================================


============================================================
Epoch 231/300
============================================================
  [   0/716] G: 16.4068 | C: -9.4724 | WD:  9.8920
  [  50/716] G: 20.8028 | C: -9.1170 | WD: 10.6568
  [ 100/716] G: 20.2626 | C: -6.6360 | WD:  9.9212
  [ 150/716] G: 18.5488 | C: -8.6720 | WD:  8.9342
  [ 200/716] G: 18.8069 | C: -8.8418 | WD:  9.6450
  [ 250/716] G: 18.8510 | C: -6.2578 | WD:  7.7481
  [ 300/716] G: 19.7125 | C: -8.1573 | WD: 15.5133
  Saved sample images at batch 165000
  [ 350/716] G: 19.6529 | C: -7.4196 | WD: 10.7845
  [ 400/716] G: 20.4420 | C: -9.7152 | WD: 13.1245
  [ 450/716] G: 20.0488 | C: -7.8654 | WD: 10.1034
  [ 500/716] G: 23.4467 | C: -5.3343 | WD:  8.0142
  [ 550/716] G: 21.2860 | C: -8.4149 | WD: 12.5232
  [ 600/716] G: 20.4526 | C: -10.2336 | WD: 11.2045
  [ 650/716] G: 20.4892 | C: -9.7026 | WD: 11.8038
  [ 700/716] G: 23.1075 | C: -3.0221 | WD:  6.6108

============================================================
Epoch 231/300 Summary:
  Generator Loss    : 21.0462
  Critic Loss       : -8.0553
  Wasserstein Dist  : 10.6432
  Quick SSIM Check  : 0.1604
  Last SSIM: 0.1538 (Best: 0.1689)
============================================================


============================================================
Epoch 232/300
============================================================
  [   0/716] G: 22.8543 | C: -6.8359 | WD: 12.0162
  [  50/716] G: 23.5788 | C: -6.6838 | WD: 12.1525
  [ 100/716] G: 21.9871 | C: -7.7456 | WD:  8.8487
  Saved sample images at batch 165500
  [ 150/716] G: 20.4325 | C: -9.2936 | WD: 10.4182
  [ 200/716] G: 18.8133 | C: -7.8643 | WD: 12.2246
  [ 250/716] G: 18.8430 | C: -9.0123 | WD:  9.8953
  [ 300/716] G: 23.4074 | C: -4.7701 | WD:  9.8558
  [ 350/716] G: 22.9340 | C: -8.4395 | WD: 11.6680
  [ 400/716] G: 23.5435 | C: -7.5628 | WD:  8.2662
  [ 450/716] G: 23.3336 | C: -7.7888 | WD: 12.2379
  [ 500/716] G: 24.5015 | C: -5.1835 | WD: 10.5555
  [ 550/716] G: 23.6258 | C: -7.1321 | WD:  7.5750
  [ 600/716] G: 27.9506 | C: -8.0799 | WD:  9.2289
  Saved sample images at batch 166000
  [ 650/716] G: 20.0614 | C: -7.6947 | WD: 12.9228
  [ 700/716] G: 19.7593 | C: -10.8269 | WD: 12.7682

============================================================
Epoch 232/300 Summary:
  Generator Loss    : 21.9978
  Critic Loss       : -7.9075
  Wasserstein Dist  : 10.4457
  Quick SSIM Check  : 0.1623
  Last SSIM: 0.1538 (Best: 0.1689)
============================================================


============================================================
Epoch 233/300
============================================================
  [   0/716] G: 20.3009 | C: -10.3186 | WD: 12.6502
  [  50/716] G: 27.2615 | C: -8.2553 | WD: 10.2641
  [ 100/716] G: 20.7457 | C: -7.2464 | WD: 10.0000
  [ 150/716] G: 19.3981 | C: -10.2001 | WD: 13.7843
  [ 200/716] G: 21.5001 | C: -9.5147 | WD: 13.3884
  [ 250/716] G: 21.6058 | C: -6.2953 | WD:  6.8516
  [ 300/716] G: 21.2562 | C: -4.8185 | WD:  5.9555
  [ 350/716] G: 19.5754 | C: -9.9939 | WD: 12.1373
  Saved sample images at batch 166500
  [ 400/716] G: 22.3202 | C: -9.8388 | WD: 10.8717
  [ 450/716] G: 25.2132 | C: -11.1960 | WD: 13.7998
  [ 500/716] G: 23.9292 | C: -10.6037 | WD: 12.7046
  [ 550/716] G: 19.9602 | C: -8.1521 | WD:  8.5269
  [ 600/716] G: 18.6417 | C: -10.7370 | WD: 12.9077
  [ 650/716] G: 19.8498 | C: -9.6035 | WD: 11.4502
  [ 700/716] G: 20.7714 | C: -10.1985 | WD: 15.7885

============================================================
Epoch 233/300 Summary:
  Generator Loss    : 21.0193
  Critic Loss       : -7.9266
  Wasserstein Dist  : 10.4706
  Quick SSIM Check  : 0.1617
  Last SSIM: 0.1538 (Best: 0.1689)
============================================================


============================================================
Epoch 234/300
============================================================
  [   0/716] G: 20.6677 | C: -4.0095 | WD:  5.6782
  [  50/716] G: 19.3292 | C: -10.6921 | WD: 11.2760
  [ 100/716] G: 19.2530 | C: -7.6891 | WD: 10.6194
  [ 150/716] G: 23.7899 | C: -8.0384 | WD: 12.1689
  Saved sample images at batch 167000
  [ 200/716] G: 22.9129 | C: -8.8302 | WD:  9.3194
  [ 250/716] G: 24.6665 | C: -4.9478 | WD: 12.4459
  [ 300/716] G: 21.5851 | C: -6.8252 | WD: 11.0491
  [ 350/716] G: 18.9163 | C: -3.6505 | WD:  6.5157
  [ 400/716] G: 22.0023 | C: -8.1731 | WD:  9.5193
  [ 450/716] G: 24.1877 | C: -8.6591 | WD: 11.5790
  [ 500/716] G: 25.6705 | C: -16.4860 | WD: 17.4663
  [ 550/716] G: 23.5521 | C: -10.2844 | WD: 12.1629
  [ 600/716] G: 22.0596 | C: -8.2043 | WD:  9.5935
  [ 650/716] G: 18.5188 | C: -14.3083 | WD: 22.1983
  Saved sample images at batch 167500
  [ 700/716] G: 26.1511 | C: -8.8958 | WD: 11.8141

============================================================
Epoch 234/300 Summary:
  Generator Loss    : 21.6549
  Critic Loss       : -8.0748
  Wasserstein Dist  : 10.6771
  Quick SSIM Check  : 0.1524
  Last SSIM: 0.1538 (Best: 0.1689)
============================================================


============================================================
Epoch 235/300
============================================================
  [   0/716] G: 21.8707 | C: -12.5974 | WD: 13.3928
  [  50/716] G: 21.6977 | C: -7.5440 | WD: 10.9833
  [ 100/716] G: 20.8149 | C: -4.5664 | WD:  7.6904
  [ 150/716] G: 22.3016 | C: -6.1266 | WD: 13.4732
  [ 200/716] G: 22.2119 | C: -6.9930 | WD: 14.4183
  [ 250/716] G: 19.8000 | C: -3.8576 | WD:  8.0717
  [ 300/716] G: 19.0848 | C: -5.0726 | WD:  7.9931
  [ 350/716] G: 21.7236 | C: -9.0581 | WD: 10.4920
  [ 400/716] G: 22.5478 | C: -8.3134 | WD: 11.1501
  [ 450/716] G: 20.4054 | C: -8.2356 | WD:  9.4975
  Saved sample images at batch 168000
  [ 500/716] G: 21.7153 | C: -5.2304 | WD:  8.2380
  [ 550/716] G: 20.3118 | C: -9.9672 | WD: 12.9697
  [ 600/716] G: 20.1640 | C: -9.3790 | WD: 13.1053
  [ 650/716] G: 18.3702 | C: -8.2894 | WD: 10.1579
  [ 700/716] G: 21.4883 | C: -10.5330 | WD: 14.4088

============================================================
Epoch 235/300 Summary:
  Generator Loss    : 21.2855
  Critic Loss       : -7.8993
  Wasserstein Dist  : 10.4286
  Quick SSIM Check  : 0.1533

────────────────────────────────────────────────────────────
Running validation...
  Validation SSIM   : 0.1534
  Target SSIM       : 0.6000
  Status            : ✗ Below target
────────────────────────────────────────────────────────────
============================================================


============================================================
Epoch 236/300
============================================================
  [   0/716] G: 19.4862 | C: -6.4473 | WD:  7.9132
  [  50/716] G: 20.4238 | C: -10.2859 | WD: 14.5051
  [ 100/716] G: 23.5202 | C: -6.3685 | WD:  7.5887
  [ 150/716] G: 23.7166 | C: -5.5148 | WD:  6.4738
  [ 200/716] G: 22.5412 | C: -11.6099 | WD: 12.6761
  Saved sample images at batch 168500
  [ 250/716] G: 22.2824 | C: -7.9961 | WD: 13.2869
  [ 300/716] G: 21.2228 | C: -11.1947 | WD: 12.1325
  [ 350/716] G: 19.1463 | C: -7.7006 | WD:  8.7058
  [ 400/716] G: 21.7566 | C: -6.1098 | WD: 11.4087
  [ 450/716] G: 19.1737 | C: -11.5755 | WD: 12.8286
  [ 500/716] G: 24.6865 | C: -5.6491 | WD:  8.2749
  [ 550/716] G: 20.7115 | C: -8.2612 | WD: 10.5037
  [ 600/716] G: 20.7610 | C: -9.2565 | WD: 10.1071
  [ 650/716] G: 22.5458 | C: -13.2415 | WD: 16.0921
  [ 700/716] G: 22.4337 | C: -7.8531 | WD:  9.7526

============================================================
Epoch 236/300 Summary:
  Generator Loss    : 21.6843
  Critic Loss       : -7.9551
  Wasserstein Dist  : 10.5227
  Quick SSIM Check  : 0.1599
  Last SSIM: 0.1534 (Best: 0.1689)
============================================================


============================================================
Epoch 237/300
============================================================
  [   0/716] G: 24.1173 | C: -5.9543 | WD:  7.0048
  Saved sample images at batch 169000
  [  50/716] G: 19.7995 | C: -11.8887 | WD: 13.9254
  [ 100/716] G: 23.4937 | C: -9.4932 | WD: 10.9090
  [ 150/716] G: 20.3488 | C: -9.9650 | WD: 11.2110
  [ 200/716] G: 20.5330 | C: -8.1735 | WD:  9.0527
  [ 250/716] G: 18.7117 | C: -8.7438 | WD:  9.7774
  [ 300/716] G: 22.3818 | C: -7.3218 | WD:  8.1467
  [ 350/716] G: 21.2660 | C: -9.0938 | WD: 10.4500
  [ 400/716] G: 20.7479 | C: -5.2672 | WD:  7.2597
  [ 450/716] G: 21.4758 | C: -7.4798 | WD:  7.8521
  [ 500/716] G: 22.5021 | C: -8.2389 | WD: 12.8063
  Saved sample images at batch 169500
  [ 550/716] G: 22.0265 | C: -6.3770 | WD: 10.1598
  [ 600/716] G: 23.0806 | C: -11.1568 | WD: 14.0452
  [ 650/716] G: 19.1522 | C: -10.4123 | WD: 11.5608
  [ 700/716] G: 19.0838 | C: -5.5842 | WD:  7.5485

============================================================
Epoch 237/300 Summary:
  Generator Loss    : 20.9744
  Critic Loss       : -7.8481
  Wasserstein Dist  : 10.3455
  Quick SSIM Check  : 0.1502
  Last SSIM: 0.1534 (Best: 0.1689)
============================================================


============================================================
Epoch 238/300
============================================================
  [   0/716] G: 22.2155 | C: -7.9007 | WD:  8.6439
  [  50/716] G: 20.0865 | C: -5.7160 | WD:  6.1010
  [ 100/716] G: 21.5582 | C: -8.9869 | WD:  9.6421
  [ 150/716] G: 18.2166 | C: -7.4413 | WD:  9.1657
  [ 200/716] G: 24.0476 | C: -2.5838 | WD: 11.2071
  [ 250/716] G: 22.9116 | C: -12.5566 | WD: 13.3722
  [ 300/716] G: 20.7264 | C: -6.2975 | WD:  8.0576
  Saved sample images at batch 170000
  [ 350/716] G: 20.5506 | C: -9.1833 | WD:  9.5433
  [ 400/716] G: 21.1132 | C: -6.1912 | WD: 10.1163
  [ 450/716] G: 19.9288 | C: -9.1122 | WD: 15.6381
  [ 500/716] G: 20.3307 | C: -7.4200 | WD:  7.5327
  [ 550/716] G: 18.4760 | C: -10.7782 | WD: 12.0809
  [ 600/716] G: 22.3478 | C: -7.9661 | WD:  8.4450
  [ 650/716] G: 21.1914 | C: -7.4487 | WD: 10.1112
  [ 700/716] G: 18.7612 | C: -10.3726 | WD: 13.8767

============================================================
Epoch 238/300 Summary:
  Generator Loss    : 20.7254
  Critic Loss       : -7.8054
  Wasserstein Dist  : 10.2613
  Quick SSIM Check  : 0.1565
  Last SSIM: 0.1534 (Best: 0.1689)
============================================================


============================================================
Epoch 239/300
============================================================
  [   0/716] G: 20.3098 | C: -6.9610 | WD: 14.2311
  [  50/716] G: 19.8566 | C: -5.5917 | WD: 11.1856
  Saved sample images at batch 170500
  [ 100/716] G: 21.5590 | C: -16.8960 | WD: 18.4089
  [ 150/716] G: 16.7922 | C: -13.8678 | WD: 15.9059
  [ 200/716] G: 20.2847 | C: -8.6082 | WD: 12.9568
  [ 250/716] G: 20.2660 | C: -7.5551 | WD: 12.1680
  [ 300/716] G: 20.0005 | C: -4.5145 | WD: 11.1268
  [ 350/716] G: 23.4734 | C: -6.1567 | WD:  8.6530
  [ 400/716] G: 16.9478 | C: -9.8911 | WD: 18.6286
  [ 450/716] G: 16.2246 | C: -9.2079 | WD: 13.0295
  [ 500/716] G: 18.5790 | C: -9.7940 | WD: 11.4207
  [ 550/716] G: 20.2452 | C: -10.8759 | WD: 11.4438
  Saved sample images at batch 171000
  [ 600/716] G: 21.0487 | C: -6.7374 | WD:  7.6814
  [ 650/716] G: 28.4329 | C: -7.7431 | WD:  9.3776
  [ 700/716] G: 20.7750 | C: -7.4161 | WD:  9.1943

============================================================
Epoch 239/300 Summary:
  Generator Loss    : 21.4760
  Critic Loss       : -7.9150
  Wasserstein Dist  : 10.4484
  Quick SSIM Check  : 0.1540
  Last SSIM: 0.1534 (Best: 0.1689)
============================================================


============================================================
Epoch 240/300
============================================================
  [   0/716] G: 21.7081 | C: -10.5438 | WD: 13.6457
  [  50/716] G: 22.3747 | C: -3.8180 | WD:  5.6599
  [ 100/716] G: 23.0774 | C: -9.0640 | WD: 13.1581
  [ 150/716] G: 19.2341 | C: -5.2014 | WD:  9.7772
  [ 200/716] G: 20.7712 | C: -7.7787 | WD: 18.5400
  [ 250/716] G: 19.5021 | C: -9.4908 | WD: 10.3228
  [ 300/716] G: 22.8144 | C: -10.2005 | WD: 12.6131
  [ 350/716] G: 21.5881 | C: -11.0363 | WD: 15.5578
  Saved sample images at batch 171500
  [ 400/716] G: 24.1206 | C: -11.4451 | WD: 13.3632
  [ 450/716] G: 25.0642 | C: -6.7969 | WD:  7.4645
  [ 500/716] G: 24.6211 | C: -10.3671 | WD: 11.3612
  [ 550/716] G: 25.1160 | C: -10.9227 | WD: 12.6776
  [ 600/716] G: 19.9052 | C: -8.7326 | WD:  9.2500
  [ 650/716] G: 20.0123 | C: -7.6334 | WD:  8.8746
  [ 700/716] G: 22.5146 | C: -9.8269 | WD: 10.9296

============================================================
Epoch 240/300 Summary:
  Generator Loss    : 22.0610
  Critic Loss       : -7.8552
  Wasserstein Dist  : 10.3731
  Quick SSIM Check  : 0.1559

────────────────────────────────────────────────────────────
Running validation...
  Validation SSIM   : 0.1566
  Target SSIM       : 0.6000
  Status            : ✗ Below target
────────────────────────────────────────────────────────────
============================================================

Checkpoint saved at epoch 240


============================================================
Epoch 241/300
============================================================
  [   0/716] G: 22.9830 | C: -11.3385 | WD: 12.3289
  [  50/716] G: 27.7167 | C: -6.9295 | WD:  8.7465
  [ 100/716] G: 21.1863 | C: -7.2821 | WD: 10.0701
  [ 150/716] G: 18.9008 | C: -6.5331 | WD: 12.4614
  Saved sample images at batch 172000
  [ 200/716] G: 23.3724 | C: -7.2979 | WD:  8.6549
  [ 250/716] G: 21.0391 | C: -6.6198 | WD: 12.6209
  [ 300/716] G: 24.2084 | C: -8.7832 | WD: 10.1595
  [ 350/716] G: 22.1439 | C: -7.6204 | WD: 10.2943
  [ 400/716] G: 22.6682 | C: -7.0204 | WD:  7.1145
  [ 450/716] G: 24.8508 | C: -7.9708 | WD: 11.2293
  [ 500/716] G: 22.1489 | C: -7.3552 | WD:  9.6900
  [ 550/716] G: 22.2519 | C: -5.0066 | WD:  5.9866
  [ 600/716] G: 20.5395 | C: -10.0975 | WD: 13.7987
  [ 650/716] G: 21.8675 | C: -5.1734 | WD:  7.6159
  Saved sample images at batch 172500
  [ 700/716] G: 23.2596 | C: -6.5004 | WD:  7.1319

============================================================
Epoch 241/300 Summary:
  Generator Loss    : 21.8803
  Critic Loss       : -7.9752
  Wasserstein Dist  : 10.4905
  Quick SSIM Check  : 0.1585
  Last SSIM: 0.1566 (Best: 0.1689)
============================================================


============================================================
Epoch 242/300
============================================================
  [   0/716] G: 20.7940 | C: -12.3242 | WD: 13.4778
  [  50/716] G: 26.1486 | C: -12.0793 | WD: 14.7876
  [ 100/716] G: 21.7724 | C: -10.1452 | WD: 13.4185
  [ 150/716] G: 22.9035 | C: -7.1928 | WD:  9.9485
  [ 200/716] G: 26.6933 | C: -5.5104 | WD:  6.0159
  [ 250/716] G: 19.9428 | C: -10.9191 | WD: 12.8458
  [ 300/716] G: 19.7804 | C: -5.6068 | WD:  6.4049
  [ 350/716] G: 20.4498 | C: -6.0140 | WD: 10.3379
  [ 400/716] G: 22.1525 | C: -11.5329 | WD: 13.9910
  Saved sample images at batch 173000
  [ 450/716] G: 23.7292 | C: -9.5010 | WD: 10.8574
  [ 500/716] G: 20.7283 | C: -6.4758 | WD:  7.6554
  [ 550/716] G: 24.7286 | C: -7.5999 | WD:  9.0078
  [ 600/716] G: 27.3708 | C: -12.1589 | WD: 13.4532
  [ 650/716] G: 24.8748 | C: -13.1900 | WD: 16.5569
  [ 700/716] G: 24.3443 | C: -6.9153 | WD: 10.2154

============================================================
Epoch 242/300 Summary:
  Generator Loss    : 22.2085
  Critic Loss       : -7.8717
  Wasserstein Dist  : 10.4097
  Quick SSIM Check  : 0.1575
  Last SSIM: 0.1566 (Best: 0.1689)
============================================================


============================================================
Epoch 243/300
============================================================
  [   0/716] G: 22.9275 | C: -7.5028 | WD:  8.8441
  [  50/716] G: 19.6412 | C: -11.2623 | WD: 13.8817
  [ 100/716] G: 23.7537 | C: -3.1658 | WD: 15.1623
  [ 150/716] G: 21.4213 | C: -5.6985 | WD:  5.9782
  [ 200/716] G: 23.1206 | C: -5.9008 | WD:  9.8870
  Saved sample images at batch 173500
  [ 250/716] G: 21.5851 | C: -8.5190 | WD: 12.1063
  [ 300/716] G: 25.4145 | C: -10.7848 | WD: 12.0026
  [ 350/716] G: 23.9726 | C: -15.0708 | WD: 16.1121
  [ 400/716] G: 27.1193 | C: -10.8818 | WD: 11.6310
  [ 450/716] G: 23.3442 | C: -6.9919 | WD: 10.2716
  [ 500/716] G: 22.0720 | C: -3.0782 | WD: 12.9783
  [ 550/716] G: 22.2304 | C: -9.1080 | WD: 10.5461
  [ 600/716] G: 22.8271 | C: -10.1323 | WD: 15.4300
  [ 650/716] G: 18.4280 | C: -9.1699 | WD: 10.3934
  [ 700/716] G: 19.2950 | C: -8.0613 | WD:  9.4202

============================================================
Epoch 243/300 Summary:
  Generator Loss    : 22.7612
  Critic Loss       : -7.9124
  Wasserstein Dist  : 10.4429
  Quick SSIM Check  : 0.1704
  Last SSIM: 0.1566 (Best: 0.1689)
============================================================


============================================================
Epoch 244/300
============================================================
  [   0/716] G: 19.8909 | C: -10.0760 | WD: 11.5326
  Saved sample images at batch 174000
  [  50/716] G: 18.9231 | C: -8.8766 | WD: 11.2950
  [ 100/716] G: 20.6182 | C: -7.5735 | WD:  9.0240
  [ 150/716] G: 24.0813 | C: -8.0373 | WD: 10.0698
  [ 200/716] G: 23.2201 | C: -7.3177 | WD:  8.3414
  [ 250/716] G: 23.4120 | C: -9.4976 | WD: 10.4683
  [ 300/716] G: 21.8440 | C: -4.7038 | WD:  5.8771
  [ 350/716] G: 22.0956 | C: -7.9112 | WD: 12.0592
  [ 400/716] G: 20.1822 | C: -11.8687 | WD: 12.5228
  [ 450/716] G: 22.2373 | C: -5.2157 | WD:  8.8137
  [ 500/716] G: 22.7990 | C: -9.5072 | WD: 10.6462
  Saved sample images at batch 174500
  [ 550/716] G: 24.2031 | C: -8.9396 | WD: 10.3965
  [ 600/716] G: 25.3442 | C: -4.8642 | WD: 12.7861
  [ 650/716] G: 21.0398 | C: -7.8067 | WD:  8.6438
  [ 700/716] G: 23.3453 | C: -8.2381 | WD: 11.7008

============================================================
Epoch 244/300 Summary:
  Generator Loss    : 22.9393
  Critic Loss       : -7.7385
  Wasserstein Dist  : 10.2004
  Quick SSIM Check  : 0.1622
  Last SSIM: 0.1566 (Best: 0.1689)
============================================================


============================================================
Epoch 245/300
============================================================
  [   0/716] G: 19.1204 | C: -9.2214 | WD: 10.4951
  [  50/716] G: 19.8068 | C: -6.4557 | WD:  7.9737
  [ 100/716] G: 22.9621 | C: -4.7812 | WD:  7.3387
  [ 150/716] G: 20.8117 | C: -9.3063 | WD: 13.2424
  [ 200/716] G: 22.4725 | C: -10.8190 | WD: 13.2932
  [ 250/716] G: 20.7812 | C: -10.6786 | WD: 13.7635
  Saved sample images at batch 175000
  [ 300/716] G: 22.3491 | C: -12.5243 | WD: 13.6818
  [ 350/716] G: 19.4675 | C: -11.0089 | WD: 12.8747
  [ 400/716] G: 23.5817 | C: -6.7215 | WD: 11.4248
  [ 450/716] G: 21.8045 | C: -6.4468 | WD:  7.1644
  [ 500/716] G: 21.5552 | C: -5.4986 | WD: 11.3315
  [ 550/716] G: 24.2103 | C: -17.1966 | WD: 19.3465
  [ 600/716] G: 23.6782 | C: -7.8392 | WD:  8.7480
  [ 650/716] G: 23.7700 | C: -7.8496 | WD: 11.7375
  [ 700/716] G: 24.0892 | C: -9.6239 | WD: 10.6472

============================================================
Epoch 245/300 Summary:
  Generator Loss    : 22.4905
  Critic Loss       : -7.8120
  Wasserstein Dist  : 10.2576
  Quick SSIM Check  : 0.1588

────────────────────────────────────────────────────────────
Running validation...
  Validation SSIM   : 0.1582
  Target SSIM       : 0.6000
  Status            : ✗ Below target
────────────────────────────────────────────────────────────
============================================================


============================================================
Epoch 246/300
============================================================
  [   0/716] G: 25.2266 | C: -6.4940 | WD:  7.9489
  [  50/716] G: 26.3085 | C: -10.2878 | WD: 12.1912
  Saved sample images at batch 175500
  [ 100/716] G: 25.8079 | C: -6.1432 | WD:  8.7780
  [ 150/716] G: 21.3461 | C: -8.9237 | WD: 11.7814
  [ 200/716] G: 24.8979 | C: -6.3104 | WD: 11.1906
  [ 250/716] G: 21.6643 | C: -7.0015 | WD:  9.6381
  [ 300/716] G: 31.0305 | C: -7.3962 | WD:  8.3522
  [ 350/716] G: 22.1375 | C: -8.9532 | WD: 12.2308
  [ 400/716] G: 25.5198 | C: -5.2281 | WD:  8.9807
  [ 450/716] G: 22.5050 | C: -7.7637 | WD:  9.2652
  [ 500/716] G: 26.9058 | C: -8.1655 | WD:  9.3209
  [ 550/716] G: 23.2731 | C: -11.3782 | WD: 13.0019
  Saved sample images at batch 176000
  [ 600/716] G: 24.2578 | C: -9.0591 | WD: 15.5035
  [ 650/716] G: 25.1098 | C: -6.0540 | WD:  6.6458
  [ 700/716] G: 27.4851 | C: -5.2035 | WD: 11.1822

============================================================
Epoch 246/300 Summary:
  Generator Loss    : 24.2055
  Critic Loss       : -7.8547
  Wasserstein Dist  : 10.4012
  Quick SSIM Check  : 0.1648
  Last SSIM: 0.1582 (Best: 0.1689)
============================================================


============================================================
Epoch 247/300
============================================================
  [   0/716] G: 22.1006 | C: -7.1013 | WD: 10.0080
  [  50/716] G: 25.2513 | C: -12.6666 | WD: 13.5930
  [ 100/716] G: 23.5199 | C: -11.1060 | WD: 13.9138
  [ 150/716] G: 21.2358 | C: -5.9567 | WD:  9.3893
  [ 200/716] G: 24.7211 | C: -5.8682 | WD: 10.0819
  [ 250/716] G: 25.6942 | C: -11.2745 | WD: 12.1810
  [ 300/716] G: 25.0813 | C: -8.2466 | WD: 10.2541
  [ 350/716] G: 20.6611 | C: -6.4910 | WD:  9.9693
  Saved sample images at batch 176500
  [ 400/716] G: 32.0750 | C: -6.5653 | WD:  8.7500
  [ 450/716] G: 25.1121 | C: -8.6427 | WD: 10.5183
  [ 500/716] G: 21.5011 | C: -15.3806 | WD: 17.1954
  [ 550/716] G: 25.7342 | C: -7.2481 | WD:  8.3604
  [ 600/716] G: 29.1665 | C: -6.7489 | WD:  7.4740
  [ 650/716] G: 25.7532 | C: -10.6873 | WD: 13.4479
  [ 700/716] G: 25.1813 | C: -7.8955 | WD:  9.3720

============================================================
Epoch 247/300 Summary:
  Generator Loss    : 24.4845
  Critic Loss       : -7.8547
  Wasserstein Dist  : 10.3568
  Quick SSIM Check  : 0.1586
  Last SSIM: 0.1582 (Best: 0.1689)
============================================================


============================================================
Epoch 248/300
============================================================
  [   0/716] G: 19.5279 | C: -11.7574 | WD: 11.8944
  [  50/716] G: 26.5756 | C: -6.6874 | WD: 11.6316
  [ 100/716] G: 25.1373 | C: -8.8995 | WD:  9.3533
  Saved sample images at batch 177000
  [ 150/716] G: 24.8655 | C: -8.8558 | WD: 11.1187
  [ 200/716] G: 21.1959 | C: -6.7754 | WD:  7.2478
  [ 250/716] G: 21.3761 | C: -6.9166 | WD:  8.6535
  [ 300/716] G: 26.6072 | C: -1.9278 | WD: 11.6164
  [ 350/716] G: 24.7311 | C: -7.7472 | WD:  8.8785
  [ 400/716] G: 24.7605 | C: -11.7956 | WD: 14.5428
  [ 450/716] G: 23.3492 | C: -8.3033 | WD: 14.5997
  [ 500/716] G: 25.0441 | C: -11.6579 | WD: 13.9867
  [ 550/716] G: 24.6198 | C: -9.4703 | WD: 11.9114
  [ 600/716] G: 24.3854 | C: -11.8589 | WD: 12.6671
  Saved sample images at batch 177500
  [ 650/716] G: 23.0870 | C: -3.6021 | WD:  5.6073
  [ 700/716] G: 25.7956 | C: -3.6522 | WD: 10.1171

============================================================
Epoch 248/300 Summary:
  Generator Loss    : 25.0524
  Critic Loss       : -7.7495
  Wasserstein Dist  : 10.2107
  Quick SSIM Check  : 0.1533
  Last SSIM: 0.1582 (Best: 0.1689)
============================================================


============================================================
Epoch 249/300
============================================================
  [   0/716] G: 22.6521 | C: -4.7226 | WD:  9.5626
  [  50/716] G: 20.9641 | C: -11.0041 | WD: 12.7824
  [ 100/716] G: 21.8271 | C: -9.7312 | WD: 11.9049
  [ 150/716] G: 25.8780 | C: -12.6549 | WD: 15.6474
  [ 200/716] G: 25.5039 | C: -7.1110 | WD:  9.9759
  [ 250/716] G: 25.5729 | C: -9.1855 | WD: 10.5884
  [ 300/716] G: 25.9965 | C: -7.7575 | WD:  8.7502
  [ 350/716] G: 25.3781 | C: -9.4178 | WD: 10.1018
  [ 400/716] G: 22.4962 | C: -8.1508 | WD: 10.7127
  Saved sample images at batch 178000
  [ 450/716] G: 24.0965 | C: -13.6456 | WD: 15.7602
  [ 500/716] G: 25.0610 | C: -6.0252 | WD:  8.4900
  [ 550/716] G: 23.7359 | C: -7.6928 | WD:  9.3403
  [ 600/716] G: 22.5492 | C: -9.1593 | WD: 10.9512
  [ 650/716] G: 23.6671 | C: -8.9984 | WD:  9.7142
  [ 700/716] G: 23.1749 | C: -9.8631 | WD: 10.6130

============================================================
Epoch 249/300 Summary:
  Generator Loss    : 23.5741
  Critic Loss       : -7.8338
  Wasserstein Dist  : 10.3428
  Quick SSIM Check  : 0.1505
  Last SSIM: 0.1582 (Best: 0.1689)
============================================================


============================================================
Epoch 250/300
============================================================
  [   0/716] G: 24.9845 | C: -6.8210 | WD:  8.3508
  [  50/716] G: 23.9491 | C: -5.1232 | WD:  7.5156
  [ 100/716] G: 25.3650 | C: -7.9756 | WD:  9.5275
  [ 150/716] G: 22.7989 | C: -5.7551 | WD: 13.9137
  [ 200/716] G: 24.7399 | C: -7.9987 | WD: 10.0745
  Saved sample images at batch 178500
  [ 250/716] G: 24.2326 | C: -4.6753 | WD:  5.4887
  [ 300/716] G: 23.8111 | C: -10.7902 | WD: 12.1203
  [ 350/716] G: 20.0552 | C: -11.1239 | WD: 11.9432
  [ 400/716] G: 27.1741 | C: -8.2161 | WD: 11.8323
  [ 450/716] G: 21.9063 | C: -8.4845 | WD: 10.1170
  [ 500/716] G: 23.1369 | C: -7.2950 | WD: 11.0864
  [ 550/716] G: 27.1929 | C: -8.7625 | WD:  9.6125
  [ 600/716] G: 25.2167 | C: -5.8741 | WD:  6.7283
  [ 650/716] G: 21.9048 | C: -6.0962 | WD:  6.4078
  [ 700/716] G: 28.2745 | C: -6.6494 | WD:  7.6382

============================================================
Epoch 250/300 Summary:
  Generator Loss    : 24.7389
  Critic Loss       : -7.7913
  Wasserstein Dist  : 10.3289
  Quick SSIM Check  : 0.1556

────────────────────────────────────────────────────────────
Running validation...
  Validation SSIM   : 0.1590
  Target SSIM       : 0.6000
  Status            : ✗ Below target
────────────────────────────────────────────────────────────
============================================================


============================================================
Epoch 251/300
============================================================
  [   0/716] G: 24.4628 | C: -6.8072 | WD:  7.8656
  Saved sample images at batch 179000
  [  50/716] G: 25.5475 | C: -4.0994 | WD:  7.2102
  [ 100/716] G: 26.3507 | C: -8.6238 | WD: 10.0431
  [ 150/716] G: 22.2474 | C: -13.4785 | WD: 14.3684
  [ 200/716] G: 21.5789 | C: -8.9007 | WD: 11.4703
  [ 250/716] G: 27.4548 | C: -6.0160 | WD:  6.9176
  [ 300/716] G: 24.3692 | C: -6.1256 | WD:  6.6806
  [ 350/716] G: 21.8071 | C: -7.7800 | WD:  9.9984
  [ 400/716] G: 27.4978 | C: -8.6603 | WD: 14.3788
  [ 450/716] G: 27.2286 | C: -4.8098 | WD:  6.8282
  [ 500/716] G: 23.4814 | C: -15.5753 | WD: 17.8335
  Saved sample images at batch 179500
  [ 550/716] G: 28.4339 | C: -5.3491 | WD:  6.5470
  [ 600/716] G: 26.3253 | C: -11.0415 | WD: 13.8295
  [ 650/716] G: 23.4442 | C: -4.5391 | WD:  8.2743
  [ 700/716] G: 27.2506 | C: -6.5819 | WD:  9.6210

============================================================
Epoch 251/300 Summary:
  Generator Loss    : 25.4156
  Critic Loss       : -7.6934
  Wasserstein Dist  : 10.1234
  Quick SSIM Check  : 0.1589
  Last SSIM: 0.1590 (Best: 0.1689)
============================================================


============================================================
Epoch 252/300
============================================================
  [   0/716] G: 23.5461 | C: -8.0081 | WD:  8.6191
  [  50/716] G: 27.5759 | C: -9.3209 | WD: 10.2840
  [ 100/716] G: 28.7913 | C: -9.1759 | WD: 11.0684
  [ 150/716] G: 26.6723 | C: -6.3691 | WD:  8.2363
  [ 200/716] G: 25.6822 | C: -11.1698 | WD: 14.8243
  [ 250/716] G: 26.4638 | C: -5.8093 | WD:  7.3798
  Saved sample images at batch 180000
  [ 300/716] G: 26.7212 | C: -7.7734 | WD:  8.5403
  [ 350/716] G: 26.7055 | C: -9.4988 | WD: 11.2940
  [ 400/716] G: 21.0683 | C: -12.8963 | WD: 15.2425
  [ 450/716] G: 23.1519 | C: -5.3933 | WD:  6.7324
  [ 500/716] G: 28.3461 | C: -5.4782 | WD:  7.4043
  [ 550/716] G: 29.3151 | C: -9.6817 | WD: 10.6102
  [ 600/716] G: 22.0538 | C: -14.2598 | WD: 15.1233
  [ 650/716] G: 27.4668 | C: -10.5216 | WD: 11.0129
  [ 700/716] G: 22.8932 | C: -6.3635 | WD:  7.1375

============================================================
Epoch 252/300 Summary:
  Generator Loss    : 25.9043
  Critic Loss       : -7.8348
  Wasserstein Dist  : 10.3326
  Quick SSIM Check  : 0.1582
  Last SSIM: 0.1590 (Best: 0.1689)
============================================================


============================================================
Epoch 253/300
============================================================
  [   0/716] G: 27.5246 | C: -0.9803 | WD:  5.9159
  [  50/716] G: 24.3166 | C: -8.7965 | WD: 10.6310
  Saved sample images at batch 180500
  [ 100/716] G: 24.5522 | C: -9.2775 | WD: 11.1400
  [ 150/716] G: 28.7053 | C: -8.0505 | WD: 10.4450
  [ 200/716] G: 26.2016 | C: -9.1247 | WD: 11.4607
  [ 250/716] G: 23.0610 | C: -7.9725 | WD:  9.7808
  [ 300/716] G: 22.6821 | C: -5.9754 | WD:  6.8644
  [ 350/716] G: 28.6607 | C: -8.7442 | WD: 10.7762
  [ 400/716] G: 26.2241 | C: -8.8810 | WD:  9.9310
  [ 450/716] G: 25.4047 | C: -6.2126 | WD: 11.3423
  [ 500/716] G: 26.8627 | C: -6.6169 | WD: 13.1992
  [ 550/716] G: 32.9269 | C: -11.5520 | WD: 12.7388
  Saved sample images at batch 181000
  [ 600/716] G: 27.4570 | C: -5.0992 | WD:  8.3514
  [ 650/716] G: 26.8395 | C: -7.0576 | WD:  7.2332
  [ 700/716] G: 24.7775 | C: -7.8107 | WD:  9.1551

============================================================
Epoch 253/300 Summary:
  Generator Loss    : 25.9537
  Critic Loss       : -7.8993
  Wasserstein Dist  : 10.3926
  Quick SSIM Check  : 0.1733
  Last SSIM: 0.1590 (Best: 0.1689)
============================================================


============================================================
Epoch 254/300
============================================================
  [   0/716] G: 23.5144 | C: -4.8007 | WD:  9.5411
  [  50/716] G: 26.7840 | C: -7.2323 | WD: 10.9889
  [ 100/716] G: 33.9568 | C: -11.7894 | WD: 15.0030
  [ 150/716] G: 28.6934 | C: -8.4860 | WD:  9.0911
  [ 200/716] G: 26.1249 | C: -5.3500 | WD:  7.3216
  [ 250/716] G: 27.1678 | C: -4.2529 | WD:  6.1858
  [ 300/716] G: 23.8579 | C: -8.5429 | WD: 11.2157
  [ 350/716] G: 26.1161 | C: -5.9778 | WD:  9.9654
  Saved sample images at batch 181500
  [ 400/716] G: 25.0229 | C: -13.2526 | WD: 15.9164
  [ 450/716] G: 26.6333 | C: -6.8174 | WD:  7.7734
  [ 500/716] G: 26.9098 | C: -6.6364 | WD:  7.6942
  [ 550/716] G: 26.9763 | C: -4.0144 | WD: 10.5533
  [ 600/716] G: 27.9646 | C: -10.3223 | WD: 14.4082
  [ 650/716] G: 23.2661 | C: -8.0674 | WD:  9.3954
  [ 700/716] G: 28.8478 | C: -9.2524 | WD: 10.8263

============================================================
Epoch 254/300 Summary:
  Generator Loss    : 26.8191
  Critic Loss       : -7.7851
  Wasserstein Dist  : 10.2530
  Quick SSIM Check  : 0.1628
  Last SSIM: 0.1590 (Best: 0.1689)
============================================================


============================================================
Epoch 255/300
============================================================
  [   0/716] G: 27.5762 | C: -7.9078 | WD:  8.6130
  [  50/716] G: 27.8176 | C: -2.3616 | WD:  8.8119
  [ 100/716] G: 28.3386 | C: -7.0573 | WD:  8.4510
  Saved sample images at batch 182000
  [ 150/716] G: 25.2072 | C: -8.8300 | WD:  9.1472
  [ 200/716] G: 24.7068 | C: -5.6654 | WD:  9.4729
  [ 250/716] G: 24.0754 | C: -11.5711 | WD: 12.9215
  [ 300/716] G: 28.5202 | C: -7.5844 | WD:  7.9038
  [ 350/716] G: 26.8701 | C: -5.1902 | WD:  7.9891
  [ 400/716] G: 28.2866 | C: -6.3843 | WD:  9.2374
  [ 450/716] G: 28.6662 | C: -9.2732 | WD: 13.0882
  [ 500/716] G: 28.4262 | C: -4.8942 | WD:  8.1453
  [ 550/716] G: 25.7631 | C: -9.1904 | WD: 10.1476
  [ 600/716] G: 24.9684 | C: -9.9582 | WD: 14.1097
  Saved sample images at batch 182500
  [ 650/716] G: 30.6852 | C: -6.7043 | WD: 12.7492
  [ 700/716] G: 29.1753 | C: -3.7630 | WD:  7.1364

============================================================
Epoch 255/300 Summary:
  Generator Loss    : 27.1191
  Critic Loss       : -7.7985
  Wasserstein Dist  : 10.2659
  Quick SSIM Check  : 0.1584

────────────────────────────────────────────────────────────
Running validation...
  Validation SSIM   : 0.1596
  Target SSIM       : 0.6000
  Status            : ✗ Below target
────────────────────────────────────────────────────────────
============================================================


============================================================
Epoch 256/300
============================================================
  [   0/716] G: 24.7960 | C: -10.7173 | WD: 12.1781
  [  50/716] G: 30.7705 | C: -10.2042 | WD: 10.7812
  [ 100/716] G: 28.7364 | C: -12.4952 | WD: 13.2116
  [ 150/716] G: 26.7427 | C: -10.6336 | WD: 11.8279
  [ 200/716] G: 22.7451 | C: -13.3961 | WD: 14.1908
  [ 250/716] G: 26.5280 | C: -4.2394 | WD: 14.0634
  [ 300/716] G: 24.8764 | C: -13.2693 | WD: 16.3613
  [ 350/716] G: 27.7653 | C: -4.8354 | WD:  8.5806
  [ 400/716] G: 29.0937 | C: -5.3330 | WD:  9.7544
  Saved sample images at batch 183000
  [ 450/716] G: 27.6186 | C: -8.5158 | WD: 13.1640
  [ 500/716] G: 29.7134 | C: -7.0798 | WD:  8.9046
  [ 550/716] G: 28.1597 | C: -12.6656 | WD: 14.4224
  [ 600/716] G: 25.3782 | C: -11.0124 | WD: 13.8624
  [ 650/716] G: 30.9110 | C: -10.0659 | WD: 10.9453
  [ 700/716] G: 28.4536 | C: -5.9476 | WD:  9.1873

============================================================
Epoch 256/300 Summary:
  Generator Loss    : 27.5075
  Critic Loss       : -7.7968
  Wasserstein Dist  : 10.3088
  Quick SSIM Check  : 0.1550
  Last SSIM: 0.1596 (Best: 0.1689)
============================================================


============================================================
Epoch 257/300
============================================================
  [   0/716] G: 26.3609 | C: -8.6746 | WD:  9.7259
  [  50/716] G: 30.1973 | C: -8.0513 | WD: 13.5897
  [ 100/716] G: 30.2589 | C: -11.5536 | WD: 12.8418
  [ 150/716] G: 35.2964 | C: -9.4937 | WD: 10.8862
  [ 200/716] G: 30.1887 | C:  1.5248 | WD:  8.2337
  Saved sample images at batch 183500
  [ 250/716] G: 25.6501 | C: -7.9884 | WD:  9.8934
  [ 300/716] G: 27.8589 | C: -8.1681 | WD: 10.1455
  [ 350/716] G: 27.6687 | C: -6.6610 | WD:  8.2473
  [ 400/716] G: 25.2801 | C: -11.1534 | WD: 11.9796
  [ 450/716] G: 27.5279 | C: -10.5644 | WD: 13.0884
  [ 500/716] G: 29.1921 | C: -3.4277 | WD: 12.1933
  [ 550/716] G: 28.2531 | C: -8.0299 | WD:  9.5104
  [ 600/716] G: 28.7956 | C: -8.0157 | WD: 12.1360
  [ 650/716] G: 30.8663 | C: -2.3575 | WD:  3.5181
  [ 700/716] G: 30.1016 | C: -11.2478 | WD: 14.4011
  Saved sample images at batch 184000

============================================================
Epoch 257/300 Summary:
  Generator Loss    : 28.6677
  Critic Loss       : -7.8002
  Wasserstein Dist  : 10.2514
  Quick SSIM Check  : 0.1507
  Last SSIM: 0.1596 (Best: 0.1689)
============================================================


============================================================
Epoch 258/300
============================================================
  [   0/716] G: 27.3044 | C: -3.7008 | WD:  6.0910
  [  50/716] G: 28.3632 | C: -8.6398 | WD: 12.3157
  [ 100/716] G: 29.4944 | C: -6.4428 | WD: 11.6051
  [ 150/716] G: 29.7585 | C: -1.5467 | WD:  4.7301
  [ 200/716] G: 29.0037 | C: -0.8473 | WD:  7.1538
  [ 250/716] G: 29.7622 | C: -8.0852 | WD: 11.5328
  [ 300/716] G: 31.7373 | C: -2.6945 | WD:  6.6565
  [ 350/716] G: 30.6722 | C: -5.2850 | WD:  6.4086
  [ 400/716] G: 27.2365 | C: -11.0657 | WD: 12.6861
  [ 450/716] G: 33.5786 | C: -7.4483 | WD:  9.1083
  Saved sample images at batch 184500
  [ 500/716] G: 30.1926 | C: -8.9992 | WD: 10.3737
  [ 550/716] G: 33.9567 | C: -9.6999 | WD: 10.3144
  [ 600/716] G: 26.9209 | C: -5.9016 | WD:  8.2124
  [ 650/716] G: 29.1704 | C: -2.3981 | WD:  6.5640
  [ 700/716] G: 31.0310 | C: -9.2921 | WD: 11.5548

============================================================
Epoch 258/300 Summary:
  Generator Loss    : 29.9729
  Critic Loss       : -7.7214
  Wasserstein Dist  : 10.1835
  Quick SSIM Check  : 0.1584
  Last SSIM: 0.1596 (Best: 0.1689)
============================================================


============================================================
Epoch 259/300
============================================================
  [   0/716] G: 31.3791 | C: -5.3791 | WD:  7.7467
  [  50/716] G: 28.6387 | C: -7.7394 | WD:  9.6235
  [ 100/716] G: 28.4733 | C: -7.1912 | WD:  7.6201
  [ 150/716] G: 30.1999 | C: -8.2869 | WD: 10.1460
  [ 200/716] G: 31.1083 | C: -9.6961 | WD: 12.1950
  [ 250/716] G: 34.9585 | C: -8.1052 | WD: 10.5209
  Saved sample images at batch 185000
  [ 300/716] G: 34.1674 | C: -5.8151 | WD:  7.0279
  [ 350/716] G: 30.5460 | C: -6.9203 | WD:  8.3305
  [ 400/716] G: 28.9180 | C: -6.8270 | WD:  8.4517
  [ 450/716] G: 29.3145 | C: -4.1558 | WD: 12.2799
  [ 500/716] G: 28.0816 | C: -7.8510 | WD:  9.5807
  [ 550/716] G: 31.1301 | C: -5.1373 | WD:  7.4459
  [ 600/716] G: 26.7312 | C: -6.1967 | WD: 10.5029
  [ 650/716] G: 28.0052 | C: -8.2655 | WD: 11.5705
  [ 700/716] G: 30.7611 | C: -9.3339 | WD:  9.9522

============================================================
Epoch 259/300 Summary:
  Generator Loss    : 29.7567
  Critic Loss       : -7.7350
  Wasserstein Dist  : 10.2024
  Quick SSIM Check  : 0.1617
  Last SSIM: 0.1596 (Best: 0.1689)
============================================================


============================================================
Epoch 260/300
============================================================
  [   0/716] G: 31.4528 | C: -6.2155 | WD: 11.0522
  [  50/716] G: 36.0725 | C: -9.0016 | WD:  9.9365
  Saved sample images at batch 185500
  [ 100/716] G: 30.0918 | C: -12.3104 | WD: 12.9393
  [ 150/716] G: 28.9412 | C: -7.3134 | WD:  9.7315
  [ 200/716] G: 28.6376 | C: -8.3758 | WD: 10.1338
  [ 250/716] G: 29.3132 | C: -7.4207 | WD: 10.6027
  [ 300/716] G: 29.7933 | C: -7.1247 | WD:  7.4748
  [ 350/716] G: 26.6810 | C: -8.3088 | WD:  9.8779
  [ 400/716] G: 27.8784 | C: -6.5803 | WD: 10.0876
  [ 450/716] G: 35.2599 | C: -8.6700 | WD:  9.0731
  [ 500/716] G: 33.0515 | C: -8.8789 | WD:  9.8957
  [ 550/716] G: 31.3265 | C: -8.9660 | WD:  9.6585
  Saved sample images at batch 186000
  [ 600/716] G: 31.5609 | C: -9.0819 | WD: 11.9967
  [ 650/716] G: 33.0272 | C: -5.3335 | WD: 10.4575
  [ 700/716] G: 32.3154 | C: -9.0227 | WD: 11.9849

============================================================
Epoch 260/300 Summary:
  Generator Loss    : 30.0012
  Critic Loss       : -7.6854
  Wasserstein Dist  : 10.1216
  Quick SSIM Check  : 0.1611

────────────────────────────────────────────────────────────
Running validation...
  Validation SSIM   : 0.1566
  Target SSIM       : 0.6000
  Status            : ✗ Below target
────────────────────────────────────────────────────────────
============================================================

Checkpoint saved at epoch 260


============================================================
Epoch 261/300
============================================================
  [   0/716] G: 30.0075 | C: -6.4263 | WD:  7.2083
  [  50/716] G: 30.6948 | C: -8.8916 | WD: 15.8929
  [ 100/716] G: 33.4419 | C: -8.0985 | WD: 12.1536
  [ 150/716] G: 33.4175 | C: -8.5507 | WD: 10.2323
  [ 200/716] G: 30.2691 | C: -5.5084 | WD: 13.8282
  [ 250/716] G: 33.5766 | C: -5.2227 | WD:  8.3547
  [ 300/716] G: 28.2077 | C: -7.5986 | WD: 12.1880
  Saved sample images at batch 186500
  [ 350/716] G: 35.8129 | C: -10.7312 | WD: 11.6946
  [ 400/716] G: 28.1729 | C: -8.1361 | WD:  8.7099
  [ 450/716] G: 30.8254 | C: -5.0360 | WD:  9.7978
  [ 500/716] G: 35.2628 | C: -6.1153 | WD:  8.2161
  [ 550/716] G: 27.8250 | C: -10.5578 | WD: 12.6367
  [ 600/716] G: 28.8816 | C: -6.6479 | WD:  9.7811
  [ 650/716] G: 29.3125 | C: -8.1715 | WD: 10.0171
  [ 700/716] G: 32.6798 | C: -8.0660 | WD: 11.7230

============================================================
Epoch 261/300 Summary:
  Generator Loss    : 30.0338
  Critic Loss       : -7.6461
  Wasserstein Dist  : 10.0488
  Quick SSIM Check  : 0.1527
  Last SSIM: 0.1566 (Best: 0.1689)
============================================================


============================================================
Epoch 262/300
============================================================
  [   0/716] G: 31.1575 | C: -4.9817 | WD:  6.7177
  [  50/716] G: 29.9939 | C: -4.6372 | WD: 10.6918
  [ 100/716] G: 32.3586 | C: -11.2044 | WD: 13.7476
  Saved sample images at batch 187000
  [ 150/716] G: 30.8612 | C: -4.2636 | WD:  8.4224
  [ 200/716] G: 35.7941 | C: -12.0601 | WD: 15.8627
  [ 250/716] G: 34.2322 | C: -8.0693 | WD:  9.6969
  [ 300/716] G: 30.4300 | C: -8.7850 | WD: 10.9632
  [ 350/716] G: 36.0391 | C: -6.7568 | WD:  7.8907
  [ 400/716] G: 32.3089 | C: -7.7507 | WD:  9.5299
  [ 450/716] G: 30.6361 | C: -7.7676 | WD:  8.6194
  [ 500/716] G: 34.8116 | C: -7.5708 | WD:  8.3455
  [ 550/716] G: 31.0084 | C: -6.5451 | WD:  8.1043
  [ 600/716] G: 31.8917 | C: -8.7861 | WD: 12.5367
  Saved sample images at batch 187500
  [ 650/716] G: 33.0291 | C: -8.6022 | WD: 10.6051
  [ 700/716] G: 33.5270 | C: -5.7069 | WD:  8.3340

============================================================
Epoch 262/300 Summary:
  Generator Loss    : 31.6903
  Critic Loss       : -7.8143
  Wasserstein Dist  : 10.2792
  Quick SSIM Check  : 0.1556
  Last SSIM: 0.1566 (Best: 0.1689)
============================================================


============================================================
Epoch 263/300
============================================================
  [   0/716] G: 31.9650 | C: -6.8108 | WD:  8.3423
  [  50/716] G: 31.3780 | C: -7.9959 | WD: 11.8701
  [ 100/716] G: 32.2836 | C: -4.7362 | WD:  6.8740
  [ 150/716] G: 31.2029 | C: -7.8901 | WD: 10.8209
  [ 200/716] G: 28.9804 | C: -5.7394 | WD:  9.8915
  [ 250/716] G: 31.1185 | C: -6.0585 | WD:  6.8858
  [ 300/716] G: 28.0377 | C: -6.0731 | WD: 10.3337
  [ 350/716] G: 32.4171 | C: -11.0743 | WD: 13.0244
  [ 400/716] G: 33.0085 | C: -5.3279 | WD:  8.6784
  Saved sample images at batch 188000
  [ 450/716] G: 37.9928 | C: -9.5250 | WD: 10.3081
  [ 500/716] G: 29.7426 | C: -16.2382 | WD: 20.4604
  [ 550/716] G: 28.2053 | C: -10.3124 | WD: 14.0611
  [ 600/716] G: 29.2640 | C: -4.9470 | WD:  9.2515
  [ 650/716] G: 34.2491 | C: -13.4397 | WD: 15.4621
  [ 700/716] G: 31.5765 | C: -7.1067 | WD:  8.4229

============================================================
Epoch 263/300 Summary:
  Generator Loss    : 31.6975
  Critic Loss       : -7.7431
  Wasserstein Dist  : 10.2107
  Quick SSIM Check  : 0.1562
  Last SSIM: 0.1566 (Best: 0.1689)
============================================================


============================================================
Epoch 264/300
============================================================
  [   0/716] G: 32.4368 | C: -8.0528 | WD:  8.6619
  [  50/716] G: 32.8360 | C: -7.2985 | WD:  9.9444
  [ 100/716] G: 31.8835 | C: -8.0377 | WD: 10.9451
  [ 150/716] G: 30.9466 | C: -7.2650 | WD:  8.7976
  Saved sample images at batch 188500
  [ 200/716] G: 31.3007 | C: -6.5835 | WD:  7.4195
  [ 250/716] G: 30.9767 | C: -7.6548 | WD:  9.1730
  [ 300/716] G: 33.6224 | C: -6.9125 | WD:  7.8265
  [ 350/716] G: 34.0120 | C: -10.3941 | WD: 11.9637
  [ 400/716] G: 31.9153 | C: -4.6748 | WD:  6.3510
  [ 450/716] G: 28.1975 | C: -10.0985 | WD: 14.3591
  [ 500/716] G: 30.8607 | C: -6.0784 | WD:  9.5320
  [ 550/716] G: 31.4671 | C: -8.3304 | WD: 10.1939
  [ 600/716] G: 32.8051 | C: -6.8465 | WD:  9.9449
  [ 650/716] G: 30.6001 | C: -6.6908 | WD:  8.4831
  Saved sample images at batch 189000
  [ 700/716] G: 31.3298 | C: -8.9132 | WD:  9.5827

============================================================
Epoch 264/300 Summary:
  Generator Loss    : 32.1184
  Critic Loss       : -7.6604
  Wasserstein Dist  : 10.0738
  Quick SSIM Check  : 0.1609
  Last SSIM: 0.1566 (Best: 0.1689)
============================================================


============================================================
Epoch 265/300
============================================================
  [   0/716] G: 30.5226 | C: -2.6446 | WD:  8.6974
  [  50/716] G: 33.5668 | C: -10.2673 | WD: 17.4584
  [ 100/716] G: 31.7869 | C: -7.1455 | WD: 10.6598
  [ 150/716] G: 32.8988 | C: -8.7459 | WD:  9.8179
  [ 200/716] G: 32.8684 | C: -8.2694 | WD: 11.3889
  [ 250/716] G: 34.9329 | C: -6.5377 | WD:  9.9611
  [ 300/716] G: 30.3781 | C: -6.3443 | WD:  7.8452
  [ 350/716] G: 32.1335 | C: -5.4902 | WD:  9.6401
  [ 400/716] G: 34.3042 | C: -6.4557 | WD:  7.9271
  [ 450/716] G: 35.2163 | C: -8.5890 | WD: 11.3163
  Saved sample images at batch 189500
  [ 500/716] G: 32.2235 | C: -8.1763 | WD:  8.9540
  [ 550/716] G: 39.7001 | C: -10.3818 | WD: 13.7403
  [ 600/716] G: 34.0521 | C: -4.3914 | WD: 10.3980
  [ 650/716] G: 33.0929 | C: -9.4382 | WD: 10.2003
  [ 700/716] G: 30.6553 | C: -11.4417 | WD: 12.6975

============================================================
Epoch 265/300 Summary:
  Generator Loss    : 32.1491
  Critic Loss       : -7.6855
  Wasserstein Dist  : 10.1161
  Quick SSIM Check  : 0.1618

────────────────────────────────────────────────────────────
Running validation...
  Validation SSIM   : 0.1606
  Target SSIM       : 0.6000
  Status            : ✗ Below target
────────────────────────────────────────────────────────────
============================================================


============================================================
Epoch 266/300
============================================================
  [   0/716] G: 31.5827 | C: -6.6644 | WD: 10.5037
  [  50/716] G: 33.9924 | C: -11.0241 | WD: 12.4956
  [ 100/716] G: 32.6766 | C: -11.7159 | WD: 14.4966
  [ 150/716] G: 34.6136 | C: -5.9855 | WD:  9.9845
  [ 200/716] G: 30.7639 | C: -6.3640 | WD:  7.7053
  [ 250/716] G: 32.6940 | C: -11.0475 | WD: 11.8354
  Saved sample images at batch 190000
  [ 300/716] G: 31.4521 | C: -8.9365 | WD:  9.1803
  [ 350/716] G: 32.7159 | C: -6.8271 | WD:  7.7976
  [ 400/716] G: 33.1732 | C: -10.4570 | WD: 13.4285
  [ 450/716] G: 34.1945 | C: -12.6461 | WD: 13.8762
  [ 500/716] G: 31.9015 | C: -7.2761 | WD: 10.4247
  [ 550/716] G: 36.5550 | C: -10.7442 | WD: 14.4726
  [ 600/716] G: 30.7217 | C: -7.7518 | WD: 11.2371
  [ 650/716] G: 31.7646 | C: -7.2994 | WD:  8.0068
  [ 700/716] G: 34.0831 | C: -4.7665 | WD:  6.1808

============================================================
Epoch 266/300 Summary:
  Generator Loss    : 32.3377
  Critic Loss       : -7.5824
  Wasserstein Dist  :  9.9764
  Quick SSIM Check  : 0.1523
  Last SSIM: 0.1606 (Best: 0.1689)
============================================================


============================================================
Epoch 267/300
============================================================
  [   0/716] G: 35.4271 | C: -6.8958 | WD:  8.5504
  Saved sample images at batch 190500
  [  50/716] G: 35.4902 | C: -8.0509 | WD: 11.1425
  [ 100/716] G: 30.8343 | C: -8.9671 | WD: 10.8160
  [ 150/716] G: 32.4319 | C: -6.8316 | WD:  7.9565
  [ 200/716] G: 34.3267 | C: -12.0604 | WD: 15.1296
  [ 250/716] G: 30.5091 | C: -7.0813 | WD:  8.0062
  [ 300/716] G: 32.7759 | C: -7.4363 | WD:  8.7101
  [ 350/716] G: 31.5583 | C: -11.9938 | WD: 12.7297
  [ 400/716] G: 35.1031 | C: -6.7289 | WD:  8.6764
  [ 450/716] G: 31.2506 | C: -8.3260 | WD:  8.6116
  [ 500/716] G: 31.9973 | C: -8.4551 | WD: 11.1990
  Saved sample images at batch 191000
  [ 550/716] G: 29.8408 | C: -5.2118 | WD: 10.4428
  [ 600/716] G: 33.4271 | C: -3.8168 | WD:  5.8715
  [ 650/716] G: 29.0624 | C: -7.3173 | WD:  9.4872
  [ 700/716] G: 34.2307 | C: -7.3619 | WD:  9.0468

============================================================
Epoch 267/300 Summary:
  Generator Loss    : 32.4151
  Critic Loss       : -7.7035
  Wasserstein Dist  : 10.1584
  Quick SSIM Check  : 0.1572
  Last SSIM: 0.1606 (Best: 0.1689)
============================================================


============================================================
Epoch 268/300
============================================================
  [   0/716] G: 33.2732 | C: -12.1000 | WD: 14.7736
  [  50/716] G: 33.8304 | C: -13.6902 | WD: 14.6434
  [ 100/716] G: 32.4585 | C: -6.5853 | WD:  8.6958
  [ 150/716] G: 34.5099 | C: -9.9138 | WD: 14.9776
  [ 200/716] G: 30.2338 | C: -7.4426 | WD:  8.2224
  [ 250/716] G: 33.9986 | C: -11.2779 | WD: 12.1747
  [ 300/716] G: 32.5854 | C: -9.9870 | WD: 11.7397
  Saved sample images at batch 191500
  [ 350/716] G: 40.4009 | C: -10.2127 | WD: 10.8316
  [ 400/716] G: 33.4124 | C: -2.7168 | WD:  5.2997
  [ 450/716] G: 31.0063 | C: -8.8206 | WD:  9.4024
  [ 500/716] G: 32.8622 | C: -5.9208 | WD:  7.3217
  [ 550/716] G: 31.0621 | C: -12.9545 | WD: 15.2932
  [ 600/716] G: 32.4793 | C: -7.4194 | WD:  9.1612
  [ 650/716] G: 33.2234 | C: -8.3378 | WD:  9.4003
  [ 700/716] G: 29.0133 | C: -3.0619 | WD: 10.0000

============================================================
Epoch 268/300 Summary:
  Generator Loss    : 32.7515
  Critic Loss       : -7.6561
  Wasserstein Dist  : 10.0960
  Quick SSIM Check  : 0.1625
  Last SSIM: 0.1606 (Best: 0.1689)
============================================================


============================================================
Epoch 269/300
============================================================
  [   0/716] G: 30.8792 | C: -8.0267 | WD:  9.9552
  [  50/716] G: 31.0492 | C: -5.5433 | WD: 10.9993
  [ 100/716] G: 32.1139 | C: -7.6810 | WD:  8.4834
  Saved sample images at batch 192000
  [ 150/716] G: 27.9772 | C: -9.6026 | WD: 10.8298
  [ 200/716] G: 30.7023 | C: -10.8397 | WD: 12.2060
  [ 250/716] G: 32.3220 | C: -7.8834 | WD: 10.2745
  [ 300/716] G: 33.1130 | C: -13.6961 | WD: 15.2126
  [ 350/716] G: 30.9178 | C: -7.7918 | WD:  9.2721
  [ 400/716] G: 33.3934 | C: -5.5082 | WD: 14.1880
  [ 450/716] G: 32.6635 | C: -6.9654 | WD: 11.8852
  [ 500/716] G: 31.0591 | C: -6.8120 | WD: 11.4344
  [ 550/716] G: 34.5829 | C: -5.8489 | WD:  7.2767
  [ 600/716] G: 32.8136 | C: -8.4662 | WD:  9.1600
  Saved sample images at batch 192500
  [ 650/716] G: 28.3962 | C: -13.5471 | WD: 14.5285
  [ 700/716] G: 31.5602 | C: -8.5237 | WD:  9.6223

============================================================
Epoch 269/300 Summary:
  Generator Loss    : 32.7322
  Critic Loss       : -7.7316
  Wasserstein Dist  : 10.2193
  Quick SSIM Check  : 0.1582
  Last SSIM: 0.1606 (Best: 0.1689)
============================================================


============================================================
Epoch 270/300
============================================================
  [   0/716] G: 32.8863 | C: -10.5204 | WD: 11.7787
  [  50/716] G: 32.8237 | C: -8.1742 | WD:  9.8231
  [ 100/716] G: 34.1741 | C: -4.3862 | WD:  6.2587
  [ 150/716] G: 34.1917 | C: -5.9908 | WD:  6.4647
  [ 200/716] G: 37.4015 | C: -9.0906 | WD: 11.5428
  [ 250/716] G: 34.9094 | C: -7.5833 | WD: 10.3581
  [ 300/716] G: 31.7427 | C: -3.1068 | WD:  7.4655
  [ 350/716] G: 33.6201 | C: -6.5936 | WD:  9.2385
  Saved sample images at batch 193000
  [ 400/716] G: 34.8574 | C: -7.6292 | WD: 13.3706
  [ 450/716] G: 35.8877 | C: -9.8398 | WD: 11.3241
  [ 500/716] G: 34.3998 | C: -5.3140 | WD:  6.2858
  [ 550/716] G: 31.7736 | C: -4.9741 | WD:  5.6975
  [ 600/716] G: 33.4707 | C: -13.8200 | WD: 15.8953
  [ 650/716] G: 32.6167 | C: -11.3375 | WD: 20.6168
  [ 700/716] G: 38.5594 | C: -7.7252 | WD:  8.2880

============================================================
Epoch 270/300 Summary:
  Generator Loss    : 33.7000
  Critic Loss       : -7.6762
  Wasserstein Dist  : 10.0934
  Quick SSIM Check  : 0.1555

────────────────────────────────────────────────────────────
Running validation...
  Validation SSIM   : 0.1644
  Target SSIM       : 0.6000
  Status            : ✗ Below target
────────────────────────────────────────────────────────────
============================================================


============================================================
Epoch 271/300
============================================================
  [   0/716] G: 31.8390 | C: -5.6801 | WD:  6.2417
  [  50/716] G: 32.9322 | C: -6.2939 | WD: 12.1289
  [ 100/716] G: 33.8684 | C: -3.9566 | WD:  9.6018
  [ 150/716] G: 31.7588 | C: -9.6166 | WD:  9.9173
  Saved sample images at batch 193500
  [ 200/716] G: 33.7561 | C: -9.2253 | WD: 10.0309
  [ 250/716] G: 34.2210 | C: -6.3875 | WD:  7.7328
  [ 300/716] G: 32.0380 | C: -10.7534 | WD: 13.8269
  [ 350/716] G: 34.2605 | C: -3.5257 | WD:  4.6735
  [ 400/716] G: 32.9652 | C: -2.7297 | WD:  3.5802
  [ 450/716] G: 34.2267 | C: -10.2966 | WD: 11.2449
  [ 500/716] G: 31.2149 | C: -6.8513 | WD:  7.1935
  [ 550/716] G: 33.6035 | C: -9.0624 | WD: 11.0123
  [ 600/716] G: 36.6741 | C: -5.5747 | WD:  7.3102
  [ 650/716] G: 35.3646 | C: -4.3670 | WD: 10.2510
  Saved sample images at batch 194000
  [ 700/716] G: 34.9356 | C: -6.7385 | WD:  9.8094

============================================================
Epoch 271/300 Summary:
  Generator Loss    : 33.9002
  Critic Loss       : -7.6088
  Wasserstein Dist  : 10.0267
  Quick SSIM Check  : 0.1545
  Last SSIM: 0.1644 (Best: 0.1689)
============================================================


============================================================
Epoch 272/300
============================================================
  [   0/716] G: 36.2509 | C: -8.6130 | WD:  9.1689
  [  50/716] G: 31.0305 | C: -8.5413 | WD:  9.2347
  [ 100/716] G: 36.2650 | C: -7.6765 | WD: 13.2091
  [ 150/716] G: 36.8657 | C: -6.7042 | WD:  8.7364
  [ 200/716] G: 32.7186 | C: -7.6778 | WD:  9.6142
  [ 250/716] G: 36.8140 | C: -9.8839 | WD: 10.9456
  [ 300/716] G: 33.8151 | C: -7.7661 | WD:  8.2169
  [ 350/716] G: 36.5819 | C: -6.7918 | WD:  9.1833
  [ 400/716] G: 36.0218 | C: -10.5757 | WD: 11.3751
  [ 450/716] G: 33.6568 | C: -9.1581 | WD: 10.1617
  Saved sample images at batch 194500
  [ 500/716] G: 33.5912 | C: -11.4960 | WD: 12.1037
  [ 550/716] G: 32.1195 | C: -9.5430 | WD: 10.1710
  [ 600/716] G: 31.3729 | C: -7.1648 | WD:  7.5273
  [ 650/716] G: 34.7282 | C: -9.5383 | WD: 10.3551
  [ 700/716] G: 33.4206 | C: -7.5685 | WD:  8.1616

============================================================
Epoch 272/300 Summary:
  Generator Loss    : 33.9899
  Critic Loss       : -7.7142
  Wasserstein Dist  : 10.1944
  Quick SSIM Check  : 0.1554
  Last SSIM: 0.1644 (Best: 0.1689)
============================================================


============================================================
Epoch 273/300
============================================================
  [   0/716] G: 31.8200 | C:  0.0577 | WD: 10.7318
  [  50/716] G: 34.4438 | C: -9.1413 | WD: 10.7592
  [ 100/716] G: 30.2614 | C: -11.0677 | WD: 12.7122
  [ 150/716] G: 36.9818 | C: -9.3587 | WD:  9.9445
  [ 200/716] G: 32.5733 | C: -7.7007 | WD:  9.4075
  Saved sample images at batch 195000
  [ 250/716] G: 31.2688 | C: -8.3640 | WD: 11.2582
  [ 300/716] G: 33.7859 | C: -3.7926 | WD:  6.9094
  [ 350/716] G: 36.5877 | C: -4.9608 | WD:  5.9052
  [ 400/716] G: 33.3045 | C: -5.0059 | WD:  7.0692
  [ 450/716] G: 34.0606 | C: -2.8351 | WD: 12.6406
  [ 500/716] G: 34.9040 | C: -1.0207 | WD:  3.2780
  [ 550/716] G: 36.0255 | C: -6.0713 | WD:  8.2566
  [ 600/716] G: 31.4328 | C: -7.3620 | WD: 10.8947
  [ 650/716] G: 30.5655 | C: -5.3258 | WD:  7.5343
  [ 700/716] G: 35.8741 | C: -11.8852 | WD: 13.2502

============================================================
Epoch 273/300 Summary:
  Generator Loss    : 33.8389
  Critic Loss       : -7.6277
  Wasserstein Dist  : 10.0353
  Quick SSIM Check  : 0.1585
  Last SSIM: 0.1644 (Best: 0.1689)
============================================================


============================================================
Epoch 274/300
============================================================
  [   0/716] G: 31.8788 | C: -4.3437 | WD: 11.2053
  Saved sample images at batch 195500
  [  50/716] G: 35.5429 | C: -2.7005 | WD:  7.1464
  [ 100/716] G: 32.9319 | C: -6.0511 | WD:  8.4832
  [ 150/716] G: 33.0427 | C: -7.4961 | WD:  9.1991
  [ 200/716] G: 35.9269 | C: -7.4908 | WD: 10.6420
  [ 250/716] G: 32.3002 | C: -12.3865 | WD: 15.0313
  [ 300/716] G: 34.3739 | C: -15.8060 | WD: 16.4865
  [ 350/716] G: 35.5532 | C: -10.8441 | WD: 13.2358
  [ 400/716] G: 36.2313 | C: -7.7823 | WD: 15.5683
  [ 450/716] G: 34.0146 | C: -11.5285 | WD: 14.9518
  [ 500/716] G: 35.4666 | C: -8.9188 | WD: 10.2278
  Saved sample images at batch 196000
  [ 550/716] G: 30.9582 | C: -14.3825 | WD: 15.1238
  [ 600/716] G: 31.2530 | C: -6.0303 | WD:  8.8474
  [ 650/716] G: 35.2738 | C: -9.7313 | WD: 10.0783
  [ 700/716] G: 34.9698 | C: -11.0946 | WD: 11.7867

============================================================
Epoch 274/300 Summary:
  Generator Loss    : 33.6597
  Critic Loss       : -7.7898
  Wasserstein Dist  : 10.2360
  Quick SSIM Check  : 0.1597
  Last SSIM: 0.1644 (Best: 0.1689)
============================================================


============================================================
Epoch 275/300
============================================================
  [   0/716] G: 37.4685 | C: -7.2408 | WD:  8.4695
  [  50/716] G: 35.0271 | C: -7.0755 | WD:  8.6614
  [ 100/716] G: 38.8584 | C: -11.4489 | WD: 12.4814
  [ 150/716] G: 33.4645 | C: -7.9223 | WD:  9.7277
  [ 200/716] G: 33.0898 | C: -7.4306 | WD:  8.9228
  [ 250/716] G: 37.0364 | C: -6.7702 | WD: 11.7777
  [ 300/716] G: 32.2874 | C: -11.5638 | WD: 14.0560
  Saved sample images at batch 196500
  [ 350/716] G: 33.2559 | C: -6.6316 | WD:  7.6451
  [ 400/716] G: 33.1571 | C: -8.9809 | WD: 10.2927
  [ 450/716] G: 32.0400 | C: -7.6762 | WD: 10.0496
  [ 500/716] G: 37.5517 | C: -7.2993 | WD:  8.2307
  [ 550/716] G: 36.0398 | C: -5.2225 | WD:  8.7693
  [ 600/716] G: 35.2309 | C: -7.2311 | WD: 10.7848
  [ 650/716] G: 33.1204 | C: -8.1413 | WD:  8.8734
  [ 700/716] G: 34.6977 | C: -4.0573 | WD:  4.9317

============================================================
Epoch 275/300 Summary:
  Generator Loss    : 34.2290
  Critic Loss       : -7.6657
  Wasserstein Dist  : 10.0604
  Quick SSIM Check  : 0.1532

────────────────────────────────────────────────────────────
Running validation...
  Validation SSIM   : 0.1578
  Target SSIM       : 0.6000
  Status            : ✗ Below target
────────────────────────────────────────────────────────────
============================================================


============================================================
Epoch 276/300
============================================================
  [   0/716] G: 35.8954 | C: -5.6342 | WD:  8.5615
  [  50/716] G: 37.6785 | C: -9.3121 | WD: 10.6661
  [ 100/716] G: 35.2618 | C: -5.7499 | WD:  6.7405
  Saved sample images at batch 197000
  [ 150/716] G: 33.8513 | C: -12.2211 | WD: 12.9654
  [ 200/716] G: 33.1354 | C: -5.3908 | WD:  7.3421
  [ 250/716] G: 36.6933 | C: -12.1836 | WD: 12.9246
  [ 300/716] G: 40.6024 | C: -8.1063 | WD: 10.8313
  [ 350/716] G: 39.3582 | C: -7.8058 | WD:  8.5734
  [ 400/716] G: 39.9608 | C: -4.6245 | WD:  6.4946
  [ 450/716] G: 35.4600 | C: -5.6536 | WD:  8.2473
  [ 500/716] G: 39.5866 | C: -6.5591 | WD:  7.9465
  [ 550/716] G: 36.3071 | C: -7.2661 | WD:  9.5554
  [ 600/716] G: 37.5237 | C: -7.1207 | WD:  7.9194
  Saved sample images at batch 197500
  [ 650/716] G: 33.7951 | C: -5.3352 | WD: 11.6643
  [ 700/716] G: 37.4259 | C: -11.1370 | WD: 12.2628

============================================================
Epoch 276/300 Summary:
  Generator Loss    : 35.7805
  Critic Loss       : -7.6541
  Wasserstein Dist  : 10.0794
  Quick SSIM Check  : 0.1561
  Last SSIM: 0.1578 (Best: 0.1689)
============================================================


============================================================
Epoch 277/300
============================================================
  [   0/716] G: 32.7479 | C: -7.0947 | WD: 13.8006
  [  50/716] G: 32.2559 | C: -16.9267 | WD: 18.4661
  [ 100/716] G: 35.1797 | C: -6.7451 | WD:  8.4984
  [ 150/716] G: 35.2049 | C: -5.8118 | WD:  7.8493
  [ 200/716] G: 35.4965 | C: -9.2196 | WD:  9.9081
  [ 250/716] G: 37.9383 | C: -7.4726 | WD: 10.0047
  [ 300/716] G: 38.5485 | C: -10.7446 | WD: 11.4700
  [ 350/716] G: 33.0577 | C: -6.2241 | WD: 10.3174
  Saved sample images at batch 198000
  [ 400/716] G: 36.9294 | C: -11.0710 | WD: 14.3758
  [ 450/716] G: 38.1787 | C: -9.6401 | WD: 11.4872
  [ 500/716] G: 35.4622 | C: -14.4795 | WD: 16.1416
  [ 550/716] G: 40.4460 | C: -10.1881 | WD: 11.2066
  [ 600/716] G: 36.3817 | C: -0.3306 | WD:  9.2530
  [ 650/716] G: 35.9706 | C: -5.7387 | WD:  9.6343
  [ 700/716] G: 36.7132 | C: -5.4640 | WD:  7.3210

============================================================
Epoch 277/300 Summary:
  Generator Loss    : 36.2249
  Critic Loss       : -7.7925
  Wasserstein Dist  : 10.2507
  Quick SSIM Check  : 0.1502
  Last SSIM: 0.1578 (Best: 0.1689)
============================================================


============================================================
Epoch 278/300
============================================================
  [   0/716] G: 39.0996 | C: -9.1671 | WD: 10.9518
  [  50/716] G: 36.8267 | C: -8.7000 | WD: 12.4439
  [ 100/716] G: 35.1006 | C: -8.5402 | WD:  9.2369
  [ 150/716] G: 35.1259 | C: -9.3646 | WD: 12.3139
  Saved sample images at batch 198500
  [ 200/716] G: 37.2198 | C: -6.5220 | WD:  8.3744
  [ 250/716] G: 38.1818 | C: -12.4248 | WD: 13.2294
  [ 300/716] G: 36.0618 | C: -10.0513 | WD: 15.2503
  [ 350/716] G: 37.6658 | C: -6.1037 | WD:  6.8533
  [ 400/716] G: 34.0322 | C: -9.7776 | WD: 10.8119
  [ 450/716] G: 37.7372 | C: -9.3004 | WD:  9.9305
  [ 500/716] G: 37.0580 | C: -12.4505 | WD: 13.8338
  [ 550/716] G: 40.3291 | C: -10.9542 | WD: 13.0963
  [ 600/716] G: 37.6811 | C: -8.5784 | WD:  8.6744
  [ 650/716] G: 38.9193 | C: -5.2351 | WD:  6.6065
  Saved sample images at batch 199000
  [ 700/716] G: 38.2262 | C: -5.0084 | WD: 12.6001

============================================================
Epoch 278/300 Summary:
  Generator Loss    : 37.7670
  Critic Loss       : -7.5311
  Wasserstein Dist  :  9.9090
  Quick SSIM Check  : 0.1585
  Last SSIM: 0.1578 (Best: 0.1689)
============================================================


============================================================
Epoch 279/300
============================================================
  [   0/716] G: 36.4139 | C: -9.7623 | WD: 10.8826
  [  50/716] G: 36.0155 | C: -9.3695 | WD: 11.2354
  [ 100/716] G: 36.9627 | C: -6.1298 | WD: 14.1138
  [ 150/716] G: 37.1775 | C: -9.0940 | WD: 10.2498
  [ 200/716] G: 37.7874 | C: -4.9100 | WD:  6.0806
  [ 250/716] G: 40.0684 | C: -4.2694 | WD:  4.7652
  [ 300/716] G: 37.5250 | C: -6.2289 | WD:  7.5136
  [ 350/716] G: 38.1946 | C: -7.6083 | WD:  8.4820
  [ 400/716] G: 34.6000 | C: -5.8067 | WD: 14.7703
  [ 450/716] G: 35.5209 | C: -9.7715 | WD: 10.6882
  Saved sample images at batch 199500
  [ 500/716] G: 35.5580 | C: -12.0976 | WD: 14.0511
  [ 550/716] G: 35.6540 | C: -7.1723 | WD:  9.4772
  [ 600/716] G: 39.1720 | C: -5.3495 | WD:  6.0999
  [ 650/716] G: 36.8972 | C: -11.0386 | WD: 11.7789
  [ 700/716] G: 39.7549 | C: -5.1321 | WD:  6.8672

============================================================
Epoch 279/300 Summary:
  Generator Loss    : 38.0052
  Critic Loss       : -7.6579
  Wasserstein Dist  : 10.0716
  Quick SSIM Check  : 0.1614
  Last SSIM: 0.1578 (Best: 0.1689)
============================================================


============================================================
Epoch 280/300
============================================================
  [   0/716] G: 39.8135 | C: -10.0426 | WD: 11.8021
  [  50/716] G: 39.4790 | C: -5.9773 | WD:  6.8467
  [ 100/716] G: 35.1401 | C: -5.1995 | WD:  7.8176
  [ 150/716] G: 38.0889 | C: -13.5249 | WD: 17.5160
  [ 200/716] G: 41.4700 | C: -4.8782 | WD:  8.3249
  Saved sample images at batch 200000
  [ 250/716] G: 37.2539 | C: -8.6272 | WD:  9.0919
  [ 300/716] G: 40.9774 | C: -7.6243 | WD:  8.9689
  [ 350/716] G: 38.8712 | C: -3.8562 | WD: 10.5086
  [ 400/716] G: 39.5000 | C: -7.5487 | WD:  8.4240
  [ 450/716] G: 39.0297 | C: -3.2849 | WD:  5.5468
  [ 500/716] G: 38.8042 | C: -2.4619 | WD: 10.3799
  [ 550/716] G: 36.3539 | C: -6.8708 | WD:  8.5322
  [ 600/716] G: 36.5858 | C: -9.0760 | WD: 12.0750
  [ 650/716] G: 38.9302 | C: -10.5572 | WD: 14.7861
  [ 700/716] G: 40.2771 | C: -11.3860 | WD: 12.8406

============================================================
Epoch 280/300 Summary:
  Generator Loss    : 38.6293
  Critic Loss       : -7.7079
  Wasserstein Dist  : 10.1586
  Quick SSIM Check  : 0.1604

────────────────────────────────────────────────────────────
Running validation...
  Validation SSIM   : 0.1630
  Target SSIM       : 0.6000
  Status            : ✗ Below target
────────────────────────────────────────────────────────────
============================================================

Checkpoint saved at epoch 280


============================================================
Epoch 281/300
============================================================
  [   0/716] G: 38.5146 | C: -4.6124 | WD:  6.8316
  Saved sample images at batch 200500
  [  50/716] G: 40.7998 | C: -5.9068 | WD:  7.6636
  [ 100/716] G: 38.1558 | C: -4.6088 | WD:  9.7124
  [ 150/716] G: 39.0700 | C: -8.6095 | WD: 10.5510
  [ 200/716] G: 39.7030 | C: -6.6487 | WD:  9.8521
  [ 250/716] G: 41.3172 | C: -6.5053 | WD: 12.9689
  [ 300/716] G: 38.0294 | C: -3.3164 | WD:  5.5942
  [ 350/716] G: 38.9175 | C: -9.6437 | WD: 12.6526
  [ 400/716] G: 37.4469 | C: -1.8409 | WD:  8.1352
  [ 450/716] G: 39.0172 | C: -6.3567 | WD:  7.9033
  [ 500/716] G: 39.5403 | C: -8.7252 | WD: 11.9189
  Saved sample images at batch 201000
  [ 550/716] G: 37.7212 | C: -6.3650 | WD:  8.8770
  [ 600/716] G: 38.9760 | C: -5.1055 | WD: 10.0484
  [ 650/716] G: 39.3079 | C: -13.2512 | WD: 13.7142
  [ 700/716] G: 38.7818 | C: -6.3305 | WD:  8.0444

============================================================
Epoch 281/300 Summary:
  Generator Loss    : 38.7828
  Critic Loss       : -7.6375
  Wasserstein Dist  : 10.0263
  Quick SSIM Check  : 0.1656
  Last SSIM: 0.1630 (Best: 0.1689)
============================================================


============================================================
Epoch 282/300
============================================================
  [   0/716] G: 42.4653 | C: -9.7290 | WD: 12.3488
  [  50/716] G: 42.9164 | C: -6.2509 | WD: 10.1039
  [ 100/716] G: 42.7245 | C: -7.5462 | WD: 10.4595
  [ 150/716] G: 38.9090 | C: -11.4006 | WD: 13.1296
  [ 200/716] G: 37.6850 | C: -4.8641 | WD:  7.7434
  [ 250/716] G: 40.1258 | C: -7.4520 | WD:  9.1397
  [ 300/716] G: 42.7303 | C: -2.7816 | WD:  5.3720
  Saved sample images at batch 201500
  [ 350/716] G: 35.1474 | C: -10.8076 | WD: 13.5407
  [ 400/716] G: 42.0623 | C: -5.3432 | WD: 10.0703
  [ 450/716] G: 38.8712 | C: -8.8972 | WD: 11.3839
  [ 500/716] G: 40.3703 | C: -2.6310 | WD:  8.3343
  [ 550/716] G: 38.7862 | C: -8.1595 | WD:  9.3512
  [ 600/716] G: 37.4204 | C: -8.2357 | WD:  9.3668
  [ 650/716] G: 42.6630 | C: -5.9122 | WD:  7.7151
  [ 700/716] G: 40.6431 | C: -6.0350 | WD:  7.9871

============================================================
Epoch 282/300 Summary:
  Generator Loss    : 39.5222
  Critic Loss       : -7.6527
  Wasserstein Dist  : 10.0731
  Quick SSIM Check  : 0.1586
  Last SSIM: 0.1630 (Best: 0.1689)
============================================================


============================================================
Epoch 283/300
============================================================
  [   0/716] G: 36.9640 | C: -11.2148 | WD: 14.6288
  [  50/716] G: 39.5083 | C: -8.9497 | WD: 11.0976
  Saved sample images at batch 202000
  [ 100/716] G: 40.6776 | C: -8.0667 | WD:  8.7470
  [ 150/716] G: 41.9765 | C: -9.2877 | WD: 15.1676
  [ 200/716] G: 41.5404 | C: -6.1315 | WD:  6.8620
  [ 250/716] G: 38.0148 | C: -9.7557 | WD: 11.3848
  [ 300/716] G: 40.0009 | C: -6.8968 | WD:  9.2240
  [ 350/716] G: 39.4276 | C: -5.0789 | WD:  6.7005
  [ 400/716] G: 39.4630 | C: -5.4871 | WD:  6.4968
  [ 450/716] G: 39.7966 | C: -4.6139 | WD: 11.3097
  [ 500/716] G: 39.0921 | C: -7.6965 | WD: 12.3344
  [ 550/716] G: 38.8628 | C: -5.3993 | WD:  7.8393
  Saved sample images at batch 202500
  [ 600/716] G: 41.5370 | C: -4.8867 | WD:  6.3651
  [ 650/716] G: 41.1730 | C: -8.7313 | WD: 11.8665
  [ 700/716] G: 37.5926 | C: -8.1239 | WD: 10.1657

============================================================
Epoch 283/300 Summary:
  Generator Loss    : 39.8377
  Critic Loss       : -7.5680
  Wasserstein Dist  :  9.9633
  Quick SSIM Check  : 0.1552
  Last SSIM: 0.1630 (Best: 0.1689)
============================================================


============================================================
Epoch 284/300
============================================================
  [   0/716] G: 38.8674 | C: -6.3099 | WD:  7.2727
  [  50/716] G: 41.9822 | C: -5.4297 | WD:  9.2116
  [ 100/716] G: 39.6602 | C: -6.7267 | WD: 10.7966
  [ 150/716] G: 46.4534 | C: -9.7793 | WD: 12.8712
  [ 200/716] G: 40.3018 | C: -7.4779 | WD:  7.7829
  [ 250/716] G: 41.9777 | C: -10.0697 | WD: 11.2505
  [ 300/716] G: 40.9098 | C: -5.2453 | WD: 10.2100
  [ 350/716] G: 40.7760 | C: -4.9864 | WD:  6.1085
  Saved sample images at batch 203000
  [ 400/716] G: 38.6025 | C: -6.4505 | WD:  8.6474
  [ 450/716] G: 39.2341 | C: -9.3240 | WD: 13.0992
  [ 500/716] G: 41.0238 | C: -7.2612 | WD:  8.9146
  [ 550/716] G: 46.7156 | C: -8.5734 | WD:  9.3424
  [ 600/716] G: 41.7374 | C: -9.2173 | WD: 11.4857
  [ 650/716] G: 41.8177 | C: -7.0641 | WD:  7.8289
  [ 700/716] G: 44.2152 | C: -5.0201 | WD:  9.2609

============================================================
Epoch 284/300 Summary:
  Generator Loss    : 41.0780
  Critic Loss       : -7.6708
  Wasserstein Dist  : 10.0692
  Quick SSIM Check  : 0.1465
  Last SSIM: 0.1630 (Best: 0.1689)
============================================================


============================================================
Epoch 285/300
============================================================
  [   0/716] G: 44.9109 | C: -10.3699 | WD: 12.1881
  [  50/716] G: 39.1901 | C: -7.6598 | WD:  8.7794
  [ 100/716] G: 41.1477 | C: -11.5756 | WD: 14.1663
  [ 150/716] G: 39.6465 | C: -7.3823 | WD: 14.5693
  Saved sample images at batch 203500
  [ 200/716] G: 40.9896 | C: -7.1067 | WD:  8.0167
  [ 250/716] G: 39.5073 | C: -9.8723 | WD: 12.6107
  [ 300/716] G: 40.7788 | C: -6.0989 | WD:  8.3474
  [ 350/716] G: 42.4918 | C: -8.4756 | WD: 13.2061
  [ 400/716] G: 43.0744 | C: -1.4514 | WD:  6.3848
  [ 450/716] G: 41.8371 | C: -8.1217 | WD: 11.5654
  [ 500/716] G: 45.7192 | C: -5.8277 | WD:  6.8200
  [ 550/716] G: 43.3991 | C: -6.5461 | WD: 10.2496
  [ 600/716] G: 43.4134 | C: -7.4113 | WD:  9.2505
  [ 650/716] G: 44.0483 | C: -11.7505 | WD: 15.5850
  Saved sample images at batch 204000
  [ 700/716] G: 43.0945 | C: -8.6708 | WD:  9.1626

============================================================
Epoch 285/300 Summary:
  Generator Loss    : 42.2360
  Critic Loss       : -7.6684
  Wasserstein Dist  : 10.0691
  Quick SSIM Check  : 0.1582

────────────────────────────────────────────────────────────
Running validation...
  Validation SSIM   : 0.1559
  Target SSIM       : 0.6000
  Status            : ✗ Below target
────────────────────────────────────────────────────────────
============================================================


============================================================
Epoch 286/300
============================================================
  [   0/716] G: 41.4063 | C: -6.2169 | WD:  9.3390
  [  50/716] G: 45.2229 | C: -4.8816 | WD:  8.8954
  [ 100/716] G: 40.6813 | C: -7.6395 | WD:  9.4181
  [ 150/716] G: 45.4617 | C: -8.6472 | WD: 11.9084
  [ 200/716] G: 42.6177 | C: -12.0979 | WD: 15.0528
  [ 250/716] G: 41.4674 | C: -6.7902 | WD:  7.6433
  [ 300/716] G: 45.4463 | C: -5.7017 | WD:  8.4441
  [ 350/716] G: 44.7083 | C: -4.5086 | WD:  8.5726
  [ 400/716] G: 41.1286 | C: -4.8107 | WD:  5.3525
  Saved sample images at batch 204500
  [ 450/716] G: 46.7196 | C: -8.5067 | WD: 10.2173
  [ 500/716] G: 41.0102 | C: -9.8039 | WD: 12.3224
  [ 550/716] G: 43.2934 | C: -10.9567 | WD: 12.6910
  [ 600/716] G: 42.6598 | C: -7.4102 | WD:  9.1226
  [ 650/716] G: 43.5259 | C: -7.3370 | WD: 10.4433
  [ 700/716] G: 44.5650 | C: -6.5642 | WD: 10.8098

============================================================
Epoch 286/300 Summary:
  Generator Loss    : 42.9756
  Critic Loss       : -7.5410
  Wasserstein Dist  :  9.9783
  Quick SSIM Check  : 0.1587
  Last SSIM: 0.1559 (Best: 0.1689)
============================================================


============================================================
Epoch 287/300
============================================================
  [   0/716] G: 40.9040 | C: -9.2646 | WD: 15.1366
  [  50/716] G: 43.7148 | C: -10.1738 | WD: 11.9528
  [ 100/716] G: 45.5767 | C: -3.8751 | WD:  7.2345
  [ 150/716] G: 40.8669 | C: -11.0149 | WD: 11.5126
  [ 200/716] G: 41.7050 | C: -9.6590 | WD: 11.0476
  Saved sample images at batch 205000
  [ 250/716] G: 42.1406 | C: -9.5754 | WD: 10.1443
  [ 300/716] G: 42.8358 | C: -6.0554 | WD: 18.6286
  [ 350/716] G: 41.6688 | C: -10.7402 | WD: 11.9976
  [ 400/716] G: 41.1126 | C: -7.1134 | WD:  8.3501
  [ 450/716] G: 45.3232 | C: -4.9103 | WD: 10.0710
  [ 500/716] G: 42.9407 | C: -7.7144 | WD:  8.3549
  [ 550/716] G: 45.9853 | C: -11.9340 | WD: 14.8124
  [ 600/716] G: 42.9553 | C: -4.7699 | WD:  7.4701
  [ 650/716] G: 44.1432 | C: -9.0341 | WD: 11.2352
  [ 700/716] G: 44.7002 | C: -10.0609 | WD: 13.2121

============================================================
Epoch 287/300 Summary:
  Generator Loss    : 43.2299
  Critic Loss       : -7.5983
  Wasserstein Dist  :  9.9970
  Quick SSIM Check  : 0.1611
  Last SSIM: 0.1559 (Best: 0.1689)
============================================================


============================================================
Epoch 288/300
============================================================
  [   0/716] G: 43.3120 | C: -2.9829 | WD: 12.7767
  Saved sample images at batch 205500
  [  50/716] G: 44.6274 | C: -4.4417 | WD:  7.2305
  [ 100/716] G: 42.1508 | C: -6.8450 | WD: 11.6660
  [ 150/716] G: 45.5836 | C: -8.0368 | WD: 10.2876
  [ 200/716] G: 45.0004 | C: -4.1896 | WD:  7.1406
  [ 250/716] G: 45.9167 | C: -10.1881 | WD: 13.3357
  [ 300/716] G: 42.2858 | C: -5.6332 | WD: 10.3203
  [ 350/716] G: 43.0930 | C: -7.6510 | WD:  7.8778
  [ 400/716] G: 45.7219 | C: -0.6630 | WD: 10.6166
  [ 450/716] G: 42.0984 | C: -4.6255 | WD:  5.7552
  [ 500/716] G: 42.2311 | C: -10.4566 | WD: 11.8691
  Saved sample images at batch 206000
  [ 550/716] G: 41.2650 | C: -12.1671 | WD: 13.0849
  [ 600/716] G: 46.3612 | C: -6.3687 | WD: 12.8154
  [ 650/716] G: 45.9988 | C: -10.7734 | WD: 12.5104
  [ 700/716] G: 41.3773 | C: -8.0513 | WD:  8.9708

============================================================
Epoch 288/300 Summary:
  Generator Loss    : 43.4253
  Critic Loss       : -7.5955
  Wasserstein Dist  : 10.0531
  Quick SSIM Check  : 0.1621
  Last SSIM: 0.1559 (Best: 0.1689)
============================================================


============================================================
Epoch 289/300
============================================================
  [   0/716] G: 43.5718 | C: -3.5929 | WD:  8.8968
  [  50/716] G: 45.3441 | C: -8.5485 | WD:  9.2238
  [ 100/716] G: 42.5613 | C: -9.8159 | WD: 13.5217
  [ 150/716] G: 43.8328 | C: -6.5875 | WD:  8.7324
  [ 200/716] G: 43.1525 | C: -7.9753 | WD: 12.9683
  [ 250/716] G: 48.6015 | C: -6.0478 | WD: 13.8536
  Saved sample images at batch 206500
  [ 300/716] G: 40.1448 | C: -6.7766 | WD:  9.3639
  [ 350/716] G: 40.7418 | C: -3.0584 | WD: 13.1105
  [ 400/716] G: 48.7293 | C: -2.2144 | WD:  9.0992
  [ 450/716] G: 46.2275 | C: -8.2509 | WD:  9.1558
  [ 500/716] G: 41.8332 | C: -7.1210 | WD: 12.8135
  [ 550/716] G: 43.1451 | C: -7.6223 | WD: 10.1183
  [ 600/716] G: 42.5624 | C: -9.7311 | WD: 11.0446
  [ 650/716] G: 42.4890 | C: -8.1227 | WD:  9.0275
  [ 700/716] G: 41.5636 | C: -8.8016 | WD: 10.9299

============================================================
Epoch 289/300 Summary:
  Generator Loss    : 43.4087
  Critic Loss       : -7.5480
  Wasserstein Dist  :  9.9508
  Quick SSIM Check  : 0.1541
  Last SSIM: 0.1559 (Best: 0.1689)
============================================================


============================================================
Epoch 290/300
============================================================
  [   0/716] G: 42.4447 | C: -8.1474 | WD:  8.8801
  [  50/716] G: 46.6826 | C: -6.4733 | WD:  7.0880
  Saved sample images at batch 207000
  [ 100/716] G: 43.7124 | C: -4.0676 | WD:  4.9557
  [ 150/716] G: 41.7156 | C: -10.1334 | WD: 13.4678
  [ 200/716] G: 43.9198 | C: -8.6618 | WD: 10.3529
  [ 250/716] G: 46.2766 | C: -5.8270 | WD:  6.1510
  [ 300/716] G: 48.7422 | C: -7.8937 | WD:  8.9251
  [ 350/716] G: 46.4772 | C: -7.4562 | WD:  8.5089
  [ 400/716] G: 46.0006 | C: -9.1944 | WD:  9.5836
  [ 450/716] G: 43.1890 | C: -10.2095 | WD: 13.4829
  [ 500/716] G: 45.7005 | C: -0.5399 | WD:  5.9082
  [ 550/716] G: 43.4369 | C: -20.7605 | WD: 21.6792
  Saved sample images at batch 207500
  [ 600/716] G: 46.3785 | C: -4.8252 | WD: 11.0613
  [ 650/716] G: 41.1874 | C: -8.1453 | WD: 11.0212
  [ 700/716] G: 44.3532 | C: -7.2061 | WD:  8.5269

============================================================
Epoch 290/300 Summary:
  Generator Loss    : 44.8440
  Critic Loss       : -7.6478
  Wasserstein Dist  : 10.0928
  Quick SSIM Check  : 0.1604

────────────────────────────────────────────────────────────
Running validation...
  Validation SSIM   : 0.1637
  Target SSIM       : 0.6000
  Status            : ✗ Below target
────────────────────────────────────────────────────────────
============================================================


============================================================
Epoch 291/300
============================================================
  [   0/716] G: 44.1341 | C: -10.1165 | WD: 13.6297
  [  50/716] G: 42.8809 | C: -6.3062 | WD:  9.3034
  [ 100/716] G: 42.4944 | C: -11.2711 | WD: 12.3167
  [ 150/716] G: 43.3306 | C: -9.0567 | WD: 10.3864
  [ 200/716] G: 45.0484 | C: -6.4479 | WD:  8.4973
  [ 250/716] G: 44.8759 | C: -7.1349 | WD:  7.7716
  [ 300/716] G: 45.0905 | C: -7.0154 | WD:  7.5844
  [ 350/716] G: 48.1178 | C: -10.5123 | WD: 11.0801
  Saved sample images at batch 208000
  [ 400/716] G: 40.6384 | C: -10.0732 | WD: 11.6631
  [ 450/716] G: 43.2758 | C: -12.7656 | WD: 14.0936
  [ 500/716] G: 44.4388 | C: -8.6279 | WD: 10.2769
  [ 550/716] G: 42.0033 | C: -12.2183 | WD: 13.0509
  [ 600/716] G: 46.1514 | C: -8.3332 | WD:  9.3373
  [ 650/716] G: 42.2242 | C: -6.2014 | WD:  6.9395
  [ 700/716] G: 44.4061 | C: -9.5794 | WD: 10.8801

============================================================
Epoch 291/300 Summary:
  Generator Loss    : 44.2764
  Critic Loss       : -7.5179
  Wasserstein Dist  :  9.9057
  Quick SSIM Check  : 0.1463
  Last SSIM: 0.1637 (Best: 0.1689)
============================================================


============================================================
Epoch 292/300
============================================================
  [   0/716] G: 41.9775 | C: -4.0508 | WD:  8.0532
  [  50/716] G: 42.6694 | C: -5.2363 | WD:  7.6676
  [ 100/716] G: 47.0022 | C: -6.4150 | WD: 10.0543
  Saved sample images at batch 208500
  [ 150/716] G: 43.8372 | C: -6.9348 | WD:  8.5259
  [ 200/716] G: 37.2872 | C: -14.6775 | WD: 15.5301
  [ 250/716] G: 43.8349 | C: -6.0290 | WD:  9.2853
  [ 300/716] G: 46.0162 | C: -9.1428 | WD: 10.6452
  [ 350/716] G: 44.1927 | C: -2.4047 | WD:  4.6929
  [ 400/716] G: 43.1965 | C: -5.6375 | WD:  7.4485
  [ 450/716] G: 47.0890 | C: -6.4150 | WD:  6.6285
  [ 500/716] G: 44.9208 | C: -7.7239 | WD:  8.8906
  [ 550/716] G: 43.3771 | C: -5.4116 | WD: 11.1995
  [ 600/716] G: 43.7938 | C: -3.8436 | WD:  5.4158
  Saved sample images at batch 209000
  [ 650/716] G: 46.9943 | C: -11.8799 | WD: 14.1308
  [ 700/716] G: 46.7133 | C: -6.8665 | WD:  8.9592

============================================================
Epoch 292/300 Summary:
  Generator Loss    : 44.3878
  Critic Loss       : -7.7334
  Wasserstein Dist  : 10.1810
  Quick SSIM Check  : 0.1641
  Last SSIM: 0.1637 (Best: 0.1689)
============================================================


============================================================
Epoch 293/300
============================================================
  [   0/716] G: 46.7607 | C: -6.9031 | WD: 10.1984
  [  50/716] G: 43.6953 | C: -9.2159 | WD: 12.7166
  [ 100/716] G: 42.2956 | C: -6.3593 | WD: 15.7915
  [ 150/716] G: 46.4361 | C: -9.7165 | WD: 11.5552
  [ 200/716] G: 41.0139 | C: -13.7543 | WD: 15.9104
  [ 250/716] G: 44.0458 | C: -7.1244 | WD:  9.3297
  [ 300/716] G: 43.6751 | C: -7.4451 | WD:  7.8512
  [ 350/716] G: 47.4306 | C: -11.5955 | WD: 12.1643
  [ 400/716] G: 42.0962 | C: -11.6348 | WD: 15.0470
  Saved sample images at batch 209500
  [ 450/716] G: 43.9166 | C: -7.3503 | WD:  8.4587
  [ 500/716] G: 47.0976 | C: -8.0860 | WD:  8.3391
  [ 550/716] G: 44.2640 | C: -7.9884 | WD:  9.2832
  [ 600/716] G: 42.8792 | C: -4.4068 | WD:  6.2035
  [ 650/716] G: 42.3391 | C: -8.0814 | WD: 12.4341
  [ 700/716] G: 43.3598 | C: -10.5121 | WD: 11.8090

============================================================
Epoch 293/300 Summary:
  Generator Loss    : 44.4500
  Critic Loss       : -7.4714
  Wasserstein Dist  :  9.8499
  Quick SSIM Check  : 0.1655
  Last SSIM: 0.1637 (Best: 0.1689)
============================================================


============================================================
Epoch 294/300
============================================================
  [   0/716] G: 45.0284 | C: -8.0890 | WD:  9.6377
  [  50/716] G: 43.5412 | C: -7.3521 | WD: 10.1013
  [ 100/716] G: 43.8956 | C: -9.1107 | WD: 10.7225
  [ 150/716] G: 43.2133 | C: -6.6212 | WD: 13.4686
  [ 200/716] G: 42.9945 | C: -7.4914 | WD:  8.6256
  Saved sample images at batch 210000
  [ 250/716] G: 44.0668 | C: -7.3019 | WD: 10.0265
  [ 300/716] G: 45.1946 | C: -6.4668 | WD:  8.0612
  [ 350/716] G: 43.1831 | C: -11.1068 | WD: 12.2002
  [ 400/716] G: 43.7343 | C: -3.6593 | WD: 12.4139
  [ 450/716] G: 45.7422 | C: -5.7884 | WD: 10.8422
  [ 500/716] G: 41.2893 | C: -15.0827 | WD: 15.7588
  [ 550/716] G: 42.7760 | C: -7.8761 | WD:  8.6532
  [ 600/716] G: 44.8463 | C: -9.7654 | WD: 10.1095
  [ 650/716] G: 44.8570 | C: -7.2782 | WD:  8.5683
  [ 700/716] G: 47.6460 | C: -5.6858 | WD:  6.4718
  Saved sample images at batch 210500

============================================================
Epoch 294/300 Summary:
  Generator Loss    : 45.0049
  Critic Loss       : -7.6046
  Wasserstein Dist  : 10.0124
  Quick SSIM Check  : 0.1480
  Last SSIM: 0.1637 (Best: 0.1689)
============================================================


============================================================
Epoch 295/300
============================================================
  [   0/716] G: 42.7225 | C: -9.7034 | WD: 11.2508
  [  50/716] G: 45.5837 | C: -8.9883 | WD: 10.4714
  [ 100/716] G: 45.1642 | C: -7.6484 | WD:  9.0483
  [ 150/716] G: 46.5857 | C: -8.9016 | WD: 12.1932
  [ 200/716] G: 48.5847 | C: -2.5717 | WD: 14.2508
  [ 250/716] G: 52.0695 | C: -7.7268 | WD: 10.1724
  [ 300/716] G: 47.8120 | C: -3.5235 | WD:  8.0309
  [ 350/716] G: 43.4154 | C: -4.4402 | WD: 15.6105
  [ 400/716] G: 43.6916 | C: -2.6122 | WD:  4.5684
  [ 450/716] G: 47.0942 | C: -7.8660 | WD: 10.9150
  Saved sample images at batch 211000
  [ 500/716] G: 46.8687 | C: -8.0695 | WD: 10.4930
  [ 550/716] G: 47.1717 | C: -7.6183 | WD:  9.6494
  [ 600/716] G: 46.3595 | C: -7.7514 | WD:  9.4448
  [ 650/716] G: 47.4281 | C: -11.7250 | WD: 15.7690
  [ 700/716] G: 46.5440 | C: -9.3208 | WD: 11.0209

============================================================
Epoch 295/300 Summary:
  Generator Loss    : 46.2782
  Critic Loss       : -7.5872
  Wasserstein Dist  : 10.0076
  Quick SSIM Check  : 0.1578

────────────────────────────────────────────────────────────
Running validation...
  Validation SSIM   : 0.1575
  Target SSIM       : 0.6000
  Status            : ✗ Below target
────────────────────────────────────────────────────────────
============================================================


============================================================
Epoch 296/300
============================================================
  [   0/716] G: 44.7558 | C: -8.1674 | WD:  9.7092
  [  50/716] G: 49.1853 | C: -7.2291 | WD:  8.8718
  [ 100/716] G: 45.3063 | C: -6.3753 | WD:  7.5984
  [ 150/716] G: 43.6082 | C: -12.7049 | WD: 13.5474
  [ 200/716] G: 45.7459 | C: -11.0665 | WD: 11.5185
  [ 250/716] G: 43.7445 | C: -9.8157 | WD: 14.6501
  Saved sample images at batch 211500
  [ 300/716] G: 46.2200 | C: -9.4293 | WD:  9.9521
  [ 350/716] G: 46.5100 | C: -6.5951 | WD: 10.6744
  [ 400/716] G: 48.2645 | C: -8.7996 | WD: 10.1769
  [ 450/716] G: 44.1905 | C: -5.6646 | WD: 10.1208
  [ 500/716] G: 43.9350 | C: -4.9747 | WD:  6.5133
  [ 550/716] G: 45.5684 | C: -7.6488 | WD:  8.6737
  [ 600/716] G: 48.2291 | C: -2.3363 | WD:  5.2158
  [ 650/716] G: 45.1214 | C: -1.7071 | WD: 12.7450
  [ 700/716] G: 41.5216 | C: -10.5392 | WD: 12.0466

============================================================
Epoch 296/300 Summary:
  Generator Loss    : 45.4261
  Critic Loss       : -7.5978
  Wasserstein Dist  :  9.9894
  Quick SSIM Check  : 0.1590
  Last SSIM: 0.1575 (Best: 0.1689)
============================================================


============================================================
Epoch 297/300
============================================================
  [   0/716] G: 43.0566 | C: -7.8123 | WD:  8.6824
  [  50/716] G: 44.6758 | C: -6.2480 | WD:  7.3406
  Saved sample images at batch 212000
  [ 100/716] G: 46.5309 | C: -9.6729 | WD: 11.7197
  [ 150/716] G: 44.2190 | C: -10.1891 | WD: 14.3631
  [ 200/716] G: 45.2515 | C: -5.8658 | WD:  6.2979
  [ 250/716] G: 45.1215 | C: -5.1136 | WD:  5.3316
  [ 300/716] G: 44.3711 | C: -10.1620 | WD: 11.3770
  [ 350/716] G: 42.2500 | C: -5.2946 | WD:  9.3872
  [ 400/716] G: 45.2484 | C: -10.8254 | WD: 11.9645
  [ 450/716] G: 40.7965 | C: -5.0680 | WD:  5.3577
  [ 500/716] G: 43.8780 | C: -7.0089 | WD: 10.3684
  [ 550/716] G: 42.8634 | C: -8.6665 | WD:  9.4117
  Saved sample images at batch 212500
  [ 600/716] G: 43.6549 | C: -5.6882 | WD:  7.8461
  [ 650/716] G: 44.1221 | C: -4.9951 | WD:  7.2361
  [ 700/716] G: 44.6649 | C: -5.6547 | WD:  7.5198

============================================================
Epoch 297/300 Summary:
  Generator Loss    : 44.3909
  Critic Loss       : -7.5132
  Wasserstein Dist  :  9.8616
  Quick SSIM Check  : 0.1577
  Last SSIM: 0.1575 (Best: 0.1689)
============================================================


============================================================
Epoch 298/300
============================================================
  [   0/716] G: 43.7378 | C: -9.2723 | WD: 14.3507
  [  50/716] G: 44.5081 | C: -5.0518 | WD:  7.0065
  [ 100/716] G: 44.0037 | C: -9.8867 | WD: 12.9090
  [ 150/716] G: 48.1419 | C: -11.3321 | WD: 13.4274
  [ 200/716] G: 48.2262 | C: -7.7796 | WD: 10.8040
  [ 250/716] G: 44.6902 | C: -9.7002 | WD: 12.9100
  [ 300/716] G: 44.8070 | C: -10.3024 | WD: 13.5772
  Saved sample images at batch 213000
  [ 350/716] G: 48.2307 | C: -9.4402 | WD:  9.7910
  [ 400/716] G: 43.6806 | C: -11.9962 | WD: 12.5793
  [ 450/716] G: 44.0715 | C: -6.6666 | WD:  8.4383
  [ 500/716] G: 46.4349 | C: -11.3623 | WD: 11.6847
  [ 550/716] G: 45.6570 | C: -6.7339 | WD:  7.2925
  [ 600/716] G: 45.7722 | C: -5.4189 | WD: 11.5450
  [ 650/716] G: 48.5253 | C: -8.6116 | WD:  9.9340
  [ 700/716] G: 48.1694 | C: -1.9156 | WD:  6.9688

============================================================
Epoch 298/300 Summary:
  Generator Loss    : 45.3033
  Critic Loss       : -7.6594
  Wasserstein Dist  : 10.0646
  Quick SSIM Check  : 0.1522
  Last SSIM: 0.1575 (Best: 0.1689)
============================================================


============================================================
Epoch 299/300
============================================================
  [   0/716] G: 48.0889 | C: -5.1075 | WD: 13.7545
  [  50/716] G: 49.5534 | C: -7.4008 | WD:  9.2365
  [ 100/716] G: 47.9483 | C: -11.1374 | WD: 13.1423
  Saved sample images at batch 213500
  [ 150/716] G: 43.7591 | C: -8.7192 | WD: 11.0234
  [ 200/716] G: 45.9288 | C: -6.7198 | WD:  7.2119
  [ 250/716] G: 48.6703 | C: -8.4435 | WD: 11.7998
  [ 300/716] G: 46.4227 | C: -11.4830 | WD: 15.1587
  [ 350/716] G: 45.5187 | C: -8.3599 | WD: 11.0484
  [ 400/716] G: 47.2155 | C: -5.7474 | WD: 10.3087
  [ 450/716] G: 44.9349 | C: -6.3818 | WD: 11.0043
  [ 500/716] G: 43.4245 | C: -10.6409 | WD: 13.9566
  [ 550/716] G: 44.1884 | C: -8.4485 | WD: 11.1684
  [ 600/716] G: 46.9088 | C: -8.8502 | WD: 12.3194
  Saved sample images at batch 214000
  [ 650/716] G: 47.6087 | C: -8.1425 | WD: 10.8609
  [ 700/716] G: 48.1449 | C: -7.7804 | WD: 12.5492

============================================================
Epoch 299/300 Summary:
  Generator Loss    : 46.4827
  Critic Loss       : -7.6707
  Wasserstein Dist  : 10.1220
  Quick SSIM Check  : 0.1521
  Last SSIM: 0.1575 (Best: 0.1689)
============================================================


============================================================
Epoch 300/300
============================================================
  [   0/716] G: 48.6428 | C: -5.7425 | WD:  9.7722
  [  50/716] G: 43.4011 | C: -7.3643 | WD: 10.7334
  [ 100/716] G: 45.2354 | C: -12.5051 | WD: 14.9282
  [ 150/716] G: 48.5885 | C: -8.1896 | WD:  8.8907
  [ 200/716] G: 43.2073 | C: -8.4831 | WD:  9.6638
  [ 250/716] G: 45.2443 | C: -5.7736 | WD:  8.5546
  [ 300/716] G: 49.0384 | C: -4.2094 | WD:  6.3527
  [ 350/716] G: 48.1607 | C: -8.0690 | WD: 12.5226
  [ 400/716] G: 47.4834 | C: -5.2018 | WD:  5.4550
  Saved sample images at batch 214500
  [ 450/716] G: 48.2383 | C: -9.7557 | WD: 11.1538
  [ 500/716] G: 45.3491 | C: -12.1705 | WD: 12.4830
  [ 550/716] G: 49.2982 | C: -8.0269 | WD: 10.2166
  [ 600/716] G: 42.5214 | C: -8.4524 | WD:  9.9672
  [ 650/716] G: 46.5692 | C: -7.0935 | WD:  7.3674
  [ 700/716] G: 45.8385 | C: -12.3668 | WD: 13.1922

============================================================
Epoch 300/300 Summary:
  Generator Loss    : 46.2125
  Critic Loss       : -7.5170
  Wasserstein Dist  :  9.8805
  Quick SSIM Check  : 0.1512

────────────────────────────────────────────────────────────
Running validation...
  Validation SSIM   : 0.1531
  Target SSIM       : 0.6000
  Status            : ✗ Below target
────────────────────────────────────────────────────────────
============================================================

Checkpoint saved at epoch 300


Generating training plots...
Training curves saved to outputs/training_curves.png

==================================================
Testing best model...
==================================================
Traceback (most recent call last):
  File "/home/Student/s4743593/hipmri-gan-47435933/train.py", line 437, in <module>
    checkpoint = torch.load('checkpoints/best_model.pth')
  File "/home/Student/s4743593/miniconda3/envs/torch/lib/python3.13/site-packages/torch/serialization.py", line 1524, in load
    raise pickle.UnpicklingError(_get_wo_message(str(e))) from None
_pickle.UnpicklingError: Weights only load failed. This file can still be loaded, to do so you have two options, [1mdo those steps only if you trust the source of the checkpoint[0m. 
	(1) In PyTorch 2.6, we changed the default value of the `weights_only` argument in `torch.load` from `False` to `True`. Re-running `torch.load` with `weights_only` set to `False` will likely succeed, but it can result in arbitrary code execution. Do it only if you got the file from a trusted source.
	(2) Alternatively, to load with `weights_only=True` please check the recommended steps in the following error message.
	WeightsUnpickler error: Unsupported global: GLOBAL numpy._core.multiarray.scalar was not an allowed global by default. Please use `torch.serialization.add_safe_globals([numpy._core.multiarray.scalar])` or the `torch.serialization.safe_globals([numpy._core.multiarray.scalar])` context manager to allowlist this global if you trust this class/function.

Check the documentation of torch.load to learn more about types accepted by default with weights_only https://pytorch.org/docs/stable/generated/torch.load.html.
============================================================
WGAN-GP TRAINED MODEL - PREDICTION AND VISUALIZATION
============================================================
Device: cuda

Loading trained model...
Model validation SSIM: 0.1689
Trained for 180 epochs
Model loaded from: checkpoints/best_model.pth

Training History Summary:
  Total epochs: 300
  Final G Loss: 46.2125
  Final C Loss: -7.5170
  Best Val SSIM: 0.1689

============================================================
GENERATING RANDOM SAMPLES
============================================================
Generated 64 images
Image shape: torch.Size([64, 1, 128, 128])
Image range: [-1.000, 0.970]
Saved grid visualization to: outputs/generated_samples_grid.png

============================================================
LATENT SPACE INTERPOLATION
============================================================
Created 10 interpolated images
Saved interpolation to: outputs/latent_interpolation.png

============================================================
COMPARISON WITH REAL IMAGES
============================================================
Scanning directory: /home/Student/s4743593/hipmri-gan-47435933/keras_slices_data/keras_slices_test
Found 540 NIfTI files, extracting 2D slices...
Found 540 valid 2D slices in /home/Student/s4743593/hipmri-gan-47435933/keras_slices_data/keras_slices_test
Loaded 16 real test images

SSIM Statistics:
  Mean: 0.1789
  Std:  0.0468
  Min:  0.1292
  Max:  0.2810
  Target threshold (0.6): NOT ACHIEVED ✗
Saved comparison to: outputs/real_vs_generated.png

============================================================
SAVING HIGH-QUALITY INDIVIDUAL SAMPLES
============================================================
Saved 10 individual samples to: outputs/individual_samples/

============================================================
GENERATING STATISTICS VISUALIZATION
============================================================
Saved statistics to: outputs/intensity_statistics.png

============================================================
PREDICTION COMPLETE - SUMMARY
============================================================

Generated outputs:
  1. Random samples grid: outputs/generated_samples_grid.png
  2. Latent interpolation: outputs/latent_interpolation.png
  3. Real vs Generated: outputs/real_vs_generated.png
  4. Individual samples: outputs/individual_samples/ (10 images)
  5. Intensity statistics: outputs/intensity_statistics.png

Model Performance:
  Average SSIM: 0.1789
  SSIM threshold (0.6): ✗ NOT ACHIEVED
  Image quality: Needs improvement

============================================================
All visualizations saved successfully!
============================================================
